ID,Date,City,Street,SKU,Units,Cost_Per_Unit
POS-00000,2023-05-10,Pokhara-Lakeside,Baidam Street 6,Solar-Battery,3,2658.370481416014
POS-00001,2023-08-21,Biratnagar-Main,Hospital Rd,Drone-HD,3,4929.476412806122
POS-00002,2023-08-14,Butwal-Chowk,Traffic Chowk E,Drone-HD,9,1407.0563984671614
POS-00003,2023-12-06,Pokhara-Lakeside,Baidam Street 6,VR-Headset,1,792.3358011874482
POS-00004,2023-07-04,Pokhara-Lakeside,Baidam Street 6,4K-TV,1,1093.7110019573006
POS-00005,2023-12-10,Pokhara-Lakeside,Baidam Street 6,Smart-Hub,7,3549.9108285440016
POS-00006,2023-06-03,Lalitpur-Patan,Pulchowk Rd,VR-Headset,1,3599.621567800558
POS-00007,2023-01-07,Biratnagar-Main,Hospital Rd,4K-TV,8,4609.518561989595
POS-00008,2023-09-17,Butwal-Chowk,Traffic Chowk E,Smart-Hub,8,4739.505463881865
POS-00009,2023-12-24,Lalitpur-Patan,Pulchowk Rd,Drone-HD,8,2487.4732643791745
POS-00010,2023-07-22,Biratnagar-Main,Hospital Rd,Gaming-Console,1,3431.4848384574716
POS-00011,2023-02-21,Butwal-Chowk,Traffic Chowk E,Smart-Hub,5,2804.8394497714667
POS-00012,2023-01-31,Pokhara-Lakeside,Baidam Street 6,Gaming-Console,7,3343.8545878703726
POS-00013,2023-06-27,Lalitpur-Patan,Pulchowk Rd,Smart-Hub,1,2479.026514011442
POS-00014,2023-08-09,Biratnagar-Main,Hospital Rd,4K-TV,4,4987.908647910943
POS-00015,2023-03-04,Biratnagar-Main,Hospital Rd,Drone-HD,3,1784.3946036534455
POS-00016,2023-10-26,Biratnagar-Main,Hospital Rd,Gaming-Console,8,2962.606752475464
POS-00017,2023-12-21,Lalitpur-Patan,Pulchowk Rd,VR-Headset,6,2642.9926631287713
POS-00018,2023-02-28,Lalitpur-Patan,Pulchowk Rd,Solar-Battery,9,2114.725411142881
POS-00019,2023-02-13,Biratnagar-Main,Hospital Rd,Drone-HD,7,914.1198151591012
POS-00020,2023-03-22,Biratnagar-Main,Hospital Rd,VR-Headset,1,1372.8083185728606
POS-00021,2023-03-12,Pokhara-Lakeside,Baidam Street 6,Solar-Battery,9,2081.8739282658125
POS-00022,2023-04-08,Biratnagar-Main,Hospital Rd,Drone-HD,6,3826.77659361801
POS-00023,2023-12-21,Butwal-Chowk,Traffic Chowk E,Solar-Battery,6,291.0520374861138
POS-00024,2023-03-30,Butwal-Chowk,Traffic Chowk E,4K-TV,7,4618.229742896175
POS-00025,2023-10-11,Biratnagar-Main,Hospital Rd,Drone-HD,8,1386.9729876266044
POS-00026,2023-04-28,Lalitpur-Patan,Pulchowk Rd,Gaming-Console,3,2988.1781544667424
POS-00027,2023-05-01,Lalitpur-Patan,Pulchowk Rd,Gaming-Console,4,2196.936163687559
POS-00028,2023-03-16,Lalitpur-Patan,Pulchowk Rd,Solar-Battery,1,2790.303360115282
POS-00029,2023-05-02,Pokhara-Lakeside,Baidam Street 6,Solar-Battery,3,1862.2683413745274
POS-00030,2023-05-31,Pokhara-Lakeside,Baidam Street 6,VR-Headset,8,4443.822466316408
POS-00031,2023-11-12,Biratnagar-Main,Hospital Rd,4K-TV,1,310.7140620459882
POS-00032,2023-01-29,Kathmandu-DurbarMarg,King's Way 101,4K-TV,7,1958.2679513406174
POS-00033,2023-01-08,Kathmandu-DurbarMarg,King's Way 101,VR-Headset,1,1442.0121487277834
POS-00034,2023-08-05,Kathmandu-DurbarMarg,King's Way 101,Drone-HD,7,2138.508141982759
POS-00035,2023-05-18,Biratnagar-Main,Hospital Rd,VR-Headset,8,2378.400736590315
POS-00036,2023-01-03,Biratnagar-Main,Hospital Rd,Drone-HD,6,3743.446916920905
POS-00037,2023-10-09,Butwal-Chowk,Traffic Chowk E,Smart-Hub,3,1065.726693004225
POS-00038,2023-12-17,Biratnagar-Main,Hospital Rd,Solar-Battery,9,4456.957412551162
POS-00039,2023-12-13,Kathmandu-DurbarMarg,King's Way 101,VR-Headset,1,1227.8169653355674
POS-00040,2023-03-04,Lalitpur-Patan,Pulchowk Rd,Drone-HD,9,-12.71463845783704
POS-00041,2023-07-25,Kathmandu-DurbarMarg,King's Way 101,Drone-HD,2,2761.2295256640446
POS-00042,2023-09-25,Biratnagar-Main,Hospital Rd,Solar-Battery,7,405.87235947244386
POS-00043,2023-04-20,Kathmandu-DurbarMarg,King's Way 101,Gaming-Console,6,4293.622029412517
POS-00044,2023-04-24,Butwal-Chowk,Traffic Chowk E,Gaming-Console,2,982.0529739418328
POS-00045,2023-08-27,Lalitpur-Patan,Pulchowk Rd,Smart-Hub,1,2005.4768413332945
POS-00046,2023-05-04,Biratnagar-Main,Hospital Rd,4K-TV,5,377.55189888566406
POS-00047,2023-03-15,Lalitpur-Patan,Pulchowk Rd,Gaming-Console,7,4249.810859629908
POS-00048,2023-03-22,Biratnagar-Main,Hospital Rd,Gaming-Console,6,4779.530843817228
POS-00049,2023-01-09,Biratnagar-Main,Hospital Rd,Gaming-Console,8,4680.2568113774205
POS-00050,2023-01-17,Lalitpur-Patan,Pulchowk Rd,Drone-HD,3,4438.653939565505
POS-00051,2023-09-26,Butwal-Chowk,Traffic Chowk E,Smart-Hub,5,2511.640410915772
POS-00052,2023-12-06,Lalitpur-Patan,Pulchowk Rd,4K-TV,3,1099.17549381717
POS-00053,2023-05-28,Lalitpur-Patan,Pulchowk Rd,Smart-Hub,1,1458.7627386652011
POS-00054,2023-03-11,Butwal-Chowk,Traffic Chowk E,Gaming-Console,2,822.3345059746274
POS-00055,2023-04-17,Kathmandu-DurbarMarg,King's Way 101,VR-Headset,8,2554.6630251331917
POS-00056,2023-12-12,Kathmandu-DurbarMarg,King's Way 101,Drone-HD,9,2363.9054433727197
POS-00057,2023-05-15,Biratnagar-Main,Hospital Rd,4K-TV,8,1564.3918192380636
POS-00058,2023-03-24,Lalitpur-Patan,Pulchowk Rd,Solar-Battery,7,3760.4617431198235
POS-00059,2023-06-25,Biratnagar-Main,Hospital Rd,Smart-Hub,3,2685.2467116745715
POS-00060,2023-02-12,Kathmandu-DurbarMarg,King's Way 101,Drone-HD,4,4559.548988580133
POS-00061,2023-04-03,Butwal-Chowk,Traffic Chowk E,Solar-Battery,6,1373.8916802928748
POS-00062,2023-06-20,Pokhara-Lakeside,Baidam Street 6,VR-Headset,2,3952.4833658959537
POS-00063,2023-08-28,Butwal-Chowk,Traffic Chowk E,Drone-HD,2,1183.4697165664513
POS-00064,2023-01-05,Biratnagar-Main,Hospital Rd,VR-Headset,9,2479.2056278207
POS-00065,2023-10-22,Biratnagar-Main,Hospital Rd,4K-TV,5,4225.123542989537
POS-00066,2023-10-01,Kathmandu-DurbarMarg,King's Way 101,VR-Headset,3,3071.419926384994
POS-00067,2023-09-26,Butwal-Chowk,Traffic Chowk E,VR-Headset,8,1991.6221093381232
POS-00068,2023-08-22,Biratnagar-Main,Hospital Rd,Gaming-Console,4,2912.5354760129676
POS-00069,2023-06-10,Butwal-Chowk,Traffic Chowk E,VR-Headset,1,651.3026871874965
POS-00070,2023-11-09,Lalitpur-Patan,Pulchowk Rd,Smart-Hub,2,1845.8936564876074
POS-00071,2023-01-27,Pokhara-Lakeside,Baidam Street 6,Smart-Hub,5,3633.0706744590484
POS-00072,2023-09-11,Butwal-Chowk,Traffic Chowk E,Drone-HD,8,2368.9046462820056
POS-00073,2023-02-17,Butwal-Chowk,Traffic Chowk E,4K-TV,4,1086.2970551379428
POS-00074,2023-02-09,Kathmandu-DurbarMarg,King's Way 101,Drone-HD,2,3514.8346746273664
POS-00075,2023-06-04,Lalitpur-Patan,Pulchowk Rd,Smart-Hub,3,2539.0931305335034
POS-00076,2023-11-17,Lalitpur-Patan,Pulchowk Rd,4K-TV,7,3241.6785442719492
POS-00077,2023-08-26,Lalitpur-Patan,Pulchowk Rd,VR-Headset,2,4792.623235169762
POS-00078,2023-04-03,Biratnagar-Main,Hospital Rd,Gaming-Console,9,3749.5737142796797
POS-00079,2023-05-13,Kathmandu-DurbarMarg,King's Way 101,Drone-HD,8,2035.5479364763155
POS-00080,2023-12-25,Biratnagar-Main,Hospital Rd,VR-Headset,8,3323.838172549759
POS-00081,2023-07-02,Butwal-Chowk,Traffic Chowk E,Gaming-Console,8,902.9207084982446
POS-00082,2023-11-24,Butwal-Chowk,Traffic Chowk E,Smart-Hub,8,682.5263582857701
POS-00083,2023-03-26,Lalitpur-Patan,Pulchowk Rd,Gaming-Console,2,453.6454181298802
POS-00084,2023-05-04,Pokhara-Lakeside,Baidam Street 6,4K-TV,4,3525.037097721305
POS-00085,2023-02-12,Kathmandu-DurbarMarg,King's Way 101,4K-TV,5,1791.6836979359277
POS-00086,2023-02-23,Lalitpur-Patan,Pulchowk Rd,Smart-Hub,4,3239.5402366188628
POS-00087,2023-09-30,Kathmandu-DurbarMarg,King's Way 101,Solar-Battery,7,312.59685225033974
POS-00088,2023-08-09,Biratnagar-Main,Hospital Rd,Solar-Battery,3,650.0707498014699
POS-00089,2023-01-06,Butwal-Chowk,Traffic Chowk E,Gaming-Console,8,3111.764295433357
POS-00090,2023-10-28,Biratnagar-Main,Hospital Rd,Solar-Battery,8,1113.2560712842626
POS-00091,2023-04-26,Pokhara-Lakeside,Baidam Street 6,Drone-HD,6,-90.49510480010633
POS-00092,2023-09-10,Kathmandu-DurbarMarg,King's Way 101,4K-TV,4,334.7666692161672
POS-00093,2023-07-22,Pokhara-Lakeside,Baidam Street 6,Gaming-Console,4,376.3935732615574
POS-00094,2023-03-06,Biratnagar-Main,Hospital Rd,Gaming-Console,3,326.1396047663142
POS-00095,2023-09-22,Kathmandu-DurbarMarg,King's Way 101,Drone-HD,1,3843.3341872011883
POS-00096,2023-04-06,Pokhara-Lakeside,Baidam Street 6,Drone-HD,7,808.9806607250315
POS-00097,2023-06-19,Butwal-Chowk,Traffic Chowk E,4K-TV,6,3967.929134711456
POS-00098,2023-05-29,Butwal-Chowk,Traffic Chowk E,Drone-HD,9,2865.082030561922
POS-00099,2023-06-05,Butwal-Chowk,Traffic Chowk E,VR-Headset,1,4200.407174619246
POS-00100,2023-07-06,Biratnagar-Main,Hospital Rd,4K-TV,4,1644.6354941068535
POS-00101,2023-05-14,Pokhara-Lakeside,Baidam Street 6,Solar-Battery,7,3618.5329460281723
POS-00102,2023-05-19,Lalitpur-Patan,Pulchowk Rd,Smart-Hub,7,1232.2968540310594
POS-00103,2023-08-16,Butwal-Chowk,Traffic Chowk E,Smart-Hub,3,2751.257601782008
POS-00104,2023-07-22,Pokhara-Lakeside,Baidam Street 6,Smart-Hub,7,3804.4453059983225
POS-00105,2023-03-14,Kathmandu-DurbarMarg,King's Way 101,Solar-Battery,2,2745.343322225523
POS-00106,2023-01-21,Butwal-Chowk,Traffic Chowk E,4K-TV,3,4079.8574173693805
POS-00107,2023-01-25,Biratnagar-Main,Hospital Rd,Smart-Hub,5,243.77179624286242
POS-00108,2023-10-09,Lalitpur-Patan,Pulchowk Rd,VR-Headset,9,1010.1768659289501
POS-00109,2023-06-28,Pokhara-Lakeside,Baidam Street 6,4K-TV,5,3536.4766893543992
POS-00110,2023-06-20,Lalitpur-Patan,Pulchowk Rd,Smart-Hub,4,2007.8219608319937
POS-00111,2023-10-13,Kathmandu-DurbarMarg,King's Way 101,Solar-Battery,6,4767.557155043087
POS-00112,2023-02-18,Lalitpur-Patan,Pulchowk Rd,Solar-Battery,6,2245.805642150045
POS-00113,2023-12-05,Lalitpur-Patan,Pulchowk Rd,Gaming-Console,6,4157.920220471544
POS-00114,2023-08-04,Biratnagar-Main,Hospital Rd,4K-TV,6,949.3487181541234
POS-00115,2023-11-29,Butwal-Chowk,Traffic Chowk E,Smart-Hub,8,556.2822989678223
POS-00116,2023-07-16,Kathmandu-DurbarMarg,King's Way 101,4K-TV,7,145.3088787377812
POS-00117,2023-03-01,Pokhara-Lakeside,Baidam Street 6,Drone-HD,9,1083.0053858694598
POS-00118,2023-09-14,Pokhara-Lakeside,Baidam Street 6,VR-Headset,7,2280.484985657437
POS-00119,2023-04-02,Butwal-Chowk,Traffic Chowk E,4K-TV,9,1116.170707243872
POS-00120,2023-12-21,Biratnagar-Main,Hospital Rd,Drone-HD,3,837.4859066676923
POS-00121,2023-01-12,Lalitpur-Patan,Pulchowk Rd,Solar-Battery,9,2453.2060501220153
POS-00122,2023-02-22,Butwal-Chowk,Traffic Chowk E,Drone-HD,6,871.3349944395845
POS-00123,2023-09-21,Lalitpur-Patan,Pulchowk Rd,VR-Headset,5,4453.963023384627
POS-00124,2023-08-27,Biratnagar-Main,Hospital Rd,4K-TV,5,2541.144972135902
POS-00125,2023-12-01,Biratnagar-Main,Hospital Rd,4K-TV,8,3178.610413578712
POS-00126,2023-03-15,Kathmandu-DurbarMarg,King's Way 101,Solar-Battery,1,4170.118580129327
POS-00127,2023-08-15,Pokhara-Lakeside,Baidam Street 6,4K-TV,7,4446.0177562067
POS-00128,2023-04-02,Kathmandu-DurbarMarg,King's Way 101,Solar-Battery,9,749.36950086125
POS-00129,2023-07-22,Pokhara-Lakeside,Baidam Street 6,Smart-Hub,9,941.1704175569441
POS-00130,2023-05-05,Kathmandu-DurbarMarg,King's Way 101,4K-TV,7,2049.315242576728
POS-00131,2023-03-24,Pokhara-Lakeside,Baidam Street 6,Gaming-Console,4,841.7134155698634
POS-00132,2023-08-06,Kathmandu-DurbarMarg,King's Way 101,Smart-Hub,4,1476.144454063513
POS-00133,2023-05-23,Biratnagar-Main,Hospital Rd,Smart-Hub,1,579.4000797867925
POS-00134,2023-06-27,Biratnagar-Main,Hospital Rd,Gaming-Console,2,2183.928443469888
POS-00135,2023-08-28,Pokhara-Lakeside,Baidam Street 6,Solar-Battery,5,336.03491464643787
POS-00136,2023-12-26,Biratnagar-Main,Hospital Rd,VR-Headset,8,3499.9323892234274
POS-00137,2023-05-24,Biratnagar-Main,Hospital Rd,VR-Headset,8,548.8315361024152
POS-00138,2023-04-11,Lalitpur-Patan,Pulchowk Rd,Drone-HD,3,757.901672453774
POS-00139,2023-02-26,Lalitpur-Patan,Pulchowk Rd,VR-Headset,4,4952.257977291221
POS-00140,2023-02-12,Butwal-Chowk,Traffic Chowk E,4K-TV,8,2029.2492955726002
POS-00141,2023-02-16,Pokhara-Lakeside,Baidam Street 6,VR-Headset,5,276.15113979300446
POS-00142,2023-04-21,Biratnagar-Main,Hospital Rd,VR-Headset,8,825.6455020374053
POS-00143,2023-10-20,Lalitpur-Patan,Pulchowk Rd,VR-Headset,7,729.1113527777042
POS-00144,2023-03-14,Pokhara-Lakeside,Baidam Street 6,Drone-HD,7,4595.040938940933
POS-00145,2023-11-08,Pokhara-Lakeside,Baidam Street 6,Smart-Hub,2,2423.0948640761303
POS-00146,2023-02-10,Lalitpur-Patan,Pulchowk Rd,Drone-HD,6,2566.7741070232014
POS-00147,2023-09-25,Kathmandu-DurbarMarg,King's Way 101,Solar-Battery,9,4387.919188130941
POS-00148,2023-10-31,Pokhara-Lakeside,Baidam Street 6,Drone-HD,8,-92.34767365679897
POS-00149,2023-07-21,Lalitpur-Patan,Pulchowk Rd,4K-TV,8,4285.946454352631
POS-00150,2023-10-22,Biratnagar-Main,Hospital Rd,Solar-Battery,8,9.819659415795357
POS-00151,2023-11-25,Kathmandu-DurbarMarg,King's Way 101,Smart-Hub,9,1161.04110991248
POS-00152,2023-07-26,Kathmandu-DurbarMarg,King's Way 101,Smart-Hub,1,3464.11664700571
POS-00153,2023-11-25,Pokhara-Lakeside,Baidam Street 6,Drone-HD,1,1375.1512825637847
POS-00154,2023-07-07,Pokhara-Lakeside,Baidam Street 6,Smart-Hub,5,4200.275158249283
POS-00155,2023-02-07,Butwal-Chowk,Traffic Chowk E,Smart-Hub,1,4877.990448460559
POS-00156,2023-10-01,Kathmandu-DurbarMarg,King's Way 101,VR-Headset,4,4804.974439689143
POS-00157,2023-10-27,Butwal-Chowk,Traffic Chowk E,Gaming-Console,6,4661.686177737663
POS-00158,2023-01-28,Biratnagar-Main,Hospital Rd,VR-Headset,7,1692.3841655996916
POS-00159,2023-11-23,Biratnagar-Main,Hospital Rd,Gaming-Console,5,2107.0401244483182
POS-00160,2023-12-14,Biratnagar-Main,Hospital Rd,Smart-Hub,4,623.9316334668354
POS-00161,2023-10-18,Kathmandu-DurbarMarg,King's Way 101,Solar-Battery,2,2934.0775529606058
POS-00162,2023-01-09,Pokhara-Lakeside,Baidam Street 6,VR-Headset,1,3913.347198519502
POS-00163,2023-08-31,Butwal-Chowk,Traffic Chowk E,Smart-Hub,7,2722.548764848122
POS-00164,2023-02-27,Kathmandu-DurbarMarg,King's Way 101,Drone-HD,5,2479.8435257314454
POS-00165,2023-07-07,Biratnagar-Main,Hospital Rd,Solar-Battery,8,1237.8036927867247
POS-00166,2023-09-04,Pokhara-Lakeside,Baidam Street 6,Solar-Battery,6,2119.664865338444
POS-00167,2023-02-05,Pokhara-Lakeside,Baidam Street 6,4K-TV,5,4665.092979076718
POS-00168,2023-01-29,Pokhara-Lakeside,Baidam Street 6,4K-TV,1,4305.931949723904
POS-00169,2023-01-23,Lalitpur-Patan,Pulchowk Rd,Smart-Hub,4,4986.723543230329
POS-00170,2023-09-14,Kathmandu-DurbarMarg,King's Way 101,Smart-Hub,7,4400.412267320955
POS-00171,2023-09-02,Kathmandu-DurbarMarg,King's Way 101,Solar-Battery,3,2851.989739927176
POS-00172,2023-01-01,Lalitpur-Patan,Pulchowk Rd,Solar-Battery,9,3386.6394712403553
POS-00173,2023-04-11,Kathmandu-DurbarMarg,King's Way 101,Smart-Hub,9,852.7479932131959
POS-00174,2023-05-23,Pokhara-Lakeside,Baidam Street 6,Drone-HD,7,3022.185788982609
POS-00175,2023-07-14,Kathmandu-DurbarMarg,King's Way 101,Smart-Hub,5,1556.1744116849795
POS-00176,2023-12-11,Pokhara-Lakeside,Baidam Street 6,Smart-Hub,8,920.7942807039624
POS-00177,2023-06-21,Lalitpur-Patan,Pulchowk Rd,Smart-Hub,5,3267.873349269951
POS-00178,2023-09-08,Biratnagar-Main,Hospital Rd,Drone-HD,6,4465.72277792169
POS-00179,2023-03-19,Biratnagar-Main,Hospital Rd,4K-TV,4,3814.0870932182615
POS-00180,2023-10-11,Lalitpur-Patan,Pulchowk Rd,VR-Headset,5,3531.8155586285875
POS-00181,2023-09-28,Lalitpur-Patan,Pulchowk Rd,Drone-HD,2,498.9456728581464
POS-00182,2023-03-31,Lalitpur-Patan,Pulchowk Rd,Smart-Hub,2,1110.1767170060084
POS-00183,2023-03-01,Kathmandu-DurbarMarg,King's Way 101,Drone-HD,1,4551.7005196105565
POS-00184,2023-05-22,Lalitpur-Patan,Pulchowk Rd,Solar-Battery,4,2471.8416043313623
POS-00185,2023-04-10,Kathmandu-DurbarMarg,King's Way 101,VR-Headset,9,4547.446652683643
POS-00186,2023-07-28,Butwal-Chowk,Traffic Chowk E,Smart-Hub,2,3413.6085758346467
POS-00187,2023-09-29,Pokhara-Lakeside,Baidam Street 6,VR-Headset,3,4681.969248713392
POS-00188,2023-06-10,Biratnagar-Main,Hospital Rd,Smart-Hub,8,2095.580901740561
POS-00189,2023-03-18,Butwal-Chowk,Traffic Chowk E,Solar-Battery,1,1197.923244239481
POS-00190,2023-05-04,Kathmandu-DurbarMarg,King's Way 101,4K-TV,8,785.0080251022189
POS-00191,2023-10-23,Kathmandu-DurbarMarg,King's Way 101,Gaming-Console,2,2370.7330077647302
POS-00192,2023-03-03,Biratnagar-Main,Hospital Rd,Smart-Hub,2,4317.6927053533345
POS-00193,2023-08-10,Kathmandu-DurbarMarg,King's Way 101,Gaming-Console,3,4591.8525127076955
POS-00194,2023-04-02,Butwal-Chowk,Traffic Chowk E,Solar-Battery,5,2841.005340543853
POS-00195,2023-03-07,Biratnagar-Main,Hospital Rd,Solar-Battery,8,2316.3330149730637
POS-00196,2023-06-04,Lalitpur-Patan,Pulchowk Rd,VR-Headset,1,4961.568654222318
POS-00197,2023-05-13,Kathmandu-DurbarMarg,King's Way 101,Drone-HD,2,3325.6205170437274
POS-00198,2023-02-01,Butwal-Chowk,Traffic Chowk E,Gaming-Console,7,3668.868507438921
POS-00199,2023-09-12,Butwal-Chowk,Traffic Chowk E,Gaming-Console,7,4814.429694207096
POS-00200,2023-01-28,Pokhara-Lakeside,Baidam Street 6,Drone-HD,1,2105.9222662223106
POS-00201,2023-07-27,Biratnagar-Main,Hospital Rd,Drone-HD,6,1903.8590570915674
POS-00202,2023-08-21,Pokhara-Lakeside,Baidam Street 6,VR-Headset,1,3915.7144897650705
POS-00203,2023-06-01,Lalitpur-Patan,Pulchowk Rd,Smart-Hub,5,3099.5860108605775
POS-00204,2023-01-21,Kathmandu-DurbarMarg,King's Way 101,4K-TV,7,2900.247624979316
POS-00205,2023-06-23,Biratnagar-Main,Hospital Rd,Drone-HD,1,4925.388592100789
POS-00206,2023-08-24,Lalitpur-Patan,Pulchowk Rd,Smart-Hub,3,1050.1482682939832
POS-00207,2023-11-28,Lalitpur-Patan,Pulchowk Rd,Gaming-Console,9,84.21427050845668
POS-00208,2023-11-12,Biratnagar-Main,Hospital Rd,Gaming-Console,6,550.3418472712201
POS-00209,2023-09-01,Kathmandu-DurbarMarg,King's Way 101,Drone-HD,3,206.36117313732166
POS-00210,2023-12-11,Lalitpur-Patan,Pulchowk Rd,4K-TV,5,4302.5391774647605
POS-00211,2023-12-01,Biratnagar-Main,Hospital Rd,VR-Headset,6,1349.5734134661434
POS-00212,2023-08-24,Biratnagar-Main,Hospital Rd,Gaming-Console,3,4788.723944107078
POS-00213,2023-10-27,Kathmandu-DurbarMarg,King's Way 101,VR-Headset,7,2161.6203228749055
POS-00214,2023-03-15,Lalitpur-Patan,Pulchowk Rd,Solar-Battery,1,4891.483576607656
POS-00215,2023-03-15,Butwal-Chowk,Traffic Chowk E,Drone-HD,4,3341.337314779028
POS-00216,2023-01-02,Pokhara-Lakeside,Baidam Street 6,VR-Headset,3,4483.403572230347
POS-00217,2023-01-06,Butwal-Chowk,Traffic Chowk E,VR-Headset,7,2900.154665064942
POS-00218,2023-05-15,Kathmandu-DurbarMarg,King's Way 101,4K-TV,5,3059.1193707970087
POS-00219,2023-07-18,Butwal-Chowk,Traffic Chowk E,Smart-Hub,8,453.58684845553887
POS-00220,2023-06-25,Butwal-Chowk,Traffic Chowk E,VR-Headset,9,48.01690413604561
POS-00221,2023-08-31,Pokhara-Lakeside,Baidam Street 6,4K-TV,9,572.2538607221221
POS-00222,2023-08-25,Butwal-Chowk,Traffic Chowk E,4K-TV,7,2564.2194371611085
POS-00223,2023-07-26,Kathmandu-DurbarMarg,King's Way 101,Smart-Hub,7,2543.822717185345
POS-00224,2023-01-28,Kathmandu-DurbarMarg,King's Way 101,VR-Headset,5,3220.066643859027
POS-00225,2023-12-08,Lalitpur-Patan,Pulchowk Rd,Smart-Hub,2,812.4745339166952
POS-00226,2023-12-22,Kathmandu-DurbarMarg,King's Way 101,VR-Headset,1,2420.188695353157
POS-00227,2023-12-20,Butwal-Chowk,Traffic Chowk E,Smart-Hub,4,2490.335937791782
POS-00228,2023-10-13,Pokhara-Lakeside,Baidam Street 6,Drone-HD,1,2760.9055467485427
POS-00229,2023-03-22,Lalitpur-Patan,Pulchowk Rd,4K-TV,9,4872.820461520256
POS-00230,2023-10-01,Kathmandu-DurbarMarg,King's Way 101,Gaming-Console,5,-21.79558862207034
POS-00231,2023-06-29,Kathmandu-DurbarMarg,King's Way 101,VR-Headset,2,684.0224473679989
POS-00232,2023-12-10,Biratnagar-Main,Hospital Rd,Smart-Hub,4,1500.1049653085825
POS-00233,2023-06-05,Kathmandu-DurbarMarg,King's Way 101,Solar-Battery,6,3793.1896532205346
POS-00234,2023-06-16,Kathmandu-DurbarMarg,King's Way 101,4K-TV,2,3305.1179094936856
POS-00235,2023-06-13,Pokhara-Lakeside,Baidam Street 6,VR-Headset,3,187.74072446339466
POS-00236,2023-08-03,Kathmandu-DurbarMarg,King's Way 101,Solar-Battery,6,3312.1422805601514
POS-00237,2023-11-28,Pokhara-Lakeside,Baidam Street 6,Smart-Hub,1,2760.2419831252278
POS-00238,2023-12-01,Butwal-Chowk,Traffic Chowk E,Gaming-Console,4,901.3740884919522
POS-00239,2023-12-06,Lalitpur-Patan,Pulchowk Rd,Smart-Hub,8,1326.4169357832823
POS-00240,2023-10-10,Lalitpur-Patan,Pulchowk Rd,VR-Headset,6,3913.0453362227386
POS-00241,2023-08-12,Kathmandu-DurbarMarg,King's Way 101,Gaming-Console,7,2857.493201545516
POS-00242,2023-06-14,Lalitpur-Patan,Pulchowk Rd,Smart-Hub,5,2396.1328261725203
POS-00243,2023-01-17,Kathmandu-DurbarMarg,King's Way 101,Gaming-Console,1,4631.063043154676
POS-00244,2023-11-15,Kathmandu-DurbarMarg,King's Way 101,Drone-HD,1,3761.6045549385967
POS-00245,2023-02-24,Pokhara-Lakeside,Baidam Street 6,Drone-HD,2,427.0903076980113
POS-00246,2023-09-01,Biratnagar-Main,Hospital Rd,4K-TV,8,3832.4089697639097
POS-00247,2023-07-14,Biratnagar-Main,Hospital Rd,Smart-Hub,1,387.8848727375541
POS-00248,2023-01-30,Kathmandu-DurbarMarg,King's Way 101,VR-Headset,8,965.317360416361
POS-00249,2023-01-19,Pokhara-Lakeside,Baidam Street 6,Drone-HD,9,3780.523439501178
POS-00250,2023-12-07,Kathmandu-DurbarMarg,King's Way 101,4K-TV,3,4693.312858968506
POS-00251,2023-10-11,Butwal-Chowk,Traffic Chowk E,VR-Headset,8,4000.626048688576
POS-00252,2023-06-05,Kathmandu-DurbarMarg,King's Way 101,Solar-Battery,7,3493.4835316002996
POS-00253,2023-02-03,Kathmandu-DurbarMarg,King's Way 101,Solar-Battery,2,4670.100218451105
POS-00254,2023-02-16,Pokhara-Lakeside,Baidam Street 6,Smart-Hub,6,2948.3095673444222
POS-00255,2023-01-26,Kathmandu-DurbarMarg,King's Way 101,VR-Headset,8,1077.6484539283936
POS-00256,2023-08-06,Butwal-Chowk,Traffic Chowk E,4K-TV,6,4938.24658382267
POS-00257,2023-10-03,Lalitpur-Patan,Pulchowk Rd,Gaming-Console,4,627.9865666744546
POS-00258,2023-10-20,Butwal-Chowk,Traffic Chowk E,Gaming-Console,9,1581.4685599485256
POS-00259,2023-05-18,Butwal-Chowk,Traffic Chowk E,4K-TV,4,1202.272265464502
POS-00260,2023-01-21,Butwal-Chowk,Traffic Chowk E,4K-TV,4,2140.621499339053
POS-00261,2023-10-06,Pokhara-Lakeside,Baidam Street 6,4K-TV,5,3685.6518666187744
POS-00262,2023-12-13,Kathmandu-DurbarMarg,King's Way 101,Drone-HD,4,483.9481490941515
POS-00263,2023-10-09,Lalitpur-Patan,Pulchowk Rd,Smart-Hub,2,837.2319467835352
POS-00264,2023-04-25,Lalitpur-Patan,Pulchowk Rd,Smart-Hub,4,-76.32725976983487
POS-00265,2023-01-21,Kathmandu-DurbarMarg,King's Way 101,4K-TV,1,4409.349810801802
POS-00266,2023-11-18,Lalitpur-Patan,Pulchowk Rd,Drone-HD,5,2344.808690196417
POS-00267,2023-09-17,Lalitpur-Patan,Pulchowk Rd,Drone-HD,9,2604.486809881206
POS-00268,2023-05-13,Lalitpur-Patan,Pulchowk Rd,Solar-Battery,1,3601.590016665209
POS-00269,2023-07-15,Biratnagar-Main,Hospital Rd,VR-Headset,8,4179.558690255283
POS-00270,2023-12-12,Pokhara-Lakeside,Baidam Street 6,Smart-Hub,8,4301.731811516473
POS-00271,2023-09-30,Biratnagar-Main,Hospital Rd,Solar-Battery,7,-19.657179104437944
POS-00272,2023-05-08,Lalitpur-Patan,Pulchowk Rd,Smart-Hub,5,743.0677202211291
POS-00273,2023-05-14,Lalitpur-Patan,Pulchowk Rd,4K-TV,5,3371.436156839892
POS-00274,2023-09-09,Lalitpur-Patan,Pulchowk Rd,Gaming-Console,7,93.5234683133146
POS-00275,2023-07-27,Lalitpur-Patan,Pulchowk Rd,Solar-Battery,7,3931.6304687474826
POS-00276,2023-12-17,Biratnagar-Main,Hospital Rd,Drone-HD,5,3300.038867450289
POS-00277,2023-12-12,Pokhara-Lakeside,Baidam Street 6,Gaming-Console,5,2995.5058927840605
POS-00278,2023-04-05,Butwal-Chowk,Traffic Chowk E,Solar-Battery,1,2435.3489076660876
POS-00279,2023-04-26,Biratnagar-Main,Hospital Rd,4K-TV,1,1750.5687221370608
POS-00280,2023-03-18,Kathmandu-DurbarMarg,King's Way 101,VR-Headset,3,4006.309378958469
POS-00281,2023-01-04,Biratnagar-Main,Hospital Rd,VR-Headset,4,3651.6582740495346
POS-00282,2023-02-11,Pokhara-Lakeside,Baidam Street 6,Drone-HD,1,2668.266427282991
POS-00283,2023-09-12,Lalitpur-Patan,Pulchowk Rd,4K-TV,9,3534.279134754532
POS-00284,2023-11-28,Biratnagar-Main,Hospital Rd,4K-TV,5,423.5995970512871
POS-00285,2023-01-20,Kathmandu-DurbarMarg,King's Way 101,4K-TV,2,1824.26369901239
POS-00286,2023-03-02,Butwal-Chowk,Traffic Chowk E,4K-TV,6,4033.691810787589
POS-00287,2023-10-07,Kathmandu-DurbarMarg,King's Way 101,Smart-Hub,3,4034.825403654683
POS-00288,2023-05-04,Butwal-Chowk,Traffic Chowk E,VR-Headset,8,1544.4003336823525
POS-00289,2023-04-24,Biratnagar-Main,Hospital Rd,Smart-Hub,1,1125.6422089405507
POS-00290,2023-10-02,Kathmandu-DurbarMarg,King's Way 101,Solar-Battery,4,2895.617825547551
POS-00291,2023-07-16,Lalitpur-Patan,Pulchowk Rd,VR-Headset,8,3967.618134527096
POS-00292,2023-03-02,Butwal-Chowk,Traffic Chowk E,4K-TV,2,4491.115015200346
POS-00293,2023-07-02,Pokhara-Lakeside,Baidam Street 6,Gaming-Console,9,2953.2754981386856
POS-00294,2023-01-16,Butwal-Chowk,Traffic Chowk E,Gaming-Console,7,3547.888251588902
POS-00295,2023-12-03,Pokhara-Lakeside,Baidam Street 6,Solar-Battery,3,1832.2111281143352
POS-00296,2023-11-03,Kathmandu-DurbarMarg,King's Way 101,Drone-HD,5,784.2868844180172
POS-00297,2023-08-24,Kathmandu-DurbarMarg,King's Way 101,VR-Headset,3,1703.7559953567043
POS-00298,2023-07-03,Kathmandu-DurbarMarg,King's Way 101,4K-TV,4,995.5958686767365
POS-00299,2023-08-17,Pokhara-Lakeside,Baidam Street 6,Solar-Battery,3,2386.112434114475
POS-00300,2023-02-03,Lalitpur-Patan,Pulchowk Rd,4K-TV,7,3610.2518870308395
POS-00301,2023-03-06,Pokhara-Lakeside,Baidam Street 6,Gaming-Console,3,1623.291543808599
POS-00302,2023-11-28,Pokhara-Lakeside,Baidam Street 6,Gaming-Console,6,3285.9516199495724
POS-00303,2023-05-14,Lalitpur-Patan,Pulchowk Rd,Gaming-Console,4,3435.1977462122413
POS-00304,2023-07-31,Kathmandu-DurbarMarg,King's Way 101,VR-Headset,7,4975.703979766612
POS-00305,2023-04-27,Lalitpur-Patan,Pulchowk Rd,4K-TV,7,3841.381607349903
POS-00306,2023-09-07,Biratnagar-Main,Hospital Rd,Solar-Battery,4,75.57996984878454
POS-00307,2023-11-23,Kathmandu-DurbarMarg,King's Way 101,4K-TV,2,2727.6409799947724
POS-00308,2023-05-16,Butwal-Chowk,Traffic Chowk E,4K-TV,6,1443.5376655925072
POS-00309,2023-04-06,Biratnagar-Main,Hospital Rd,Drone-HD,8,3020.505786216721
POS-00310,2023-11-20,Biratnagar-Main,Hospital Rd,Gaming-Console,8,4017.751144112616
POS-00311,2023-01-07,Pokhara-Lakeside,Baidam Street 6,Solar-Battery,4,4124.7600340559
POS-00312,2023-04-10,Pokhara-Lakeside,Baidam Street 6,Solar-Battery,1,816.1674140474861
POS-00313,2023-09-24,Pokhara-Lakeside,Baidam Street 6,Gaming-Console,6,317.0142811246165
POS-00314,2023-10-01,Kathmandu-DurbarMarg,King's Way 101,Smart-Hub,8,4463.188496303059
POS-00315,2023-03-04,Pokhara-Lakeside,Baidam Street 6,Smart-Hub,1,2048.5340748904323
POS-00316,2023-08-27,Lalitpur-Patan,Pulchowk Rd,Gaming-Console,6,272.33144536797715
POS-00317,2023-06-02,Butwal-Chowk,Traffic Chowk E,4K-TV,1,2273.6887208968446
POS-00318,2023-04-18,Lalitpur-Patan,Pulchowk Rd,Drone-HD,2,3718.9473192435207
POS-00319,2023-02-04,Kathmandu-DurbarMarg,King's Way 101,VR-Headset,9,1049.0982712519774
POS-00320,2023-01-14,Pokhara-Lakeside,Baidam Street 6,Solar-Battery,7,1942.6316788823947
POS-00321,2023-10-22,Kathmandu-DurbarMarg,King's Way 101,4K-TV,5,2739.2424609015047
POS-00322,2023-07-19,Lalitpur-Patan,Pulchowk Rd,Solar-Battery,7,860.552136561112
POS-00323,2023-04-28,Biratnagar-Main,Hospital Rd,Drone-HD,4,2453.491832256346
POS-00324,2023-11-07,Kathmandu-DurbarMarg,King's Way 101,Solar-Battery,4,1489.372781649879
POS-00325,2023-03-09,Biratnagar-Main,Hospital Rd,Gaming-Console,4,751.7013362929421
POS-00326,2023-02-27,Kathmandu-DurbarMarg,King's Way 101,VR-Headset,1,878.6559363796471
POS-00327,2023-09-27,Butwal-Chowk,Traffic Chowk E,VR-Headset,7,1513.7078661092917
POS-00328,2023-08-29,Pokhara-Lakeside,Baidam Street 6,4K-TV,1,189.4177566841065
POS-00329,2023-12-19,Butwal-Chowk,Traffic Chowk E,Solar-Battery,2,4248.178000123265
POS-00330,2023-11-24,Pokhara-Lakeside,Baidam Street 6,Smart-Hub,2,3408.338975157955
POS-00331,2023-07-28,Kathmandu-DurbarMarg,King's Way 101,Gaming-Console,5,4237.397913304695
POS-00332,2023-04-19,Pokhara-Lakeside,Baidam Street 6,Drone-HD,2,3427.925653080436
POS-00333,2023-11-11,Butwal-Chowk,Traffic Chowk E,4K-TV,6,1226.7073506703
POS-00334,2023-09-11,Pokhara-Lakeside,Baidam Street 6,VR-Headset,8,4212.346336450735
POS-00335,2023-06-19,Lalitpur-Patan,Pulchowk Rd,Smart-Hub,4,1687.5335438657612
POS-00336,2023-11-14,Kathmandu-DurbarMarg,King's Way 101,4K-TV,5,1157.2946210272596
POS-00337,2023-08-16,Butwal-Chowk,Traffic Chowk E,Gaming-Console,3,2831.1626750585856
POS-00338,2023-12-14,Lalitpur-Patan,Pulchowk Rd,4K-TV,3,3926.050894219686
POS-00339,2023-05-22,Lalitpur-Patan,Pulchowk Rd,Drone-HD,5,4904.961181505472
POS-00340,2023-08-17,Butwal-Chowk,Traffic Chowk E,VR-Headset,1,193.14445209648454
POS-00341,2023-04-03,Biratnagar-Main,Hospital Rd,Gaming-Console,5,950.8250182504869
POS-00342,2023-12-13,Lalitpur-Patan,Pulchowk Rd,Solar-Battery,8,805.4613525196123
POS-00343,2023-01-05,Biratnagar-Main,Hospital Rd,Drone-HD,7,1145.3968215270322
POS-00344,2023-12-13,Butwal-Chowk,Traffic Chowk E,Drone-HD,3,3708.6242769430487
POS-00345,2023-01-07,Butwal-Chowk,Traffic Chowk E,Drone-HD,7,488.7728708286844
POS-00346,2023-01-22,Pokhara-Lakeside,Baidam Street 6,VR-Headset,7,3495.4682230099056
POS-00347,2023-09-08,Kathmandu-DurbarMarg,King's Way 101,4K-TV,9,3299.8244622534567
POS-00348,2023-07-16,Lalitpur-Patan,Pulchowk Rd,Gaming-Console,7,856.1011185893268
POS-00349,2023-08-08,Kathmandu-DurbarMarg,King's Way 101,Solar-Battery,4,1932.0447933203077
POS-00350,2023-11-24,Butwal-Chowk,Traffic Chowk E,Smart-Hub,1,4074.193845943807
POS-00351,2023-11-25,Kathmandu-DurbarMarg,King's Way 101,4K-TV,7,828.806305198834
POS-00352,2023-07-23,Kathmandu-DurbarMarg,King's Way 101,4K-TV,4,1623.6157286206399
POS-00353,2023-04-15,Lalitpur-Patan,Pulchowk Rd,4K-TV,4,1018.6449479983692
POS-00354,2023-08-06,Kathmandu-DurbarMarg,King's Way 101,Solar-Battery,5,1920.4288038740467
POS-00355,2023-06-12,Pokhara-Lakeside,Baidam Street 6,Solar-Battery,3,1887.1503836680665
POS-00356,2023-03-03,Lalitpur-Patan,Pulchowk Rd,VR-Headset,3,962.7308770835025
POS-00357,2023-06-23,Butwal-Chowk,Traffic Chowk E,Drone-HD,4,2003.0753469863207
POS-00358,2023-09-09,Pokhara-Lakeside,Baidam Street 6,Gaming-Console,2,1634.6338185120862
POS-00359,2023-04-08,Kathmandu-DurbarMarg,King's Way 101,Gaming-Console,8,4145.706574373511
POS-00360,2023-01-09,Pokhara-Lakeside,Baidam Street 6,Drone-HD,7,4719.824624647949
POS-00361,2023-01-24,Pokhara-Lakeside,Baidam Street 6,Drone-HD,1,3406.106581998679
POS-00362,2023-08-16,Butwal-Chowk,Traffic Chowk E,Drone-HD,8,4924.2555540960275
POS-00363,2023-04-28,Lalitpur-Patan,Pulchowk Rd,Gaming-Console,1,751.958716872345
POS-00364,2023-11-20,Kathmandu-DurbarMarg,King's Way 101,VR-Headset,1,3282.0366261607496
POS-00365,2023-09-20,Kathmandu-DurbarMarg,King's Way 101,VR-Headset,9,2849.693923904458
POS-00366,2023-03-18,Butwal-Chowk,Traffic Chowk E,VR-Headset,6,2373.600051851581
POS-00367,2023-10-29,Pokhara-Lakeside,Baidam Street 6,Drone-HD,9,3953.4627689684517
POS-00368,2023-09-16,Lalitpur-Patan,Pulchowk Rd,VR-Headset,4,4569.142600675791
POS-00369,2023-01-01,Pokhara-Lakeside,Baidam Street 6,Smart-Hub,4,1385.151332266697
POS-00370,2023-02-15,Biratnagar-Main,Hospital Rd,4K-TV,4,4098.563683985144
POS-00371,2023-12-01,Butwal-Chowk,Traffic Chowk E,VR-Headset,7,4100.190480391681
POS-00372,2023-10-14,Pokhara-Lakeside,Baidam Street 6,Solar-Battery,5,1443.4837241865152
POS-00373,2023-11-07,Butwal-Chowk,Traffic Chowk E,4K-TV,1,1838.2277546590967
POS-00374,2023-08-28,Butwal-Chowk,Traffic Chowk E,Gaming-Console,6,3656.1035838820144
POS-00375,2023-09-05,Lalitpur-Patan,Pulchowk Rd,VR-Headset,2,4604.833616068867
POS-00376,2023-12-08,Biratnagar-Main,Hospital Rd,Smart-Hub,7,2160.23629606256
POS-00377,2023-08-12,Pokhara-Lakeside,Baidam Street 6,Drone-HD,4,1819.1714783833188
POS-00378,2023-07-07,Lalitpur-Patan,Pulchowk Rd,Drone-HD,1,4148.530376904722
POS-00379,2023-02-21,Kathmandu-DurbarMarg,King's Way 101,Solar-Battery,6,3806.5838011912674
POS-00380,2023-11-01,Butwal-Chowk,Traffic Chowk E,Solar-Battery,1,1221.3327913350656
POS-00381,2023-07-20,Lalitpur-Patan,Pulchowk Rd,Solar-Battery,1,1631.8575434396926
POS-00382,2023-05-03,Kathmandu-DurbarMarg,King's Way 101,4K-TV,8,2676.1087802882957
POS-00383,2023-09-29,Biratnagar-Main,Hospital Rd,VR-Headset,7,3051.032908264056
POS-00384,2023-05-18,Lalitpur-Patan,Pulchowk Rd,Smart-Hub,3,4923.38111808216
POS-00385,2023-06-07,Butwal-Chowk,Traffic Chowk E,Drone-HD,6,4309.371167026937
POS-00386,2023-10-14,Biratnagar-Main,Hospital Rd,4K-TV,3,1578.9553809986207
POS-00387,2023-12-13,Kathmandu-DurbarMarg,King's Way 101,Solar-Battery,3,4136.885128970392
POS-00388,2023-11-18,Lalitpur-Patan,Pulchowk Rd,4K-TV,3,320.4197148360374
POS-00389,2023-02-04,Biratnagar-Main,Hospital Rd,Gaming-Console,5,3243.2467978306418
POS-00390,2023-10-04,Biratnagar-Main,Hospital Rd,4K-TV,6,4899.774627169323
POS-00391,2023-08-11,Butwal-Chowk,Traffic Chowk E,VR-Headset,8,3383.563550561996
POS-00392,2023-04-30,Pokhara-Lakeside,Baidam Street 6,Solar-Battery,9,4069.6548289148923
POS-00393,2023-04-09,Pokhara-Lakeside,Baidam Street 6,Drone-HD,4,4230.293582553852
POS-00394,2023-09-07,Lalitpur-Patan,Pulchowk Rd,4K-TV,7,3031.2041552179026
POS-00395,2023-12-10,Pokhara-Lakeside,Baidam Street 6,Gaming-Console,8,831.9191154742349
POS-00396,2023-06-09,Pokhara-Lakeside,Baidam Street 6,Drone-HD,9,3651.683247196299
POS-00397,2023-03-30,Biratnagar-Main,Hospital Rd,Smart-Hub,4,4846.426284829143
POS-00398,2023-01-24,Butwal-Chowk,Traffic Chowk E,Solar-Battery,2,-50.13080544310201
POS-00399,2023-10-20,Biratnagar-Main,Hospital Rd,Gaming-Console,1,483.5756125768611
POS-00400,2023-06-16,Kathmandu-DurbarMarg,King's Way 101,Smart-Hub,2,1660.2959830531133
POS-00401,2023-05-06,Butwal-Chowk,Traffic Chowk E,Gaming-Console,6,360.48694234776985
POS-00402,2023-07-24,Butwal-Chowk,Traffic Chowk E,VR-Headset,3,1157.8177784101758
POS-00403,2023-11-19,Pokhara-Lakeside,Baidam Street 6,Solar-Battery,4,2295.741710565966
POS-00404,2023-02-26,Pokhara-Lakeside,Baidam Street 6,Smart-Hub,8,161.99411813783604
POS-00405,2023-04-08,Biratnagar-Main,Hospital Rd,4K-TV,1,4576.0593698993025
POS-00406,2023-03-13,Lalitpur-Patan,Pulchowk Rd,Solar-Battery,1,4392.274177510289
POS-00407,2023-04-04,Biratnagar-Main,Hospital Rd,Solar-Battery,6,2857.0253540447784
POS-00408,2023-12-06,Kathmandu-DurbarMarg,King's Way 101,Drone-HD,9,-0.27089301667120935
POS-00409,2023-05-17,Pokhara-Lakeside,Baidam Street 6,Smart-Hub,2,4163.2074017556715
POS-00410,2023-07-27,Butwal-Chowk,Traffic Chowk E,Solar-Battery,7,944.0092844864255
POS-00411,2023-07-20,Pokhara-Lakeside,Baidam Street 6,4K-TV,6,4809.017830076711
POS-00412,2023-03-19,Pokhara-Lakeside,Baidam Street 6,Smart-Hub,2,600.4081569489132
POS-00413,2023-08-10,Butwal-Chowk,Traffic Chowk E,Solar-Battery,8,4141.280948557689
POS-00414,2023-07-20,Butwal-Chowk,Traffic Chowk E,Gaming-Console,3,3447.8169363938623
POS-00415,2023-09-15,Butwal-Chowk,Traffic Chowk E,Drone-HD,7,2438.469911193532
POS-00416,2023-06-12,Lalitpur-Patan,Pulchowk Rd,Solar-Battery,5,4279.883688427075
POS-00417,2023-08-09,Kathmandu-DurbarMarg,King's Way 101,4K-TV,9,2038.3724697566186
POS-00418,2023-04-03,Pokhara-Lakeside,Baidam Street 6,4K-TV,6,3253.7666857717318
POS-00419,2023-08-17,Biratnagar-Main,Hospital Rd,Gaming-Console,1,3613.5709039409226
POS-00420,2023-01-31,Butwal-Chowk,Traffic Chowk E,Gaming-Console,3,4111.217500205865
POS-00421,2023-03-26,Biratnagar-Main,Hospital Rd,Smart-Hub,1,1729.9921089145284
POS-00422,2023-04-29,Pokhara-Lakeside,Baidam Street 6,Solar-Battery,5,4374.081536225483
POS-00423,2023-02-23,Biratnagar-Main,Hospital Rd,Drone-HD,2,238.61973857925364
POS-00424,2023-06-10,Kathmandu-DurbarMarg,King's Way 101,Solar-Battery,3,3239.402437920123
POS-00425,2023-03-06,Butwal-Chowk,Traffic Chowk E,4K-TV,2,2519.1514978446703
POS-00426,2023-12-11,Biratnagar-Main,Hospital Rd,Smart-Hub,2,2517.1110368160635
POS-00427,2023-03-02,Pokhara-Lakeside,Baidam Street 6,Smart-Hub,6,1524.3133079985246
POS-00428,2023-10-29,Butwal-Chowk,Traffic Chowk E,Drone-HD,6,3274.8823121447776
POS-00429,2023-12-08,Lalitpur-Patan,Pulchowk Rd,VR-Headset,5,109.19585818688859
POS-00430,2023-09-17,Butwal-Chowk,Traffic Chowk E,VR-Headset,1,3345.071182222822
POS-00431,2023-05-20,Kathmandu-DurbarMarg,King's Way 101,Gaming-Console,1,649.8437774925686
POS-00432,2023-11-02,Kathmandu-DurbarMarg,King's Way 101,Gaming-Console,5,4568.68480226971
POS-00433,2023-06-20,Lalitpur-Patan,Pulchowk Rd,Gaming-Console,9,2643.6375503186046
POS-00434,2023-08-12,Butwal-Chowk,Traffic Chowk E,VR-Headset,7,2146.0849055823683
POS-00435,2023-07-26,Lalitpur-Patan,Pulchowk Rd,4K-TV,5,4713.631251169487
POS-00436,2023-01-09,Pokhara-Lakeside,Baidam Street 6,Drone-HD,7,3624.6842924940274
POS-00437,2023-11-26,Lalitpur-Patan,Pulchowk Rd,Solar-Battery,4,769.4211287345466
POS-00438,2023-12-04,Butwal-Chowk,Traffic Chowk E,4K-TV,2,4012.971010558723
POS-00439,2023-01-02,Biratnagar-Main,Hospital Rd,Smart-Hub,5,2534.7514966179706
POS-00440,2023-08-15,Butwal-Chowk,Traffic Chowk E,Solar-Battery,5,4765.314734744755
POS-00441,2023-05-30,Butwal-Chowk,Traffic Chowk E,Drone-HD,7,1905.7759385004197
POS-00442,2023-11-26,Lalitpur-Patan,Pulchowk Rd,Gaming-Console,1,3823.0134096434494
POS-00443,2023-07-29,Kathmandu-DurbarMarg,King's Way 101,Smart-Hub,9,1941.3326372850818
POS-00444,2023-05-26,Biratnagar-Main,Hospital Rd,VR-Headset,7,-78.57208605633687
POS-00445,2023-06-12,Lalitpur-Patan,Pulchowk Rd,Smart-Hub,1,1444.626529152312
POS-00446,2023-04-24,Butwal-Chowk,Traffic Chowk E,4K-TV,2,1481.568538354725
POS-00447,2023-10-12,Butwal-Chowk,Traffic Chowk E,Solar-Battery,4,901.4487544195864
POS-00448,2023-01-07,Kathmandu-DurbarMarg,King's Way 101,VR-Headset,4,1646.5569598954853
POS-00449,2023-09-22,Butwal-Chowk,Traffic Chowk E,VR-Headset,6,4547.673797895505
POS-00450,2023-10-30,Pokhara-Lakeside,Baidam Street 6,Smart-Hub,5,2822.177800325097
POS-00451,2023-06-28,Biratnagar-Main,Hospital Rd,Solar-Battery,1,1045.5961245640035
POS-00452,2023-04-21,Kathmandu-DurbarMarg,King's Way 101,Gaming-Console,2,2550.804655612621
POS-00453,2023-05-15,Biratnagar-Main,Hospital Rd,Drone-HD,1,1440.2736788654215
POS-00454,2023-10-31,Lalitpur-Patan,Pulchowk Rd,Gaming-Console,4,2884.8097781381553
POS-00455,2023-01-24,Biratnagar-Main,Hospital Rd,4K-TV,6,3225.450328566456
POS-00456,2023-02-25,Pokhara-Lakeside,Baidam Street 6,4K-TV,8,3612.576796923481
POS-00457,2023-01-18,Pokhara-Lakeside,Baidam Street 6,Drone-HD,8,4336.98051620439
POS-00458,2023-04-29,Biratnagar-Main,Hospital Rd,Drone-HD,7,1103.1691067413972
POS-00459,2023-12-03,Pokhara-Lakeside,Baidam Street 6,VR-Headset,1,4913.295393745122
POS-00460,2023-01-18,Lalitpur-Patan,Pulchowk Rd,Solar-Battery,8,3776.3275491270597
POS-00461,2023-02-01,Butwal-Chowk,Traffic Chowk E,4K-TV,3,1836.354028006314
POS-00462,2023-01-01,Lalitpur-Patan,Pulchowk Rd,Solar-Battery,7,3806.9017412891103
POS-00463,2023-06-13,Lalitpur-Patan,Pulchowk Rd,Smart-Hub,9,1987.6717904604725
POS-00464,2023-02-25,Kathmandu-DurbarMarg,King's Way 101,Smart-Hub,3,583.5369185681625
POS-00465,2023-02-24,Biratnagar-Main,Hospital Rd,Solar-Battery,1,4025.9211113483707
POS-00466,2023-10-27,Pokhara-Lakeside,Baidam Street 6,Gaming-Console,3,1128.2697884159913
POS-00467,2023-08-14,Lalitpur-Patan,Pulchowk Rd,Gaming-Console,5,2777.0500894829406
POS-00468,2023-04-22,Biratnagar-Main,Hospital Rd,4K-TV,9,2367.0388940385687
POS-00469,2023-10-11,Kathmandu-DurbarMarg,King's Way 101,Gaming-Console,6,2050.690438314487
POS-00470,2023-02-03,Butwal-Chowk,Traffic Chowk E,Gaming-Console,4,4637.357766574605
POS-00471,2023-01-26,Butwal-Chowk,Traffic Chowk E,Drone-HD,8,1958.423410514069
POS-00472,2023-06-10,Kathmandu-DurbarMarg,King's Way 101,Gaming-Console,2,4877.643958125471
POS-00473,2023-06-28,Pokhara-Lakeside,Baidam Street 6,Gaming-Console,4,1424.30056853843
POS-00474,2023-10-18,Pokhara-Lakeside,Baidam Street 6,Smart-Hub,5,491.5622802055633
POS-00475,2023-03-13,Kathmandu-DurbarMarg,King's Way 101,4K-TV,6,4721.185155049368
POS-00476,2023-07-28,Butwal-Chowk,Traffic Chowk E,Solar-Battery,2,865.9816539881936
POS-00477,2023-08-05,Lalitpur-Patan,Pulchowk Rd,Smart-Hub,6,4159.155437177846
POS-00478,2023-05-31,Biratnagar-Main,Hospital Rd,Solar-Battery,8,2109.8282436574796
POS-00479,2023-07-03,Biratnagar-Main,Hospital Rd,Smart-Hub,1,4854.4017915284085
POS-00480,2023-04-21,Kathmandu-DurbarMarg,King's Way 101,Solar-Battery,5,1867.243793916774
POS-00481,2023-11-11,Biratnagar-Main,Hospital Rd,Solar-Battery,7,1959.290569096031
POS-00482,2023-02-15,Lalitpur-Patan,Pulchowk Rd,Solar-Battery,4,1151.7971069235612
POS-00483,2023-12-18,Butwal-Chowk,Traffic Chowk E,Smart-Hub,3,77.20174272906539
POS-00484,2023-03-08,Kathmandu-DurbarMarg,King's Way 101,Gaming-Console,4,2251.1699564364726
POS-00485,2023-03-19,Lalitpur-Patan,Pulchowk Rd,Solar-Battery,2,3261.1347588323565
POS-00486,2023-10-19,Lalitpur-Patan,Pulchowk Rd,Gaming-Console,1,687.2099759360658
POS-00487,2023-03-22,Pokhara-Lakeside,Baidam Street 6,4K-TV,5,3566.366112498663
POS-00488,2023-11-12,Biratnagar-Main,Hospital Rd,Gaming-Console,4,1228.513098833372
POS-00489,2023-05-22,Kathmandu-DurbarMarg,King's Way 101,VR-Headset,4,2650.7517111792868
POS-00490,2023-05-05,Pokhara-Lakeside,Baidam Street 6,Solar-Battery,3,2819.197266830124
POS-00491,2023-08-01,Pokhara-Lakeside,Baidam Street 6,Gaming-Console,1,4313.919192218509
POS-00492,2023-05-09,Kathmandu-DurbarMarg,King's Way 101,Drone-HD,3,2712.682306452794
POS-00493,2023-10-31,Biratnagar-Main,Hospital Rd,Drone-HD,6,3416.6813640832224
POS-00494,2023-11-25,Biratnagar-Main,Hospital Rd,Solar-Battery,4,877.3189505637174
POS-00495,2023-02-19,Biratnagar-Main,Hospital Rd,Smart-Hub,4,1422.4281675401185
POS-00496,2023-09-21,Pokhara-Lakeside,Baidam Street 6,Smart-Hub,1,2472.3564282472607
POS-00497,2023-06-04,Pokhara-Lakeside,Baidam Street 6,VR-Headset,9,3085.0334202268373
POS-00498,2023-12-01,Lalitpur-Patan,Pulchowk Rd,VR-Headset,8,408.59412852056147
POS-00499,2023-07-10,Lalitpur-Patan,Pulchowk Rd,Gaming-Console,4,811.4091728548867
POS-00500,2023-05-31,Biratnagar-Main,Hospital Rd,VR-Headset,1,25.388470269672936
POS-00501,2023-06-02,Lalitpur-Patan,Pulchowk Rd,Drone-HD,5,4265.944653779234
POS-00502,2023-08-29,Butwal-Chowk,Traffic Chowk E,VR-Headset,3,427.6774481302924
POS-00503,2023-05-13,Biratnagar-Main,Hospital Rd,VR-Headset,5,4775.249218472131
POS-00504,2023-12-26,Butwal-Chowk,Traffic Chowk E,Drone-HD,6,4094.5342538066025
POS-00505,2023-03-27,Biratnagar-Main,Hospital Rd,Gaming-Console,6,525.0190254177094
POS-00506,2023-10-07,Biratnagar-Main,Hospital Rd,Solar-Battery,8,152.5942510386301
POS-00507,2023-06-03,Butwal-Chowk,Traffic Chowk E,Drone-HD,3,3171.071193575925
POS-00508,2023-03-15,Kathmandu-DurbarMarg,King's Way 101,VR-Headset,5,4768.578111367282
POS-00509,2023-10-16,Butwal-Chowk,Traffic Chowk E,Gaming-Console,5,1840.8820093901984
POS-00510,2023-04-17,Lalitpur-Patan,Pulchowk Rd,Smart-Hub,8,1038.879856942058
POS-00511,2023-07-28,Kathmandu-DurbarMarg,King's Way 101,4K-TV,6,90.44540936943423
POS-00512,2023-05-01,Butwal-Chowk,Traffic Chowk E,Smart-Hub,9,4926.950929064911
POS-00513,2023-11-15,Biratnagar-Main,Hospital Rd,Gaming-Console,3,3852.3207965932397
POS-00514,2023-10-18,Lalitpur-Patan,Pulchowk Rd,Gaming-Console,6,2878.2154770937836
POS-00515,2023-10-19,Kathmandu-DurbarMarg,King's Way 101,Smart-Hub,3,2773.398793350679
POS-00516,2023-02-11,Biratnagar-Main,Hospital Rd,VR-Headset,7,508.83147684162486
POS-00517,2023-07-15,Lalitpur-Patan,Pulchowk Rd,Smart-Hub,2,3524.23292237986
POS-00518,2023-03-12,Pokhara-Lakeside,Baidam Street 6,VR-Headset,1,2243.593228658593
POS-00519,2023-04-27,Biratnagar-Main,Hospital Rd,Smart-Hub,6,2434.076484251943
POS-00520,2023-07-16,Kathmandu-DurbarMarg,King's Way 101,Smart-Hub,1,3302.1541143178706
POS-00521,2023-03-27,Pokhara-Lakeside,Baidam Street 6,VR-Headset,3,2665.7403520814237
POS-00522,2023-08-12,Pokhara-Lakeside,Baidam Street 6,VR-Headset,7,896.025132649643
POS-00523,2023-07-14,Pokhara-Lakeside,Baidam Street 6,Drone-HD,9,3843.1300042866114
POS-00524,2023-04-09,Butwal-Chowk,Traffic Chowk E,Drone-HD,9,4047.441078740273
POS-00525,2023-07-23,Butwal-Chowk,Traffic Chowk E,VR-Headset,6,1452.0267231976418
POS-00526,2023-11-27,Biratnagar-Main,Hospital Rd,Solar-Battery,7,1266.4254414454085
POS-00527,2023-02-11,Pokhara-Lakeside,Baidam Street 6,VR-Headset,6,4915.65913463519
POS-00528,2023-03-29,Kathmandu-DurbarMarg,King's Way 101,4K-TV,3,4799.261323683583
POS-00529,2023-01-22,Lalitpur-Patan,Pulchowk Rd,Gaming-Console,9,3735.470141025514
POS-00530,2023-10-10,Butwal-Chowk,Traffic Chowk E,Solar-Battery,4,4773.669173466222
POS-00531,2023-08-29,Kathmandu-DurbarMarg,King's Way 101,Smart-Hub,8,1973.6422004842866
POS-00532,2023-05-02,Biratnagar-Main,Hospital Rd,Solar-Battery,2,189.81392141733784
POS-00533,2023-05-03,Kathmandu-DurbarMarg,King's Way 101,Drone-HD,5,2812.159085955532
POS-00534,2023-03-07,Lalitpur-Patan,Pulchowk Rd,4K-TV,8,959.0915654097103
POS-00535,2023-08-18,Kathmandu-DurbarMarg,King's Way 101,Solar-Battery,7,3595.283563749231
POS-00536,2023-08-09,Biratnagar-Main,Hospital Rd,Drone-HD,9,3592.359218185559
POS-00537,2023-01-19,Butwal-Chowk,Traffic Chowk E,Solar-Battery,4,1504.1446683574168
POS-00538,2023-07-25,Pokhara-Lakeside,Baidam Street 6,Drone-HD,8,1062.2752465605447
POS-00539,2023-04-04,Butwal-Chowk,Traffic Chowk E,Solar-Battery,2,1617.7175155470165
POS-00540,2023-08-31,Pokhara-Lakeside,Baidam Street 6,Smart-Hub,2,3141.3390955569485
POS-00541,2023-10-17,Kathmandu-DurbarMarg,King's Way 101,Smart-Hub,2,942.1840567044453
POS-00542,2023-05-08,Biratnagar-Main,Hospital Rd,Gaming-Console,4,4325.789593913583
POS-00543,2023-07-20,Biratnagar-Main,Hospital Rd,4K-TV,8,3602.424653207324
POS-00544,2023-11-05,Kathmandu-DurbarMarg,King's Way 101,Drone-HD,6,600.7437183925256
POS-00545,2023-03-26,Butwal-Chowk,Traffic Chowk E,VR-Headset,5,-76.6411729274567
POS-00546,2023-04-29,Biratnagar-Main,Hospital Rd,Smart-Hub,7,4366.341939892271
POS-00547,2023-10-14,Kathmandu-DurbarMarg,King's Way 101,Drone-HD,4,2641.1076260864834
POS-00548,2023-07-03,Biratnagar-Main,Hospital Rd,Gaming-Console,6,4227.8944565334605
POS-00549,2023-11-19,Butwal-Chowk,Traffic Chowk E,Drone-HD,4,2993.186801870675
POS-00550,2023-11-07,Lalitpur-Patan,Pulchowk Rd,VR-Headset,7,2656.711584410224
POS-00551,2023-12-01,Kathmandu-DurbarMarg,King's Way 101,Gaming-Console,2,1811.453787655
POS-00552,2023-10-04,Kathmandu-DurbarMarg,King's Way 101,Drone-HD,3,653.4491899055652
POS-00553,2023-05-28,Butwal-Chowk,Traffic Chowk E,VR-Headset,3,3460.560750459808
POS-00554,2023-12-23,Butwal-Chowk,Traffic Chowk E,4K-TV,3,3157.1607390795284
POS-00555,2023-06-11,Kathmandu-DurbarMarg,King's Way 101,Smart-Hub,8,755.3449385664691
POS-00556,2023-01-17,Pokhara-Lakeside,Baidam Street 6,Gaming-Console,3,556.5453510518464
POS-00557,2023-04-26,Kathmandu-DurbarMarg,King's Way 101,Gaming-Console,9,1510.0978758499793
POS-00558,2023-08-12,Kathmandu-DurbarMarg,King's Way 101,Drone-HD,3,4230.531345184204
POS-00559,2023-03-12,Pokhara-Lakeside,Baidam Street 6,VR-Headset,2,1628.3511723772647
POS-00560,2023-02-16,Lalitpur-Patan,Pulchowk Rd,VR-Headset,4,2295.5052817706287
POS-00561,2023-07-30,Lalitpur-Patan,Pulchowk Rd,Smart-Hub,8,-99.7213872975139
POS-00562,2023-04-27,Lalitpur-Patan,Pulchowk Rd,Drone-HD,7,2768.1535904360203
POS-00563,2023-04-05,Kathmandu-DurbarMarg,King's Way 101,Drone-HD,4,3972.430135462185
POS-00564,2023-02-12,Pokhara-Lakeside,Baidam Street 6,Smart-Hub,8,3004.5614174987268
POS-00565,2023-12-08,Lalitpur-Patan,Pulchowk Rd,Solar-Battery,6,4944.457009074047
POS-00566,2023-12-26,Pokhara-Lakeside,Baidam Street 6,Drone-HD,1,1673.2716014228859
POS-00567,2023-07-05,Pokhara-Lakeside,Baidam Street 6,Gaming-Console,9,2615.4658566058424
POS-00568,2023-09-02,Kathmandu-DurbarMarg,King's Way 101,VR-Headset,2,73.47995997668045
POS-00569,2023-11-13,Pokhara-Lakeside,Baidam Street 6,VR-Headset,7,4850.114248296384
POS-00570,2023-06-24,Butwal-Chowk,Traffic Chowk E,Drone-HD,7,3836.76882601315
POS-00571,2023-01-14,Kathmandu-DurbarMarg,King's Way 101,Smart-Hub,4,-46.416953316893206
POS-00572,2023-06-20,Lalitpur-Patan,Pulchowk Rd,Drone-HD,4,1677.6330538155594
POS-00573,2023-09-17,Butwal-Chowk,Traffic Chowk E,Solar-Battery,5,362.9124207660491
POS-00574,2023-09-05,Kathmandu-DurbarMarg,King's Way 101,VR-Headset,7,3634.5313510597384
POS-00575,2023-08-24,Kathmandu-DurbarMarg,King's Way 101,Gaming-Console,5,1890.1081235121994
POS-00576,2023-07-27,Kathmandu-DurbarMarg,King's Way 101,4K-TV,4,634.8739993735204
POS-00577,2023-07-26,Kathmandu-DurbarMarg,King's Way 101,Drone-HD,5,-36.86288714020254
POS-00578,2023-04-15,Butwal-Chowk,Traffic Chowk E,Smart-Hub,8,1949.2394594501125
POS-00579,2023-03-10,Biratnagar-Main,Hospital Rd,VR-Headset,5,3237.0366184831114
POS-00580,2023-09-20,Kathmandu-DurbarMarg,King's Way 101,Gaming-Console,2,3787.903205064244
POS-00581,2023-11-09,Lalitpur-Patan,Pulchowk Rd,Gaming-Console,8,550.2311238128749
POS-00582,2023-05-22,Pokhara-Lakeside,Baidam Street 6,Solar-Battery,1,1165.5635299454675
POS-00583,2023-05-31,Pokhara-Lakeside,Baidam Street 6,Drone-HD,5,2395.8628493263836
POS-00584,2023-02-20,Butwal-Chowk,Traffic Chowk E,4K-TV,6,3997.909663974614
POS-00585,2023-02-12,Butwal-Chowk,Traffic Chowk E,Drone-HD,4,4700.388620095579
POS-00586,2023-11-09,Butwal-Chowk,Traffic Chowk E,4K-TV,8,777.7325849130838
POS-00587,2023-02-24,Biratnagar-Main,Hospital Rd,VR-Headset,5,4073.989258748702
POS-00588,2023-06-28,Biratnagar-Main,Hospital Rd,4K-TV,5,3734.7697100833
POS-00589,2023-08-11,Lalitpur-Patan,Pulchowk Rd,Smart-Hub,1,2668.3994000717908
POS-00590,2023-07-23,Biratnagar-Main,Hospital Rd,Gaming-Console,6,1814.1121600645208
POS-00591,2023-12-13,Kathmandu-DurbarMarg,King's Way 101,VR-Headset,4,4440.155609947013
POS-00592,2023-07-12,Biratnagar-Main,Hospital Rd,VR-Headset,2,239.27029058773905
POS-00593,2023-04-25,Lalitpur-Patan,Pulchowk Rd,4K-TV,9,866.1266438074753
POS-00594,2023-09-10,Kathmandu-DurbarMarg,King's Way 101,Gaming-Console,2,440.7863864424585
POS-00595,2023-01-08,Pokhara-Lakeside,Baidam Street 6,Solar-Battery,9,445.5172346236401
POS-00596,2023-05-10,Butwal-Chowk,Traffic Chowk E,VR-Headset,7,995.9163132656488
POS-00597,2023-10-19,Lalitpur-Patan,Pulchowk Rd,Solar-Battery,5,1283.8793459421336
POS-00598,2023-12-04,Biratnagar-Main,Hospital Rd,4K-TV,6,1807.1932128052024
POS-00599,2023-08-12,Butwal-Chowk,Traffic Chowk E,Smart-Hub,8,4501.418048874162
POS-00600,2023-09-15,Lalitpur-Patan,Pulchowk Rd,VR-Headset,1,2275.6767106689526
POS-00601,2023-12-10,Kathmandu-DurbarMarg,King's Way 101,VR-Headset,7,3622.727958306994
POS-00602,2023-04-07,Lalitpur-Patan,Pulchowk Rd,4K-TV,3,87.94567073126592
POS-00603,2023-10-14,Pokhara-Lakeside,Baidam Street 6,4K-TV,7,1293.060752296656
POS-00604,2023-09-21,Pokhara-Lakeside,Baidam Street 6,Gaming-Console,6,412.6859314897066
POS-00605,2023-05-26,Lalitpur-Patan,Pulchowk Rd,Smart-Hub,7,254.91951302379857
POS-00606,2023-07-21,Biratnagar-Main,Hospital Rd,Solar-Battery,8,3191.252045102654
POS-00607,2023-05-22,Kathmandu-DurbarMarg,King's Way 101,4K-TV,9,2924.1101890067325
POS-00608,2023-06-22,Lalitpur-Patan,Pulchowk Rd,VR-Headset,1,-15.111578050834567
POS-00609,2023-04-08,Pokhara-Lakeside,Baidam Street 6,Drone-HD,5,3051.229742372817
POS-00610,2023-05-09,Biratnagar-Main,Hospital Rd,Smart-Hub,3,4549.590494788577
POS-00611,2023-10-29,Lalitpur-Patan,Pulchowk Rd,Drone-HD,2,4368.00516796272
POS-00612,2023-05-01,Kathmandu-DurbarMarg,King's Way 101,Solar-Battery,1,-6.378656343383142
POS-00613,2023-08-02,Kathmandu-DurbarMarg,King's Way 101,Gaming-Console,2,4240.869988828333
POS-00614,2023-06-15,Kathmandu-DurbarMarg,King's Way 101,Drone-HD,5,1017.7330081421533
POS-00615,2023-03-09,Kathmandu-DurbarMarg,King's Way 101,VR-Headset,5,2256.1234858760636
POS-00616,2023-01-16,Lalitpur-Patan,Pulchowk Rd,Solar-Battery,4,1661.4853643332872
POS-00617,2023-01-21,Kathmandu-DurbarMarg,King's Way 101,VR-Headset,8,4485.774815642436
POS-00618,2023-02-02,Lalitpur-Patan,Pulchowk Rd,4K-TV,4,2651.3353435394215
POS-00619,2023-08-16,Kathmandu-DurbarMarg,King's Way 101,Smart-Hub,8,100.15589082296441
POS-00620,2023-09-29,Kathmandu-DurbarMarg,King's Way 101,Smart-Hub,6,1727.400779992507
POS-00621,2023-08-11,Biratnagar-Main,Hospital Rd,4K-TV,9,1460.1401915085678
POS-00622,2023-02-10,Butwal-Chowk,Traffic Chowk E,Drone-HD,8,4671.076509962978
POS-00623,2023-07-07,Kathmandu-DurbarMarg,King's Way 101,Smart-Hub,2,248.3625272328523
POS-00624,2023-10-24,Lalitpur-Patan,Pulchowk Rd,Smart-Hub,3,761.3955068696009
POS-00625,2023-08-07,Pokhara-Lakeside,Baidam Street 6,VR-Headset,6,3661.797961197117
POS-00626,2023-01-10,Kathmandu-DurbarMarg,King's Way 101,Gaming-Console,6,3517.5567774521924
POS-00627,2023-12-05,Biratnagar-Main,Hospital Rd,Smart-Hub,9,1286.050288688983
POS-00628,2023-03-24,Kathmandu-DurbarMarg,King's Way 101,Drone-HD,8,4509.111583290076
POS-00629,2023-11-05,Pokhara-Lakeside,Baidam Street 6,4K-TV,8,2062.3723376211897
POS-00630,2023-12-08,Kathmandu-DurbarMarg,King's Way 101,Gaming-Console,9,3676.153782688669
POS-00631,2023-04-05,Pokhara-Lakeside,Baidam Street 6,Drone-HD,7,4426.376092914376
POS-00632,2023-02-09,Butwal-Chowk,Traffic Chowk E,Gaming-Console,3,4724.757873657331
POS-00633,2023-06-14,Biratnagar-Main,Hospital Rd,VR-Headset,6,4655.891708399225
POS-00634,2023-06-14,Pokhara-Lakeside,Baidam Street 6,Gaming-Console,3,1689.702271400098
POS-00635,2023-07-29,Butwal-Chowk,Traffic Chowk E,VR-Headset,2,3807.896224034758
POS-00636,2023-02-19,Butwal-Chowk,Traffic Chowk E,Solar-Battery,4,4954.212417986115
POS-00637,2023-01-19,Butwal-Chowk,Traffic Chowk E,Smart-Hub,4,3382.8928423603747
POS-00638,2023-09-10,Butwal-Chowk,Traffic Chowk E,Drone-HD,4,4645.872902279002
POS-00639,2023-02-26,Kathmandu-DurbarMarg,King's Way 101,4K-TV,7,3165.58743305667
POS-00640,2023-06-05,Biratnagar-Main,Hospital Rd,Gaming-Console,1,4662.988070689936
POS-00641,2023-10-09,Pokhara-Lakeside,Baidam Street 6,4K-TV,6,300.2088527441472
POS-00642,2023-06-11,Butwal-Chowk,Traffic Chowk E,Gaming-Console,3,2574.554106950617
POS-00643,2023-08-29,Biratnagar-Main,Hospital Rd,Solar-Battery,4,2361.394460333589
POS-00644,2023-06-11,Kathmandu-DurbarMarg,King's Way 101,VR-Headset,7,4892.3135906054
POS-00645,2023-07-08,Biratnagar-Main,Hospital Rd,VR-Headset,5,2617.354842177837
POS-00646,2023-06-04,Lalitpur-Patan,Pulchowk Rd,4K-TV,9,1070.9789116761483
POS-00647,2023-05-21,Lalitpur-Patan,Pulchowk Rd,Drone-HD,6,3129.4353270826896
POS-00648,2023-10-02,Butwal-Chowk,Traffic Chowk E,VR-Headset,1,3259.0526090665385
POS-00649,2023-07-23,Biratnagar-Main,Hospital Rd,Drone-HD,9,3465.7669040394067
POS-00650,2023-09-24,Kathmandu-DurbarMarg,King's Way 101,4K-TV,1,3497.2704906419913
POS-00651,2023-04-10,Butwal-Chowk,Traffic Chowk E,Gaming-Console,2,3220.659239512019
POS-00652,2023-09-12,Butwal-Chowk,Traffic Chowk E,4K-TV,8,3918.194279208113
POS-00653,2023-08-08,Lalitpur-Patan,Pulchowk Rd,Solar-Battery,4,1101.580325368819
POS-00654,2023-01-16,Biratnagar-Main,Hospital Rd,Gaming-Console,5,1234.5839942514904
POS-00655,2023-07-30,Kathmandu-DurbarMarg,King's Way 101,Solar-Battery,7,4445.8933585357645
POS-00656,2023-09-23,Butwal-Chowk,Traffic Chowk E,4K-TV,3,4455.863923867195
POS-00657,2023-03-17,Lalitpur-Patan,Pulchowk Rd,Gaming-Console,7,1016.9219081056392
POS-00658,2023-09-15,Lalitpur-Patan,Pulchowk Rd,Solar-Battery,6,1460.2397116351037
POS-00659,2023-11-08,Pokhara-Lakeside,Baidam Street 6,Drone-HD,5,1534.4428977715258
POS-00660,2023-06-29,Pokhara-Lakeside,Baidam Street 6,Smart-Hub,1,4723.164872849385
POS-00661,2023-08-30,Pokhara-Lakeside,Baidam Street 6,Drone-HD,6,3015.3759089920836
POS-00662,2023-10-27,Butwal-Chowk,Traffic Chowk E,Smart-Hub,4,477.23174443805453
POS-00663,2023-07-04,Pokhara-Lakeside,Baidam Street 6,Solar-Battery,9,3971.587766922494
POS-00664,2023-08-26,Lalitpur-Patan,Pulchowk Rd,Drone-HD,5,1060.653126115499
POS-00665,2023-01-08,Biratnagar-Main,Hospital Rd,Smart-Hub,6,1583.9039901777414
POS-00666,2023-03-23,Butwal-Chowk,Traffic Chowk E,Gaming-Console,8,3062.4898298382564
POS-00667,2023-12-09,Pokhara-Lakeside,Baidam Street 6,Drone-HD,5,2024.7047228957445
POS-00668,2023-09-14,Lalitpur-Patan,Pulchowk Rd,Gaming-Console,4,4133.76523595199
POS-00669,2023-10-12,Lalitpur-Patan,Pulchowk Rd,Gaming-Console,5,2033.368277068554
POS-00670,2023-05-24,Pokhara-Lakeside,Baidam Street 6,Solar-Battery,7,515.1491618110434
POS-00671,2023-10-27,Kathmandu-DurbarMarg,King's Way 101,Smart-Hub,8,247.6152501450179
POS-00672,2023-06-23,Butwal-Chowk,Traffic Chowk E,Gaming-Console,5,1386.598844170486
POS-00673,2023-07-26,Kathmandu-DurbarMarg,King's Way 101,Smart-Hub,8,4927.975593268202
POS-00674,2023-09-12,Butwal-Chowk,Traffic Chowk E,Drone-HD,7,1898.0547496055997
POS-00675,2023-11-18,Kathmandu-DurbarMarg,King's Way 101,Drone-HD,8,4610.563694572492
POS-00676,2023-01-07,Biratnagar-Main,Hospital Rd,VR-Headset,9,2593.256916483619
POS-00677,2023-03-27,Butwal-Chowk,Traffic Chowk E,Smart-Hub,8,3567.3002327254444
POS-00678,2023-09-16,Biratnagar-Main,Hospital Rd,Gaming-Console,7,2885.5344479857895
POS-00679,2023-05-04,Kathmandu-DurbarMarg,King's Way 101,Smart-Hub,6,2297.8363947093135
POS-00680,2023-09-10,Butwal-Chowk,Traffic Chowk E,VR-Headset,9,3644.4403810290924
POS-00681,2023-11-23,Butwal-Chowk,Traffic Chowk E,Gaming-Console,8,771.9609574032677
POS-00682,2023-02-10,Lalitpur-Patan,Pulchowk Rd,Gaming-Console,6,4386.910346390387
POS-00683,2023-06-20,Biratnagar-Main,Hospital Rd,VR-Headset,6,1594.9655136031035
POS-00684,2023-12-05,Kathmandu-DurbarMarg,King's Way 101,Drone-HD,2,4868.305418876951
POS-00685,2023-07-19,Biratnagar-Main,Hospital Rd,Smart-Hub,4,4494.682813779245
POS-00686,2023-11-03,Butwal-Chowk,Traffic Chowk E,Gaming-Console,2,623.9687102505842
POS-00687,2023-05-13,Kathmandu-DurbarMarg,King's Way 101,Drone-HD,4,2594.2092740473768
POS-00688,2023-07-20,Pokhara-Lakeside,Baidam Street 6,Drone-HD,4,4572.217747609175
POS-00689,2023-11-18,Pokhara-Lakeside,Baidam Street 6,VR-Headset,4,1084.0940721802885
POS-00690,2023-11-05,Butwal-Chowk,Traffic Chowk E,Solar-Battery,1,1423.5137266854958
POS-00691,2023-11-20,Pokhara-Lakeside,Baidam Street 6,Gaming-Console,2,4498.911525662852
POS-00692,2023-01-28,Pokhara-Lakeside,Baidam Street 6,Solar-Battery,6,1890.8869386288618
POS-00693,2023-07-23,Butwal-Chowk,Traffic Chowk E,Smart-Hub,9,179.8952549557731
POS-00694,2023-05-11,Kathmandu-DurbarMarg,King's Way 101,VR-Headset,5,404.79684836221975
POS-00695,2023-06-11,Kathmandu-DurbarMarg,King's Way 101,Gaming-Console,9,270.6580165424441
POS-00696,2023-11-09,Kathmandu-DurbarMarg,King's Way 101,Drone-HD,4,4704.075583494624
POS-00697,2023-01-28,Biratnagar-Main,Hospital Rd,Smart-Hub,7,3701.595895839825
POS-00698,2023-04-02,Biratnagar-Main,Hospital Rd,VR-Headset,3,1156.7933082955433
POS-00699,2023-10-07,Biratnagar-Main,Hospital Rd,Drone-HD,1,4330.475453880207
POS-00700,2023-04-20,Pokhara-Lakeside,Baidam Street 6,Drone-HD,8,1185.9063423339248
POS-00701,2023-03-10,Pokhara-Lakeside,Baidam Street 6,4K-TV,8,1104.9451853635267
POS-00702,2023-06-27,Lalitpur-Patan,Pulchowk Rd,4K-TV,2,3341.371318875038
POS-00703,2023-07-24,Lalitpur-Patan,Pulchowk Rd,VR-Headset,4,4262.935456609012
POS-00704,2023-05-15,Pokhara-Lakeside,Baidam Street 6,Gaming-Console,2,4059.8500406020194
POS-00705,2023-01-28,Biratnagar-Main,Hospital Rd,Gaming-Console,6,3222.7436007483884
POS-00706,2023-01-01,Kathmandu-DurbarMarg,King's Way 101,Drone-HD,8,2426.7399752446804
POS-00707,2023-03-29,Pokhara-Lakeside,Baidam Street 6,Solar-Battery,5,2023.183785951927
POS-00708,2023-05-14,Biratnagar-Main,Hospital Rd,4K-TV,4,1847.9895546958662
POS-00709,2023-04-10,Kathmandu-DurbarMarg,King's Way 101,Gaming-Console,4,3509.4973888814134
POS-00710,2023-12-05,Lalitpur-Patan,Pulchowk Rd,4K-TV,7,4293.370134786781
POS-00711,2023-07-02,Lalitpur-Patan,Pulchowk Rd,Solar-Battery,5,4258.491417032415
POS-00712,2023-07-12,Biratnagar-Main,Hospital Rd,VR-Headset,2,516.7634101785418
POS-00713,2023-11-01,Lalitpur-Patan,Pulchowk Rd,VR-Headset,7,3485.243843991614
POS-00714,2023-02-20,Butwal-Chowk,Traffic Chowk E,Solar-Battery,4,2772.157636672777
POS-00715,2023-05-19,Butwal-Chowk,Traffic Chowk E,Solar-Battery,3,1704.484688126252
POS-00716,2023-03-27,Kathmandu-DurbarMarg,King's Way 101,VR-Headset,3,4069.4039438472782
POS-00717,2023-09-13,Butwal-Chowk,Traffic Chowk E,Gaming-Console,2,641.209193685503
POS-00718,2023-11-30,Biratnagar-Main,Hospital Rd,Smart-Hub,5,4043.0585609013106
POS-00719,2023-07-15,Pokhara-Lakeside,Baidam Street 6,Gaming-Console,7,2857.627052614733
POS-00720,2023-07-05,Lalitpur-Patan,Pulchowk Rd,Smart-Hub,8,95.67404572041849
POS-00721,2023-02-15,Kathmandu-DurbarMarg,King's Way 101,VR-Headset,6,4382.428279980115
POS-00722,2023-01-19,Lalitpur-Patan,Pulchowk Rd,Smart-Hub,6,4938.0564585519
POS-00723,2023-05-13,Biratnagar-Main,Hospital Rd,Drone-HD,1,128.1578036927413
POS-00724,2023-01-15,Pokhara-Lakeside,Baidam Street 6,4K-TV,3,2028.9651281141187
POS-00725,2023-03-16,Butwal-Chowk,Traffic Chowk E,Drone-HD,7,515.560445907128
POS-00726,2023-05-07,Biratnagar-Main,Hospital Rd,Solar-Battery,2,3609.8177895081767
POS-00727,2023-11-14,Butwal-Chowk,Traffic Chowk E,4K-TV,2,2041.83957147407
POS-00728,2023-04-18,Biratnagar-Main,Hospital Rd,VR-Headset,7,646.3769507364744
POS-00729,2023-07-20,Biratnagar-Main,Hospital Rd,VR-Headset,8,3171.5312785523115
POS-00730,2023-09-08,Biratnagar-Main,Hospital Rd,VR-Headset,2,257.8396166439498
POS-00731,2023-01-25,Butwal-Chowk,Traffic Chowk E,Smart-Hub,3,4040.326674700439
POS-00732,2023-01-05,Butwal-Chowk,Traffic Chowk E,VR-Headset,5,-45.46691773852436
POS-00733,2023-08-06,Pokhara-Lakeside,Baidam Street 6,Drone-HD,7,2167.103305876155
POS-00734,2023-01-04,Lalitpur-Patan,Pulchowk Rd,Drone-HD,1,916.8375048548908
POS-00735,2023-06-12,Pokhara-Lakeside,Baidam Street 6,Solar-Battery,5,1674.3014569688926
POS-00736,2023-04-13,Biratnagar-Main,Hospital Rd,Drone-HD,9,4836.774937919611
POS-00737,2023-08-06,Pokhara-Lakeside,Baidam Street 6,Drone-HD,3,1981.8725412495437
POS-00738,2023-07-25,Butwal-Chowk,Traffic Chowk E,Drone-HD,7,4395.243738672275
POS-00739,2023-08-10,Kathmandu-DurbarMarg,King's Way 101,Smart-Hub,1,2114.3037520479193
POS-00740,2023-01-04,Biratnagar-Main,Hospital Rd,Gaming-Console,1,464.952054844385
POS-00741,2023-10-11,Butwal-Chowk,Traffic Chowk E,4K-TV,9,4001.461457716867
POS-00742,2023-06-28,Lalitpur-Patan,Pulchowk Rd,Gaming-Console,5,-82.83722690128184
POS-00743,2023-08-01,Pokhara-Lakeside,Baidam Street 6,Smart-Hub,6,2402.0334640591327
POS-00744,2023-11-10,Butwal-Chowk,Traffic Chowk E,Solar-Battery,3,917.790754890202
POS-00745,2023-12-21,Lalitpur-Patan,Pulchowk Rd,4K-TV,9,1398.4456599185464
POS-00746,2023-06-10,Kathmandu-DurbarMarg,King's Way 101,Drone-HD,9,4516.906804183564
POS-00747,2023-02-12,Kathmandu-DurbarMarg,King's Way 101,Smart-Hub,3,2439.315438816985
POS-00748,2023-01-05,Biratnagar-Main,Hospital Rd,4K-TV,7,3163.489918826563
POS-00749,2023-04-01,Lalitpur-Patan,Pulchowk Rd,Gaming-Console,4,2040.6116583715889
POS-00750,2023-04-10,Butwal-Chowk,Traffic Chowk E,Drone-HD,6,2883.245404272103
POS-00751,2023-11-13,Biratnagar-Main,Hospital Rd,Gaming-Console,4,1312.4940393190452
POS-00752,2023-05-11,Pokhara-Lakeside,Baidam Street 6,VR-Headset,6,436.37822355773915
POS-00753,2023-05-29,Pokhara-Lakeside,Baidam Street 6,Drone-HD,8,2566.3572767935116
POS-00754,2023-10-15,Butwal-Chowk,Traffic Chowk E,Smart-Hub,3,2769.972890686269
POS-00755,2023-07-28,Butwal-Chowk,Traffic Chowk E,Smart-Hub,1,2945.9786282376226
POS-00756,2023-01-15,Kathmandu-DurbarMarg,King's Way 101,Drone-HD,6,1563.2096415855106
POS-00757,2023-09-12,Pokhara-Lakeside,Baidam Street 6,4K-TV,1,623.167483722399
POS-00758,2023-03-10,Kathmandu-DurbarMarg,King's Way 101,4K-TV,9,607.2078384891357
POS-00759,2023-03-12,Lalitpur-Patan,Pulchowk Rd,4K-TV,3,3941.0319306598485
POS-00760,2023-01-07,Butwal-Chowk,Traffic Chowk E,4K-TV,8,2517.2081764756404
POS-00761,2023-02-22,Lalitpur-Patan,Pulchowk Rd,Gaming-Console,2,1867.7628886464945
POS-00762,2023-01-26,Lalitpur-Patan,Pulchowk Rd,4K-TV,6,2066.2013434814435
POS-00763,2023-10-22,Butwal-Chowk,Traffic Chowk E,Gaming-Console,1,340.7970616040458
POS-00764,2023-05-02,Butwal-Chowk,Traffic Chowk E,VR-Headset,2,1384.4649703837447
POS-00765,2023-02-24,Lalitpur-Patan,Pulchowk Rd,Smart-Hub,1,3404.8450906225203
POS-00766,2023-09-01,Pokhara-Lakeside,Baidam Street 6,4K-TV,5,2646.1051479253715
POS-00767,2023-08-10,Pokhara-Lakeside,Baidam Street 6,4K-TV,4,1469.350040837359
POS-00768,2023-12-17,Butwal-Chowk,Traffic Chowk E,4K-TV,6,75.44455709005072
POS-00769,2023-06-29,Biratnagar-Main,Hospital Rd,Drone-HD,8,-79.54273237761996
POS-00770,2023-08-16,Biratnagar-Main,Hospital Rd,4K-TV,5,3573.8293210481943
POS-00771,2023-08-14,Pokhara-Lakeside,Baidam Street 6,4K-TV,4,4819.764755955211
POS-00772,2023-09-25,Lalitpur-Patan,Pulchowk Rd,4K-TV,9,-22.567513326091117
POS-00773,2023-12-03,Pokhara-Lakeside,Baidam Street 6,Solar-Battery,6,4804.08590900789
POS-00774,2023-03-08,Pokhara-Lakeside,Baidam Street 6,4K-TV,1,944.1681364898043
POS-00775,2023-05-16,Lalitpur-Patan,Pulchowk Rd,VR-Headset,9,4917.106832183617
POS-00776,2023-01-05,Biratnagar-Main,Hospital Rd,4K-TV,6,2365.8335749115627
POS-00777,2023-05-24,Kathmandu-DurbarMarg,King's Way 101,Drone-HD,5,3694.2998397021797
POS-00778,2023-04-23,Biratnagar-Main,Hospital Rd,Gaming-Console,7,2930.251999153721
POS-00779,2023-03-24,Kathmandu-DurbarMarg,King's Way 101,Drone-HD,6,1001.1050390533494
POS-00780,2023-03-01,Kathmandu-DurbarMarg,King's Way 101,Gaming-Console,5,2369.8488688481575
POS-00781,2023-07-02,Kathmandu-DurbarMarg,King's Way 101,Gaming-Console,9,3109.995632363283
POS-00782,2023-01-15,Pokhara-Lakeside,Baidam Street 6,VR-Headset,2,598.5205519868904
POS-00783,2023-06-04,Kathmandu-DurbarMarg,King's Way 101,Drone-HD,4,1662.4739144209461
POS-00784,2023-08-13,Butwal-Chowk,Traffic Chowk E,Gaming-Console,5,4143.466071836123
POS-00785,2023-11-06,Lalitpur-Patan,Pulchowk Rd,Gaming-Console,9,3482.1611346221216
POS-00786,2023-09-24,Pokhara-Lakeside,Baidam Street 6,Solar-Battery,5,2832.739892288604
POS-00787,2023-06-24,Pokhara-Lakeside,Baidam Street 6,4K-TV,7,573.4168769839162
POS-00788,2023-07-15,Lalitpur-Patan,Pulchowk Rd,Solar-Battery,1,3251.4567531216776
POS-00789,2023-03-01,Lalitpur-Patan,Pulchowk Rd,Drone-HD,4,312.2374077548275
POS-00790,2023-01-13,Kathmandu-DurbarMarg,King's Way 101,Gaming-Console,2,3408.7931408811246
POS-00791,2023-04-10,Butwal-Chowk,Traffic Chowk E,4K-TV,1,461.753931806993
POS-00792,2023-09-29,Butwal-Chowk,Traffic Chowk E,Drone-HD,7,4402.91578977816
POS-00793,2023-06-01,Biratnagar-Main,Hospital Rd,Gaming-Console,1,1086.7218523571817
POS-00794,2023-04-06,Kathmandu-DurbarMarg,King's Way 101,Smart-Hub,2,1949.415455433721
POS-00795,2023-11-16,Pokhara-Lakeside,Baidam Street 6,Smart-Hub,6,2979.0592795557136
POS-00796,2023-11-14,Pokhara-Lakeside,Baidam Street 6,4K-TV,3,2601.9778157594874
POS-00797,2023-11-03,Pokhara-Lakeside,Baidam Street 6,Drone-HD,7,2671.42912040477
POS-00798,2023-01-03,Pokhara-Lakeside,Baidam Street 6,Smart-Hub,9,1601.6676368838762
POS-00799,2023-08-01,Kathmandu-DurbarMarg,King's Way 101,Smart-Hub,3,704.107435006088
POS-00800,2023-11-17,Lalitpur-Patan,Pulchowk Rd,Solar-Battery,5,3182.3150779069942
POS-00801,2023-03-12,Butwal-Chowk,Traffic Chowk E,Drone-HD,1,189.83436086575506
POS-00802,2023-12-04,Kathmandu-DurbarMarg,King's Way 101,Drone-HD,9,2939.830303375595
POS-00803,2023-11-29,Butwal-Chowk,Traffic Chowk E,Smart-Hub,2,553.5283819121615
POS-00804,2023-11-25,Biratnagar-Main,Hospital Rd,Gaming-Console,2,754.7526297761992
POS-00805,2023-01-14,Lalitpur-Patan,Pulchowk Rd,Drone-HD,5,2059.5291605901725
POS-00806,2023-10-06,Biratnagar-Main,Hospital Rd,Solar-Battery,2,1023.4915334055754
POS-00807,2023-05-01,Lalitpur-Patan,Pulchowk Rd,Drone-HD,1,4979.376489713717
POS-00808,2023-04-27,Kathmandu-DurbarMarg,King's Way 101,Gaming-Console,8,4471.298784649329
POS-00809,2023-01-18,Kathmandu-DurbarMarg,King's Way 101,Smart-Hub,3,4283.313058159835
POS-00810,2023-01-04,Butwal-Chowk,Traffic Chowk E,4K-TV,4,3899.526885263442
POS-00811,2023-04-12,Pokhara-Lakeside,Baidam Street 6,Solar-Battery,7,2578.7669377461666
POS-00812,2023-10-04,Pokhara-Lakeside,Baidam Street 6,Smart-Hub,7,3894.423355559839
POS-00813,2023-10-13,Lalitpur-Patan,Pulchowk Rd,4K-TV,9,3897.563107741702
POS-00814,2023-06-22,Biratnagar-Main,Hospital Rd,Gaming-Console,8,2337.565056095614
POS-00815,2023-10-04,Pokhara-Lakeside,Baidam Street 6,Solar-Battery,6,-19.111328230460103
POS-00816,2023-03-13,Pokhara-Lakeside,Baidam Street 6,Drone-HD,4,1878.9203620779926
POS-00817,2023-11-14,Lalitpur-Patan,Pulchowk Rd,Smart-Hub,5,4123.901157307313
POS-00818,2023-06-12,Butwal-Chowk,Traffic Chowk E,4K-TV,6,1219.1896527017818
POS-00819,2023-07-07,Butwal-Chowk,Traffic Chowk E,Gaming-Console,1,1407.786623648357
POS-00820,2023-04-14,Biratnagar-Main,Hospital Rd,Solar-Battery,1,4093.736714941595
POS-00821,2023-07-10,Lalitpur-Patan,Pulchowk Rd,4K-TV,2,4091.765721996917
POS-00822,2023-06-19,Biratnagar-Main,Hospital Rd,Smart-Hub,2,1685.9803921319285
POS-00823,2023-09-18,Kathmandu-DurbarMarg,King's Way 101,Smart-Hub,2,242.739491621014
POS-00824,2023-10-03,Kathmandu-DurbarMarg,King's Way 101,Gaming-Console,3,3827.4792680636538
POS-00825,2023-12-01,Pokhara-Lakeside,Baidam Street 6,Gaming-Console,7,1478.9471469052075
POS-00826,2023-12-23,Biratnagar-Main,Hospital Rd,VR-Headset,7,3457.212798962168
POS-00827,2023-10-17,Biratnagar-Main,Hospital Rd,Drone-HD,3,1551.1323638518083
POS-00828,2023-03-07,Biratnagar-Main,Hospital Rd,Solar-Battery,1,4577.358666359948
POS-00829,2023-07-01,Pokhara-Lakeside,Baidam Street 6,Solar-Battery,2,1635.077616141665
POS-00830,2023-01-04,Biratnagar-Main,Hospital Rd,Gaming-Console,7,209.04402232555066
POS-00831,2023-05-21,Pokhara-Lakeside,Baidam Street 6,Solar-Battery,8,4350.0402018106615
POS-00832,2023-05-03,Kathmandu-DurbarMarg,King's Way 101,Smart-Hub,2,3184.598578034607
POS-00833,2023-09-24,Biratnagar-Main,Hospital Rd,VR-Headset,4,3554.5629240883277
POS-00834,2023-07-24,Kathmandu-DurbarMarg,King's Way 101,Gaming-Console,8,2603.789961947166
POS-00835,2023-09-12,Lalitpur-Patan,Pulchowk Rd,Smart-Hub,6,2200.5848449122077
POS-00836,2023-02-09,Biratnagar-Main,Hospital Rd,VR-Headset,7,3420.479893928195
POS-00837,2023-02-15,Lalitpur-Patan,Pulchowk Rd,Gaming-Console,2,2570.2978536995147
POS-00838,2023-11-08,Butwal-Chowk,Traffic Chowk E,Solar-Battery,2,2704.312519488841
POS-00839,2023-12-07,Kathmandu-DurbarMarg,King's Way 101,Gaming-Console,4,1991.950960593204
POS-00840,2023-05-05,Pokhara-Lakeside,Baidam Street 6,Drone-HD,2,4594.963942980272
POS-00841,2023-02-15,Pokhara-Lakeside,Baidam Street 6,Drone-HD,3,525.3176411798512
POS-00842,2023-03-23,Pokhara-Lakeside,Baidam Street 6,4K-TV,8,4561.214203387341
POS-00843,2023-04-20,Biratnagar-Main,Hospital Rd,Drone-HD,7,1204.6687450994364
POS-00844,2023-07-16,Pokhara-Lakeside,Baidam Street 6,Smart-Hub,7,4925.8579385497405
POS-00845,2023-07-27,Pokhara-Lakeside,Baidam Street 6,Solar-Battery,2,1181.224946566946
POS-00846,2023-11-18,Lalitpur-Patan,Pulchowk Rd,Gaming-Console,5,4787.677191412289
POS-00847,2023-12-21,Pokhara-Lakeside,Baidam Street 6,Solar-Battery,7,3790.9558209720826
POS-00848,2023-01-20,Lalitpur-Patan,Pulchowk Rd,VR-Headset,4,3581.4918749851813
POS-00849,2023-01-14,Butwal-Chowk,Traffic Chowk E,Drone-HD,8,2512.804369372489
POS-00850,2023-10-18,Kathmandu-DurbarMarg,King's Way 101,Drone-HD,6,4544.52824145084
POS-00851,2023-09-30,Biratnagar-Main,Hospital Rd,Gaming-Console,1,936.2725726268975
POS-00852,2023-12-02,Lalitpur-Patan,Pulchowk Rd,Drone-HD,4,4483.252320325859
POS-00853,2023-01-17,Butwal-Chowk,Traffic Chowk E,Smart-Hub,5,3298.8137973021
POS-00854,2023-03-19,Kathmandu-DurbarMarg,King's Way 101,Solar-Battery,7,4004.245004800874
POS-00855,2023-05-03,Pokhara-Lakeside,Baidam Street 6,Smart-Hub,6,4685.711256986355
POS-00856,2023-02-19,Butwal-Chowk,Traffic Chowk E,Gaming-Console,5,2276.2505182623095
POS-00857,2023-11-02,Lalitpur-Patan,Pulchowk Rd,Smart-Hub,7,3.3267096264896594
POS-00858,2023-09-17,Lalitpur-Patan,Pulchowk Rd,Solar-Battery,8,4251.893473756051
POS-00859,2023-12-09,Kathmandu-DurbarMarg,King's Way 101,Solar-Battery,8,3283.621246679667
POS-00860,2023-04-23,Pokhara-Lakeside,Baidam Street 6,Drone-HD,8,3639.3208269795573
POS-00861,2023-09-07,Biratnagar-Main,Hospital Rd,Gaming-Console,3,1003.1379264680045
POS-00862,2023-08-28,Biratnagar-Main,Hospital Rd,4K-TV,6,3671.7137837775604
POS-00863,2023-04-16,Biratnagar-Main,Hospital Rd,Gaming-Console,5,1374.0696967713998
POS-00864,2023-03-19,Pokhara-Lakeside,Baidam Street 6,Gaming-Console,7,2624.080999404477
POS-00865,2023-06-30,Lalitpur-Patan,Pulchowk Rd,Gaming-Console,6,848.2754284631749
POS-00866,2023-10-17,Lalitpur-Patan,Pulchowk Rd,Smart-Hub,9,-89.80933604195887
POS-00867,2023-05-22,Pokhara-Lakeside,Baidam Street 6,Gaming-Console,5,1067.3122541810283
POS-00868,2023-04-27,Pokhara-Lakeside,Baidam Street 6,Smart-Hub,6,2300.3124705771725
POS-00869,2023-05-18,Lalitpur-Patan,Pulchowk Rd,4K-TV,7,4249.3784380403185
POS-00870,2023-05-03,Lalitpur-Patan,Pulchowk Rd,Solar-Battery,8,1350.0481598650833
POS-00871,2023-01-28,Butwal-Chowk,Traffic Chowk E,Smart-Hub,4,2536.1634518306796
POS-00872,2023-05-16,Biratnagar-Main,Hospital Rd,Smart-Hub,6,4007.0962981856837
POS-00873,2023-02-17,Lalitpur-Patan,Pulchowk Rd,Drone-HD,7,2468.997419896606
POS-00874,2023-12-06,Pokhara-Lakeside,Baidam Street 6,4K-TV,3,4802.723235195637
POS-00875,2023-02-22,Kathmandu-DurbarMarg,King's Way 101,4K-TV,5,1181.0117093938038
POS-00876,2023-11-12,Pokhara-Lakeside,Baidam Street 6,Smart-Hub,4,1710.9701823498112
POS-00877,2023-06-24,Biratnagar-Main,Hospital Rd,Drone-HD,9,904.4370606004227
POS-00878,2023-12-24,Biratnagar-Main,Hospital Rd,4K-TV,6,964.4586853624753
POS-00879,2023-07-23,Butwal-Chowk,Traffic Chowk E,Solar-Battery,3,3682.666062504946
POS-00880,2023-08-05,Biratnagar-Main,Hospital Rd,Gaming-Console,8,3215.8581043431122
POS-00881,2023-02-02,Lalitpur-Patan,Pulchowk Rd,VR-Headset,4,466.82316760354377
POS-00882,2023-08-05,Biratnagar-Main,Hospital Rd,Smart-Hub,8,4195.111261844983
POS-00883,2023-10-14,Kathmandu-DurbarMarg,King's Way 101,Drone-HD,4,-57.162577819390805
POS-00884,2023-11-08,Lalitpur-Patan,Pulchowk Rd,Smart-Hub,5,3752.5019942027834
POS-00885,2023-08-22,Biratnagar-Main,Hospital Rd,Solar-Battery,1,931.6300348695679
POS-00886,2023-03-22,Butwal-Chowk,Traffic Chowk E,Gaming-Console,1,4356.62876444942
POS-00887,2023-11-24,Biratnagar-Main,Hospital Rd,Solar-Battery,4,1496.3710887795962
POS-00888,2023-05-28,Biratnagar-Main,Hospital Rd,4K-TV,7,3644.121695517821
POS-00889,2023-09-16,Butwal-Chowk,Traffic Chowk E,Drone-HD,3,2670.8237347121944
POS-00890,2023-10-30,Pokhara-Lakeside,Baidam Street 6,VR-Headset,7,2064.893587897549
POS-00891,2023-08-02,Kathmandu-DurbarMarg,King's Way 101,Gaming-Console,1,3324.0352642017183
POS-00892,2023-04-26,Biratnagar-Main,Hospital Rd,4K-TV,7,1145.8985432257055
POS-00893,2023-09-17,Butwal-Chowk,Traffic Chowk E,4K-TV,9,2052.037424100267
POS-00894,2023-04-20,Biratnagar-Main,Hospital Rd,Gaming-Console,2,2169.340001880439
POS-00895,2023-10-24,Lalitpur-Patan,Pulchowk Rd,VR-Headset,9,4305.6013741273455
POS-00896,2023-05-06,Biratnagar-Main,Hospital Rd,Smart-Hub,4,2567.4309192645446
POS-00897,2023-01-20,Butwal-Chowk,Traffic Chowk E,Smart-Hub,2,459.6986632241686
POS-00898,2023-05-04,Biratnagar-Main,Hospital Rd,VR-Headset,9,312.8454277612403
POS-00899,2023-05-26,Biratnagar-Main,Hospital Rd,Drone-HD,1,823.1277222667023
POS-00900,2023-10-10,Butwal-Chowk,Traffic Chowk E,Smart-Hub,4,496.72177192387574
POS-00901,2023-06-14,Butwal-Chowk,Traffic Chowk E,Smart-Hub,6,982.196877662155
POS-00902,2023-07-30,Butwal-Chowk,Traffic Chowk E,Smart-Hub,6,3683.335249880732
POS-00903,2023-11-17,Pokhara-Lakeside,Baidam Street 6,Solar-Battery,2,2397.088489539058
POS-00904,2023-08-26,Biratnagar-Main,Hospital Rd,Drone-HD,3,4066.7634842741845
POS-00905,2023-05-22,Lalitpur-Patan,Pulchowk Rd,Gaming-Console,8,433.51766998378116
POS-00906,2023-02-19,Butwal-Chowk,Traffic Chowk E,Smart-Hub,3,715.4778391953597
POS-00907,2023-06-26,Biratnagar-Main,Hospital Rd,Gaming-Console,1,-19.366050712345483
POS-00908,2023-01-30,Kathmandu-DurbarMarg,King's Way 101,VR-Headset,4,1451.726810244457
POS-00909,2023-09-19,Butwal-Chowk,Traffic Chowk E,Gaming-Console,1,1441.9833419220645
POS-00910,2023-02-07,Butwal-Chowk,Traffic Chowk E,VR-Headset,4,2644.8604543961405
POS-00911,2023-03-07,Lalitpur-Patan,Pulchowk Rd,Smart-Hub,3,2788.4993919989865
POS-00912,2023-08-28,Lalitpur-Patan,Pulchowk Rd,VR-Headset,9,447.5071072352813
POS-00913,2023-10-04,Lalitpur-Patan,Pulchowk Rd,Gaming-Console,3,3112.736789329161
POS-00914,2023-01-12,Biratnagar-Main,Hospital Rd,Drone-HD,6,3857.271548573372
POS-00915,2023-01-20,Kathmandu-DurbarMarg,King's Way 101,4K-TV,4,2490.0366058012146
POS-00916,2023-09-19,Biratnagar-Main,Hospital Rd,VR-Headset,3,3364.192855577448
POS-00917,2023-05-16,Biratnagar-Main,Hospital Rd,Solar-Battery,8,1123.8981409941216
POS-00918,2023-08-19,Lalitpur-Patan,Pulchowk Rd,4K-TV,2,1484.3433683997478
POS-00919,2023-10-26,Butwal-Chowk,Traffic Chowk E,VR-Headset,9,2435.856451537035
POS-00920,2023-11-28,Lalitpur-Patan,Pulchowk Rd,Drone-HD,7,1093.2907876324311
POS-00921,2023-03-26,Pokhara-Lakeside,Baidam Street 6,Smart-Hub,1,732.6987298484903
POS-00922,2023-09-16,Pokhara-Lakeside,Baidam Street 6,Smart-Hub,7,4882.069875221698
POS-00923,2023-01-24,Pokhara-Lakeside,Baidam Street 6,Smart-Hub,8,1479.7965274496246
POS-00924,2023-06-24,Kathmandu-DurbarMarg,King's Way 101,Solar-Battery,7,2561.5313260347484
POS-00925,2023-07-16,Lalitpur-Patan,Pulchowk Rd,Solar-Battery,2,772.6873031091993
POS-00926,2023-08-02,Pokhara-Lakeside,Baidam Street 6,Solar-Battery,8,-42.22675571929408
POS-00927,2023-06-05,Butwal-Chowk,Traffic Chowk E,Drone-HD,5,640.2870928208188
POS-00928,2023-08-01,Kathmandu-DurbarMarg,King's Way 101,Gaming-Console,3,3630.6513607322827
POS-00929,2023-08-25,Pokhara-Lakeside,Baidam Street 6,Drone-HD,9,1868.435742913225
POS-00930,2023-07-09,Butwal-Chowk,Traffic Chowk E,Smart-Hub,3,3410.2971003066036
POS-00931,2023-04-04,Kathmandu-DurbarMarg,King's Way 101,Gaming-Console,9,3734.950056434356
POS-00932,2023-12-12,Lalitpur-Patan,Pulchowk Rd,4K-TV,7,4297.371459389806
POS-00933,2023-05-26,Butwal-Chowk,Traffic Chowk E,Smart-Hub,9,1982.7253396858823
POS-00934,2023-08-24,Kathmandu-DurbarMarg,King's Way 101,VR-Headset,5,1979.9769499977965
POS-00935,2023-05-24,Biratnagar-Main,Hospital Rd,VR-Headset,2,3852.2665805644638
POS-00936,2023-04-16,Kathmandu-DurbarMarg,King's Way 101,Gaming-Console,7,455.59200831580074
POS-00937,2023-12-12,Lalitpur-Patan,Pulchowk Rd,VR-Headset,6,34.31884116795422
POS-00938,2023-07-23,Butwal-Chowk,Traffic Chowk E,Drone-HD,1,4874.354050497233
POS-00939,2023-10-12,Biratnagar-Main,Hospital Rd,Drone-HD,6,812.7269044664317
POS-00940,2023-01-31,Biratnagar-Main,Hospital Rd,Smart-Hub,3,1663.6138647991606
POS-00941,2023-12-13,Butwal-Chowk,Traffic Chowk E,VR-Headset,7,823.555518033025
POS-00942,2023-08-15,Lalitpur-Patan,Pulchowk Rd,Drone-HD,8,683.1560092963986
POS-00943,2023-06-20,Biratnagar-Main,Hospital Rd,Smart-Hub,5,3947.311540540781
POS-00944,2023-10-14,Pokhara-Lakeside,Baidam Street 6,Drone-HD,4,667.0979076132857
POS-00945,2023-05-12,Lalitpur-Patan,Pulchowk Rd,Solar-Battery,6,2940.181083073685
POS-00946,2023-01-30,Butwal-Chowk,Traffic Chowk E,Drone-HD,5,2476.8622582476837
POS-00947,2023-11-03,Pokhara-Lakeside,Baidam Street 6,4K-TV,9,4022.404764289612
POS-00948,2023-10-26,Biratnagar-Main,Hospital Rd,4K-TV,4,892.1678665248244
POS-00949,2023-07-12,Biratnagar-Main,Hospital Rd,Solar-Battery,1,3953.2287562951856
POS-00950,2023-11-12,Biratnagar-Main,Hospital Rd,Solar-Battery,8,4284.022543500392
POS-00951,2023-06-16,Kathmandu-DurbarMarg,King's Way 101,Gaming-Console,1,2712.384399693085
POS-00952,2023-08-10,Biratnagar-Main,Hospital Rd,VR-Headset,1,4870.145312436378
POS-00953,2023-07-26,Biratnagar-Main,Hospital Rd,Solar-Battery,8,59.09024351122204
POS-00954,2023-04-11,Pokhara-Lakeside,Baidam Street 6,VR-Headset,3,2987.5218986544164
POS-00955,2023-01-07,Lalitpur-Patan,Pulchowk Rd,Solar-Battery,2,1289.3345089296713
POS-00956,2023-07-02,Biratnagar-Main,Hospital Rd,Drone-HD,8,994.0360944088523
POS-00957,2023-08-30,Lalitpur-Patan,Pulchowk Rd,Smart-Hub,7,3390.739665942375
POS-00958,2023-11-22,Lalitpur-Patan,Pulchowk Rd,Smart-Hub,4,2478.57661929179
POS-00959,2023-12-02,Biratnagar-Main,Hospital Rd,4K-TV,8,449.61727095722983
POS-00960,2023-02-07,Biratnagar-Main,Hospital Rd,VR-Headset,3,1999.1387174158676
POS-00961,2023-03-22,Pokhara-Lakeside,Baidam Street 6,4K-TV,7,178.47137223609883
POS-00962,2023-07-26,Biratnagar-Main,Hospital Rd,VR-Headset,4,2483.623395839633
POS-00963,2023-07-22,Butwal-Chowk,Traffic Chowk E,Solar-Battery,5,4279.505905019246
POS-00964,2023-01-30,Biratnagar-Main,Hospital Rd,VR-Headset,6,4928.089032880023
POS-00965,2023-05-11,Butwal-Chowk,Traffic Chowk E,4K-TV,2,2788.99800235038
POS-00966,2023-09-18,Kathmandu-DurbarMarg,King's Way 101,Gaming-Console,1,3299.191301315586
POS-00967,2023-07-25,Pokhara-Lakeside,Baidam Street 6,VR-Headset,1,3766.631190972678
POS-00968,2023-01-09,Biratnagar-Main,Hospital Rd,VR-Headset,3,467.73521725766136
POS-00969,2023-01-01,Biratnagar-Main,Hospital Rd,Gaming-Console,8,111.05843474490388
POS-00970,2023-01-08,Butwal-Chowk,Traffic Chowk E,VR-Headset,3,2054.4882864181814
POS-00971,2023-12-25,Lalitpur-Patan,Pulchowk Rd,VR-Headset,8,4262.587459437032
POS-00972,2023-12-02,Pokhara-Lakeside,Baidam Street 6,Smart-Hub,6,3357.7468573215065
POS-00973,2023-02-12,Pokhara-Lakeside,Baidam Street 6,VR-Headset,3,1513.9630469638753
POS-00974,2023-10-16,Kathmandu-DurbarMarg,King's Way 101,Solar-Battery,4,4842.777691014646
POS-00975,2023-07-20,Pokhara-Lakeside,Baidam Street 6,Smart-Hub,2,2979.588653941687
POS-00976,2023-03-13,Biratnagar-Main,Hospital Rd,4K-TV,9,1977.532473171183
POS-00977,2023-02-11,Butwal-Chowk,Traffic Chowk E,VR-Headset,6,1033.7584509341712
POS-00978,2023-12-20,Biratnagar-Main,Hospital Rd,Gaming-Console,7,4161.035756740191
POS-00979,2023-11-11,Biratnagar-Main,Hospital Rd,VR-Headset,9,1937.4244653726093
POS-00980,2023-01-20,Butwal-Chowk,Traffic Chowk E,Solar-Battery,7,3893.1819097251755
POS-00981,2023-04-02,Pokhara-Lakeside,Baidam Street 6,Drone-HD,2,319.2064428900342
POS-00982,2023-10-19,Biratnagar-Main,Hospital Rd,Drone-HD,3,3385.585207074905
POS-00983,2023-10-12,Butwal-Chowk,Traffic Chowk E,Gaming-Console,3,2584.311084737516
POS-00984,2023-01-16,Biratnagar-Main,Hospital Rd,Gaming-Console,5,774.5720422433945
POS-00985,2023-09-24,Lalitpur-Patan,Pulchowk Rd,4K-TV,3,4481.184735826144
POS-00986,2023-07-20,Kathmandu-DurbarMarg,King's Way 101,4K-TV,3,2574.474599442645
POS-00987,2023-12-14,Lalitpur-Patan,Pulchowk Rd,Smart-Hub,5,1378.9474647199725
POS-00988,2023-06-22,Biratnagar-Main,Hospital Rd,Gaming-Console,1,409.7408852466558
POS-00989,2023-11-17,Butwal-Chowk,Traffic Chowk E,Gaming-Console,7,4987.1546105308435
POS-00990,2023-07-14,Pokhara-Lakeside,Baidam Street 6,4K-TV,8,2118.565189799365
POS-00991,2023-08-23,Butwal-Chowk,Traffic Chowk E,Smart-Hub,4,2902.900497924603
POS-00992,2023-10-07,Biratnagar-Main,Hospital Rd,Gaming-Console,1,479.2040757565668
POS-00993,2023-11-07,Biratnagar-Main,Hospital Rd,Solar-Battery,5,4844.335141765982
POS-00994,2023-02-23,Kathmandu-DurbarMarg,King's Way 101,Drone-HD,2,1324.7194803153714
POS-00995,2023-02-02,Butwal-Chowk,Traffic Chowk E,VR-Headset,8,1554.6362441376373
POS-00996,2023-06-06,Butwal-Chowk,Traffic Chowk E,4K-TV,5,4233.454030093127
POS-00997,2023-11-12,Biratnagar-Main,Hospital Rd,4K-TV,3,1882.7652042258774
POS-00998,2023-11-13,Kathmandu-DurbarMarg,King's Way 101,VR-Headset,4,772.5820406778214
POS-00999,2023-05-28,Pokhara-Lakeside,Baidam Street 6,Solar-Battery,4,286.80545481388765
POS-01000,2023-09-08,Pokhara-Lakeside,Baidam Street 6,Drone-HD,6,4569.838976389745
POS-01001,2023-02-21,Kathmandu-DurbarMarg,King's Way 101,Solar-Battery,7,3619.770241833855
POS-01002,2023-06-01,Biratnagar-Main,Hospital Rd,4K-TV,8,1165.3940965368542
POS-01003,2023-09-18,Butwal-Chowk,Traffic Chowk E,4K-TV,8,507.94906819460186
POS-01004,2023-08-25,Pokhara-Lakeside,Baidam Street 6,4K-TV,2,4128.80373791666
POS-01005,2023-05-01,Kathmandu-DurbarMarg,King's Way 101,Smart-Hub,3,16.16318475290629
POS-01006,2023-01-14,Kathmandu-DurbarMarg,King's Way 101,Gaming-Console,8,-80.89129679661832
POS-01007,2023-04-01,Butwal-Chowk,Traffic Chowk E,Gaming-Console,2,4025.2809655707224
POS-01008,2023-10-29,Biratnagar-Main,Hospital Rd,4K-TV,3,3003.3965741483025
POS-01009,2023-01-25,Butwal-Chowk,Traffic Chowk E,Solar-Battery,3,4840.18497283856
POS-01010,2023-11-14,Pokhara-Lakeside,Baidam Street 6,Smart-Hub,1,135.30843360881923
POS-01011,2023-01-26,Biratnagar-Main,Hospital Rd,Drone-HD,5,4118.984727917189
POS-01012,2023-05-22,Biratnagar-Main,Hospital Rd,Gaming-Console,6,186.97098415825843
POS-01013,2023-11-03,Kathmandu-DurbarMarg,King's Way 101,Drone-HD,8,3300.5349739378485
POS-01014,2023-06-01,Pokhara-Lakeside,Baidam Street 6,4K-TV,9,2045.7268172503163
POS-01015,2023-02-12,Butwal-Chowk,Traffic Chowk E,4K-TV,1,2579.6682449731366
POS-01016,2023-08-20,Kathmandu-DurbarMarg,King's Way 101,VR-Headset,6,1055.5684054213643
POS-01017,2023-01-02,Butwal-Chowk,Traffic Chowk E,Drone-HD,9,484.2387717338031
POS-01018,2023-03-26,Kathmandu-DurbarMarg,King's Way 101,Gaming-Console,7,4897.76955165922
POS-01019,2023-04-23,Kathmandu-DurbarMarg,King's Way 101,Solar-Battery,6,4633.003695210073
POS-01020,2023-03-03,Biratnagar-Main,Hospital Rd,VR-Headset,8,1306.80965701218
POS-01021,2023-03-03,Kathmandu-DurbarMarg,King's Way 101,Solar-Battery,3,2031.7495101210038
POS-01022,2023-04-02,Lalitpur-Patan,Pulchowk Rd,4K-TV,2,4606.837993124897
POS-01023,2023-10-29,Butwal-Chowk,Traffic Chowk E,Drone-HD,9,4741.507281255048
POS-01024,2023-09-23,Butwal-Chowk,Traffic Chowk E,Smart-Hub,7,1119.8807797312757
POS-01025,2023-07-17,Pokhara-Lakeside,Baidam Street 6,4K-TV,4,2946.003848939922
POS-01026,2023-10-14,Kathmandu-DurbarMarg,King's Way 101,VR-Headset,9,3336.6220177255555
POS-01027,2023-10-12,Biratnagar-Main,Hospital Rd,VR-Headset,3,4191.346294571279
POS-01028,2023-06-07,Lalitpur-Patan,Pulchowk Rd,Gaming-Console,9,2943.334558763558
POS-01029,2023-07-30,Kathmandu-DurbarMarg,King's Way 101,VR-Headset,4,2932.098655877244
POS-01030,2023-07-01,Kathmandu-DurbarMarg,King's Way 101,VR-Headset,7,4503.532171411055
POS-01031,2023-12-23,Biratnagar-Main,Hospital Rd,VR-Headset,3,107.2339005704417
POS-01032,2023-08-15,Biratnagar-Main,Hospital Rd,VR-Headset,5,203.4826628996596
POS-01033,2023-11-15,Lalitpur-Patan,Pulchowk Rd,Gaming-Console,9,2284.308105409289
POS-01034,2023-08-22,Kathmandu-DurbarMarg,King's Way 101,Smart-Hub,3,1930.4405372548551
POS-01035,2023-02-21,Biratnagar-Main,Hospital Rd,VR-Headset,5,4830.5371460784745
POS-01036,2023-12-17,Biratnagar-Main,Hospital Rd,Gaming-Console,2,4068.6999763031554
POS-01037,2023-05-22,Pokhara-Lakeside,Baidam Street 6,Smart-Hub,6,3562.6327143860126
POS-01038,2023-08-07,Kathmandu-DurbarMarg,King's Way 101,Smart-Hub,3,2344.1811233425974
POS-01039,2023-12-19,Butwal-Chowk,Traffic Chowk E,VR-Headset,5,1503.0411057060019
POS-01040,2023-07-18,Kathmandu-DurbarMarg,King's Way 101,Solar-Battery,8,4714.98431243347
POS-01041,2023-11-19,Butwal-Chowk,Traffic Chowk E,Drone-HD,5,2399.613888481905
POS-01042,2023-10-01,Pokhara-Lakeside,Baidam Street 6,VR-Headset,2,177.89144156997446
POS-01043,2023-06-10,Biratnagar-Main,Hospital Rd,4K-TV,3,-9.16126013693895
POS-01044,2023-10-24,Pokhara-Lakeside,Baidam Street 6,4K-TV,4,3858.0126408942883
POS-01045,2023-10-13,Pokhara-Lakeside,Baidam Street 6,Solar-Battery,7,4853.504728061581
POS-01046,2023-05-07,Kathmandu-DurbarMarg,King's Way 101,Drone-HD,5,2457.9195172529885
POS-01047,2023-01-20,Butwal-Chowk,Traffic Chowk E,Gaming-Console,7,4621.433862317159
POS-01048,2023-09-11,Kathmandu-DurbarMarg,King's Way 101,Smart-Hub,8,3780.275581738683
POS-01049,2023-04-23,Butwal-Chowk,Traffic Chowk E,VR-Headset,2,4918.098444608402
POS-01050,2023-01-23,Kathmandu-DurbarMarg,King's Way 101,Smart-Hub,2,681.7953279151326
POS-01051,2023-10-08,Lalitpur-Patan,Pulchowk Rd,VR-Headset,2,1683.8824207515795
POS-01052,2023-12-25,Butwal-Chowk,Traffic Chowk E,Drone-HD,5,193.33989373316518
POS-01053,2023-12-15,Lalitpur-Patan,Pulchowk Rd,Drone-HD,8,3393.7157953615833
POS-01054,2023-03-11,Biratnagar-Main,Hospital Rd,Drone-HD,5,4340.746360358795
POS-01055,2023-01-29,Butwal-Chowk,Traffic Chowk E,Drone-HD,3,1732.88149054719
POS-01056,2023-03-20,Lalitpur-Patan,Pulchowk Rd,Gaming-Console,7,511.88400344918716
POS-01057,2023-01-30,Lalitpur-Patan,Pulchowk Rd,Drone-HD,8,4535.900345968486
POS-01058,2023-05-31,Lalitpur-Patan,Pulchowk Rd,Gaming-Console,3,1359.0649732806169
POS-01059,2023-01-01,Kathmandu-DurbarMarg,King's Way 101,Smart-Hub,4,599.3289545483686
POS-01060,2023-05-02,Kathmandu-DurbarMarg,King's Way 101,Smart-Hub,6,2551.9519510081677
POS-01061,2023-10-27,Biratnagar-Main,Hospital Rd,Gaming-Console,4,545.8531464774501
POS-01062,2023-08-20,Lalitpur-Patan,Pulchowk Rd,4K-TV,3,1987.5375057575184
POS-01063,2023-03-01,Butwal-Chowk,Traffic Chowk E,Smart-Hub,4,2102.5840586524114
POS-01064,2023-02-27,Lalitpur-Patan,Pulchowk Rd,4K-TV,2,2234.5699345585567
POS-01065,2023-03-08,Butwal-Chowk,Traffic Chowk E,Smart-Hub,2,3762.6709954834478
POS-01066,2023-05-28,Biratnagar-Main,Hospital Rd,VR-Headset,6,2850.5981482005673
POS-01067,2023-09-04,Biratnagar-Main,Hospital Rd,4K-TV,2,1604.621358498355
POS-01068,2023-10-02,Pokhara-Lakeside,Baidam Street 6,Smart-Hub,2,864.4468131503386
POS-01069,2023-04-10,Kathmandu-DurbarMarg,King's Way 101,Smart-Hub,6,3075.0301757245443
POS-01070,2023-12-08,Pokhara-Lakeside,Baidam Street 6,4K-TV,9,896.2226082740085
POS-01071,2023-07-30,Biratnagar-Main,Hospital Rd,Solar-Battery,2,65.51260745420475
POS-01072,2023-02-01,Biratnagar-Main,Hospital Rd,4K-TV,8,2193.2937262833852
POS-01073,2023-09-09,Lalitpur-Patan,Pulchowk Rd,Drone-HD,4,95.07851027179663
POS-01074,2023-04-07,Butwal-Chowk,Traffic Chowk E,4K-TV,2,1832.3768514627986
POS-01075,2023-05-16,Biratnagar-Main,Hospital Rd,4K-TV,8,3328.1177524793857
POS-01076,2023-04-22,Lalitpur-Patan,Pulchowk Rd,Drone-HD,3,441.79646370896364
POS-01077,2023-09-28,Butwal-Chowk,Traffic Chowk E,Smart-Hub,5,3466.5996198769294
POS-01078,2023-12-01,Biratnagar-Main,Hospital Rd,Solar-Battery,3,3274.316915838446
POS-01079,2023-07-21,Pokhara-Lakeside,Baidam Street 6,4K-TV,2,4928.389252376043
POS-01080,2023-08-24,Lalitpur-Patan,Pulchowk Rd,Solar-Battery,2,1223.6389819408114
POS-01081,2023-11-20,Kathmandu-DurbarMarg,King's Way 101,VR-Headset,1,-37.95410768524532
POS-01082,2023-11-08,Biratnagar-Main,Hospital Rd,Smart-Hub,7,2792.3081900536004
POS-01083,2023-09-13,Lalitpur-Patan,Pulchowk Rd,VR-Headset,9,4934.287555907451
POS-01084,2023-10-03,Butwal-Chowk,Traffic Chowk E,VR-Headset,4,4914.94614435276
POS-01085,2023-06-09,Kathmandu-DurbarMarg,King's Way 101,Smart-Hub,9,2644.055131478426
POS-01086,2023-09-14,Pokhara-Lakeside,Baidam Street 6,VR-Headset,5,2222.475593363892
POS-01087,2023-01-16,Lalitpur-Patan,Pulchowk Rd,Smart-Hub,8,-99.58499116305104
POS-01088,2023-02-01,Kathmandu-DurbarMarg,King's Way 101,Drone-HD,4,2171.8327147341865
POS-01089,2023-09-25,Lalitpur-Patan,Pulchowk Rd,Gaming-Console,6,693.2188223968602
POS-01090,2023-10-14,Biratnagar-Main,Hospital Rd,VR-Headset,4,2612.1462051644558
POS-01091,2023-07-25,Butwal-Chowk,Traffic Chowk E,Solar-Battery,2,4402.322963272207
POS-01092,2023-08-15,Biratnagar-Main,Hospital Rd,Solar-Battery,6,4533.394508845117
POS-01093,2023-04-18,Pokhara-Lakeside,Baidam Street 6,VR-Headset,9,525.6723413493203
POS-01094,2023-01-27,Kathmandu-DurbarMarg,King's Way 101,VR-Headset,3,3122.521565999194
POS-01095,2023-10-04,Kathmandu-DurbarMarg,King's Way 101,4K-TV,9,976.8138396905863
POS-01096,2023-07-22,Biratnagar-Main,Hospital Rd,Solar-Battery,4,2592.50618041285
POS-01097,2023-10-27,Biratnagar-Main,Hospital Rd,4K-TV,3,4722.839072445142
POS-01098,2023-10-24,Biratnagar-Main,Hospital Rd,Solar-Battery,2,3995.386841357385
POS-01099,2023-12-01,Kathmandu-DurbarMarg,King's Way 101,Solar-Battery,7,1052.780496450816
POS-01100,2023-10-25,Biratnagar-Main,Hospital Rd,VR-Headset,7,3190.7201978350986
POS-01101,2023-10-21,Butwal-Chowk,Traffic Chowk E,Smart-Hub,2,2228.398764617245
POS-01102,2023-12-05,Pokhara-Lakeside,Baidam Street 6,VR-Headset,7,844.5748295811079
POS-01103,2023-07-12,Butwal-Chowk,Traffic Chowk E,Solar-Battery,7,3318.268318063018
POS-01104,2023-12-15,Kathmandu-DurbarMarg,King's Way 101,Drone-HD,2,3706.8169585024043
POS-01105,2023-08-13,Pokhara-Lakeside,Baidam Street 6,VR-Headset,1,1151.9834580772879
POS-01106,2023-12-14,Pokhara-Lakeside,Baidam Street 6,4K-TV,1,1714.7823182155644
POS-01107,2023-04-14,Biratnagar-Main,Hospital Rd,Drone-HD,5,4710.1842054242015
POS-01108,2023-07-23,Butwal-Chowk,Traffic Chowk E,Solar-Battery,7,851.5900476315114
POS-01109,2023-01-06,Kathmandu-DurbarMarg,King's Way 101,VR-Headset,3,3475.244807892539
POS-01110,2023-06-27,Lalitpur-Patan,Pulchowk Rd,Drone-HD,7,2625.1874741931574
POS-01111,2023-11-05,Pokhara-Lakeside,Baidam Street 6,Drone-HD,5,242.5439294291716
POS-01112,2023-07-04,Biratnagar-Main,Hospital Rd,Drone-HD,1,2211.2150981634727
POS-01113,2023-03-12,Pokhara-Lakeside,Baidam Street 6,VR-Headset,4,1395.6513382435587
POS-01114,2023-10-13,Pokhara-Lakeside,Baidam Street 6,VR-Headset,8,4442.0077791036265
POS-01115,2023-09-26,Pokhara-Lakeside,Baidam Street 6,Gaming-Console,5,4300.555473453108
POS-01116,2023-05-11,Pokhara-Lakeside,Baidam Street 6,Drone-HD,8,4219.464732364742
POS-01117,2023-12-21,Pokhara-Lakeside,Baidam Street 6,VR-Headset,1,1280.6029022227076
POS-01118,2023-04-28,Kathmandu-DurbarMarg,King's Way 101,4K-TV,7,4490.596797567564
POS-01119,2023-05-16,Biratnagar-Main,Hospital Rd,Solar-Battery,6,705.384049887422
POS-01120,2023-05-18,Kathmandu-DurbarMarg,King's Way 101,4K-TV,5,2189.338582396688
POS-01121,2023-09-12,Pokhara-Lakeside,Baidam Street 6,Drone-HD,6,1847.0558078876652
POS-01122,2023-01-24,Lalitpur-Patan,Pulchowk Rd,Gaming-Console,1,4715.389983505703
POS-01123,2023-09-09,Kathmandu-DurbarMarg,King's Way 101,Gaming-Console,8,4706.108371750526
POS-01124,2023-04-25,Butwal-Chowk,Traffic Chowk E,Drone-HD,3,2065.591717002492
POS-01125,2023-06-18,Biratnagar-Main,Hospital Rd,Gaming-Console,6,638.5615898419757
POS-01126,2023-01-03,Kathmandu-DurbarMarg,King's Way 101,Drone-HD,3,2345.6077976793135
POS-01127,2023-07-03,Kathmandu-DurbarMarg,King's Way 101,Drone-HD,2,3140.7442613505063
POS-01128,2023-02-19,Pokhara-Lakeside,Baidam Street 6,Drone-HD,6,1422.89949027359
POS-01129,2023-04-02,Butwal-Chowk,Traffic Chowk E,Drone-HD,1,3509.1971693050677
POS-01130,2023-02-08,Pokhara-Lakeside,Baidam Street 6,Smart-Hub,8,2276.6823875800746
POS-01131,2023-11-29,Kathmandu-DurbarMarg,King's Way 101,Solar-Battery,8,1895.1848412269662
POS-01132,2023-05-10,Kathmandu-DurbarMarg,King's Way 101,VR-Headset,8,4458.302512919495
POS-01133,2023-02-04,Butwal-Chowk,Traffic Chowk E,Gaming-Console,2,3737.287503220011
POS-01134,2023-06-06,Lalitpur-Patan,Pulchowk Rd,4K-TV,8,2183.3938402421436
POS-01135,2023-08-06,Pokhara-Lakeside,Baidam Street 6,Smart-Hub,3,2022.7143228601572
POS-01136,2023-11-23,Lalitpur-Patan,Pulchowk Rd,Solar-Battery,5,189.29382365976028
POS-01137,2023-09-14,Lalitpur-Patan,Pulchowk Rd,Solar-Battery,8,582.932307646853
POS-01138,2023-12-10,Butwal-Chowk,Traffic Chowk E,Solar-Battery,7,4812.755762063172
POS-01139,2023-06-05,Biratnagar-Main,Hospital Rd,4K-TV,5,2759.976617186395
POS-01140,2023-06-09,Lalitpur-Patan,Pulchowk Rd,VR-Headset,5,4845.739156271262
POS-01141,2023-05-15,Biratnagar-Main,Hospital Rd,Solar-Battery,2,3084.324865004419
POS-01142,2023-12-16,Butwal-Chowk,Traffic Chowk E,Gaming-Console,1,4104.4297727771645
POS-01143,2023-04-28,Pokhara-Lakeside,Baidam Street 6,Drone-HD,2,682.9788959182126
POS-01144,2023-05-27,Kathmandu-DurbarMarg,King's Way 101,Smart-Hub,8,1618.389693907701
POS-01145,2023-07-21,Lalitpur-Patan,Pulchowk Rd,Smart-Hub,5,2189.4237956423863
POS-01146,2023-11-14,Biratnagar-Main,Hospital Rd,VR-Headset,6,2202.94465896773
POS-01147,2023-12-14,Biratnagar-Main,Hospital Rd,VR-Headset,6,823.9893618921485
POS-01148,2023-03-16,Biratnagar-Main,Hospital Rd,4K-TV,1,3701.3625530261615
POS-01149,2023-10-15,Pokhara-Lakeside,Baidam Street 6,VR-Headset,6,434.13527832843204
POS-01150,2023-03-14,Lalitpur-Patan,Pulchowk Rd,Drone-HD,3,4453.255533725306
POS-01151,2023-07-21,Kathmandu-DurbarMarg,King's Way 101,Solar-Battery,7,1154.1294998041785
POS-01152,2023-02-10,Butwal-Chowk,Traffic Chowk E,4K-TV,1,447.55162282339745
POS-01153,2023-07-30,Biratnagar-Main,Hospital Rd,Solar-Battery,4,2225.243383504968
POS-01154,2023-01-02,Pokhara-Lakeside,Baidam Street 6,Solar-Battery,7,4476.161980040501
POS-01155,2023-11-15,Kathmandu-DurbarMarg,King's Way 101,Gaming-Console,8,3829.874153808995
POS-01156,2023-05-12,Biratnagar-Main,Hospital Rd,4K-TV,7,194.7140944469923
POS-01157,2023-08-03,Butwal-Chowk,Traffic Chowk E,4K-TV,3,820.0140822521831
POS-01158,2023-05-02,Kathmandu-DurbarMarg,King's Way 101,VR-Headset,8,2667.7831948997423
POS-01159,2023-03-06,Pokhara-Lakeside,Baidam Street 6,Drone-HD,8,3426.8438422948293
POS-01160,2023-02-22,Lalitpur-Patan,Pulchowk Rd,Gaming-Console,2,657.3581846337297
POS-01161,2023-03-19,Biratnagar-Main,Hospital Rd,4K-TV,5,2083.167125416713
POS-01162,2023-07-11,Kathmandu-DurbarMarg,King's Way 101,VR-Headset,2,3426.5833616176337
POS-01163,2023-05-29,Kathmandu-DurbarMarg,King's Way 101,Gaming-Console,2,2982.764338269844
POS-01164,2023-12-16,Biratnagar-Main,Hospital Rd,Drone-HD,7,1625.1984027680014
POS-01165,2023-10-24,Butwal-Chowk,Traffic Chowk E,VR-Headset,6,1376.5721926589285
POS-01166,2023-08-11,Pokhara-Lakeside,Baidam Street 6,Gaming-Console,1,1023.2644383888742
POS-01167,2023-10-10,Pokhara-Lakeside,Baidam Street 6,4K-TV,6,4014.473782501608
POS-01168,2023-12-03,Lalitpur-Patan,Pulchowk Rd,Gaming-Console,1,562.8681143854176
POS-01169,2023-01-09,Kathmandu-DurbarMarg,King's Way 101,Drone-HD,5,4982.039735952899
POS-01170,2023-12-08,Pokhara-Lakeside,Baidam Street 6,Smart-Hub,8,1887.132811271713
POS-01171,2023-05-04,Lalitpur-Patan,Pulchowk Rd,Drone-HD,4,4673.302839231057
POS-01172,2023-05-08,Lalitpur-Patan,Pulchowk Rd,4K-TV,2,4193.221058935141
POS-01173,2023-04-23,Kathmandu-DurbarMarg,King's Way 101,4K-TV,6,4925.80025886481
POS-01174,2023-07-24,Pokhara-Lakeside,Baidam Street 6,Solar-Battery,3,2952.8614979508297
POS-01175,2023-05-06,Butwal-Chowk,Traffic Chowk E,VR-Headset,8,3887.7473121123826
POS-01176,2023-10-24,Lalitpur-Patan,Pulchowk Rd,4K-TV,4,1123.4022815486628
POS-01177,2023-08-15,Lalitpur-Patan,Pulchowk Rd,4K-TV,9,261.883271382027
POS-01178,2023-11-01,Butwal-Chowk,Traffic Chowk E,4K-TV,8,4239.481026388392
POS-01179,2023-12-06,Kathmandu-DurbarMarg,King's Way 101,Smart-Hub,4,3465.3257514545057
POS-01180,2023-10-08,Lalitpur-Patan,Pulchowk Rd,VR-Headset,2,1280.2278708560916
POS-01181,2023-10-09,Pokhara-Lakeside,Baidam Street 6,Gaming-Console,8,1309.9197561430537
POS-01182,2023-07-30,Butwal-Chowk,Traffic Chowk E,Drone-HD,2,467.5025442746896
POS-01183,2023-05-07,Biratnagar-Main,Hospital Rd,Smart-Hub,4,1647.4177542645332
POS-01184,2023-04-29,Pokhara-Lakeside,Baidam Street 6,Drone-HD,1,291.6153683418345
POS-01185,2023-03-01,Butwal-Chowk,Traffic Chowk E,Solar-Battery,9,2615.033563519297
POS-01186,2023-07-26,Butwal-Chowk,Traffic Chowk E,VR-Headset,8,4988.490975828276
POS-01187,2023-08-15,Pokhara-Lakeside,Baidam Street 6,Smart-Hub,2,2094.8746960542317
POS-01188,2023-08-21,Butwal-Chowk,Traffic Chowk E,VR-Headset,7,2574.8807456343093
POS-01189,2023-02-06,Biratnagar-Main,Hospital Rd,Smart-Hub,8,1667.8093743404972
POS-01190,2023-11-10,Biratnagar-Main,Hospital Rd,Solar-Battery,2,3855.99819930865
POS-01191,2023-03-19,Butwal-Chowk,Traffic Chowk E,VR-Headset,8,3444.383108090262
POS-01192,2023-07-21,Lalitpur-Patan,Pulchowk Rd,Solar-Battery,3,3216.6933195431748
POS-01193,2023-07-05,Butwal-Chowk,Traffic Chowk E,VR-Headset,7,1449.7141950343507
POS-01194,2023-09-23,Pokhara-Lakeside,Baidam Street 6,VR-Headset,4,2151.8150808151313
POS-01195,2023-06-03,Biratnagar-Main,Hospital Rd,Smart-Hub,9,2638.914999921295
POS-01196,2023-04-06,Butwal-Chowk,Traffic Chowk E,Solar-Battery,7,1376.3613691911405
POS-01197,2023-04-21,Kathmandu-DurbarMarg,King's Way 101,Smart-Hub,3,4570.315283521351
POS-01198,2023-07-26,Biratnagar-Main,Hospital Rd,4K-TV,8,1811.6761563712403
POS-01199,2023-07-27,Pokhara-Lakeside,Baidam Street 6,Solar-Battery,3,3930.6520289909417
POS-01200,2023-06-12,Pokhara-Lakeside,Baidam Street 6,4K-TV,8,2887.796864885608
POS-01201,2023-05-24,Kathmandu-DurbarMarg,King's Way 101,VR-Headset,4,293.71484266726435
POS-01202,2023-01-06,Lalitpur-Patan,Pulchowk Rd,Drone-HD,3,444.213150284408
POS-01203,2023-04-15,Pokhara-Lakeside,Baidam Street 6,Solar-Battery,6,1942.5292401287243
POS-01204,2023-09-04,Butwal-Chowk,Traffic Chowk E,Smart-Hub,6,2114.1746646675756
POS-01205,2023-07-05,Butwal-Chowk,Traffic Chowk E,4K-TV,8,3554.1273728377982
POS-01206,2023-11-21,Pokhara-Lakeside,Baidam Street 6,VR-Headset,7,4222.915980805558
POS-01207,2023-09-18,Pokhara-Lakeside,Baidam Street 6,Solar-Battery,7,3152.6735097648375
POS-01208,2023-07-26,Kathmandu-DurbarMarg,King's Way 101,VR-Headset,5,4715.733869153927
POS-01209,2023-03-24,Lalitpur-Patan,Pulchowk Rd,Solar-Battery,4,1923.8993734620174
POS-01210,2023-12-08,Kathmandu-DurbarMarg,King's Way 101,Smart-Hub,1,922.1075563500126
POS-01211,2023-07-04,Lalitpur-Patan,Pulchowk Rd,Drone-HD,3,1182.0091794819944
POS-01212,2023-10-19,Lalitpur-Patan,Pulchowk Rd,4K-TV,7,2775.6890600183115
POS-01213,2023-11-19,Biratnagar-Main,Hospital Rd,Drone-HD,8,1986.1356422765575
POS-01214,2023-07-20,Butwal-Chowk,Traffic Chowk E,VR-Headset,2,425.15242816126784
POS-01215,2023-02-23,Biratnagar-Main,Hospital Rd,4K-TV,2,4595.615361160997
POS-01216,2023-01-13,Pokhara-Lakeside,Baidam Street 6,Drone-HD,4,3777.989253889852
POS-01217,2023-08-30,Lalitpur-Patan,Pulchowk Rd,Drone-HD,3,3374.2361451098836
POS-01218,2023-01-06,Lalitpur-Patan,Pulchowk Rd,4K-TV,3,1471.339636184978
POS-01219,2023-03-04,Kathmandu-DurbarMarg,King's Way 101,Drone-HD,5,2638.2082372822747
POS-01220,2023-10-01,Kathmandu-DurbarMarg,King's Way 101,Drone-HD,3,1713.283040570451
POS-01221,2023-12-12,Kathmandu-DurbarMarg,King's Way 101,Solar-Battery,8,2417.184847877804
POS-01222,2023-10-08,Butwal-Chowk,Traffic Chowk E,Solar-Battery,9,284.50437106712457
POS-01223,2023-06-08,Butwal-Chowk,Traffic Chowk E,Solar-Battery,6,2571.720204298991
POS-01224,2023-04-13,Lalitpur-Patan,Pulchowk Rd,Solar-Battery,8,3744.74088311777
POS-01225,2023-03-27,Lalitpur-Patan,Pulchowk Rd,4K-TV,3,2096.082555334668
POS-01226,2023-02-12,Pokhara-Lakeside,Baidam Street 6,Gaming-Console,3,2111.106608617104
POS-01227,2023-02-01,Lalitpur-Patan,Pulchowk Rd,VR-Headset,4,1468.3582632272169
POS-01228,2023-03-13,Pokhara-Lakeside,Baidam Street 6,Solar-Battery,3,4383.975797710349
POS-01229,2023-10-13,Pokhara-Lakeside,Baidam Street 6,VR-Headset,6,2760.8562580398625
POS-01230,2023-10-26,Kathmandu-DurbarMarg,King's Way 101,Solar-Battery,4,2049.2220614974703
POS-01231,2023-05-29,Pokhara-Lakeside,Baidam Street 6,Solar-Battery,7,4270.72069280935
POS-01232,2023-07-15,Lalitpur-Patan,Pulchowk Rd,VR-Headset,8,4222.635029784229
POS-01233,2023-05-03,Lalitpur-Patan,Pulchowk Rd,Smart-Hub,4,4326.7324773311275
POS-01234,2023-08-09,Kathmandu-DurbarMarg,King's Way 101,Drone-HD,8,3582.088347918232
POS-01235,2023-09-12,Biratnagar-Main,Hospital Rd,Gaming-Console,1,2842.6533087938287
POS-01236,2023-10-01,Pokhara-Lakeside,Baidam Street 6,Solar-Battery,3,4435.670212172356
POS-01237,2023-08-16,Lalitpur-Patan,Pulchowk Rd,VR-Headset,6,3275.9962213095896
POS-01238,2023-09-11,Pokhara-Lakeside,Baidam Street 6,Smart-Hub,5,275.9675883697801
POS-01239,2023-01-04,Lalitpur-Patan,Pulchowk Rd,Drone-HD,9,2617.1646592520106
POS-01240,2023-07-31,Butwal-Chowk,Traffic Chowk E,Smart-Hub,3,2142.8234794512077
POS-01241,2023-11-21,Butwal-Chowk,Traffic Chowk E,Smart-Hub,6,2064.2159306623557
POS-01242,2023-05-30,Lalitpur-Patan,Pulchowk Rd,Gaming-Console,9,232.02043544839665
POS-01243,2023-09-29,Pokhara-Lakeside,Baidam Street 6,Solar-Battery,8,-19.624463575242643
POS-01244,2023-09-02,Biratnagar-Main,Hospital Rd,Gaming-Console,3,2643.3239284158335
POS-01245,2023-09-22,Pokhara-Lakeside,Baidam Street 6,Drone-HD,5,1381.485809245597
POS-01246,2023-09-04,Kathmandu-DurbarMarg,King's Way 101,Gaming-Console,1,2749.3720893788895
POS-01247,2023-03-02,Pokhara-Lakeside,Baidam Street 6,Gaming-Console,6,1852.454002175385
POS-01248,2023-04-14,Lalitpur-Patan,Pulchowk Rd,Drone-HD,5,1155.11684795961
POS-01249,2023-07-16,Biratnagar-Main,Hospital Rd,Drone-HD,7,461.55825377952374
POS-01250,2023-05-16,Butwal-Chowk,Traffic Chowk E,VR-Headset,2,3076.411311058233
POS-01251,2023-11-15,Butwal-Chowk,Traffic Chowk E,Solar-Battery,2,984.195853501576
POS-01252,2023-09-26,Kathmandu-DurbarMarg,King's Way 101,Gaming-Console,6,3808.459916345379
POS-01253,2023-07-09,Kathmandu-DurbarMarg,King's Way 101,VR-Headset,1,569.8472214559998
POS-01254,2023-12-26,Biratnagar-Main,Hospital Rd,Gaming-Console,4,2150.084873939735
POS-01255,2023-12-10,Lalitpur-Patan,Pulchowk Rd,VR-Headset,6,2979.137382494924
POS-01256,2023-09-19,Kathmandu-DurbarMarg,King's Way 101,Solar-Battery,6,4875.038665048813
POS-01257,2023-10-28,Pokhara-Lakeside,Baidam Street 6,Smart-Hub,6,3824.269532104808
POS-01258,2023-12-10,Lalitpur-Patan,Pulchowk Rd,Smart-Hub,3,2649.914749445931
POS-01259,2023-10-24,Pokhara-Lakeside,Baidam Street 6,Solar-Battery,3,1678.6603463517129
POS-01260,2023-12-04,Pokhara-Lakeside,Baidam Street 6,4K-TV,1,3070.9153849426384
POS-01261,2023-01-14,Biratnagar-Main,Hospital Rd,Drone-HD,1,1117.8489855414591
POS-01262,2023-08-15,Kathmandu-DurbarMarg,King's Way 101,Drone-HD,5,2291.2993271823425
POS-01263,2023-10-27,Pokhara-Lakeside,Baidam Street 6,4K-TV,1,4348.434581922762
POS-01264,2023-05-06,Kathmandu-DurbarMarg,King's Way 101,VR-Headset,9,443.79701269681425
POS-01265,2023-06-24,Lalitpur-Patan,Pulchowk Rd,Gaming-Console,3,3605.138311116949
POS-01266,2023-07-21,Pokhara-Lakeside,Baidam Street 6,Smart-Hub,3,1542.1030926538963
POS-01267,2023-03-10,Kathmandu-DurbarMarg,King's Way 101,4K-TV,9,4207.31295663189
POS-01268,2023-08-27,Butwal-Chowk,Traffic Chowk E,Solar-Battery,7,609.7825144034135
POS-01269,2023-09-15,Butwal-Chowk,Traffic Chowk E,VR-Headset,5,586.0850720287433
POS-01270,2023-11-03,Butwal-Chowk,Traffic Chowk E,Smart-Hub,9,4153.876175071721
POS-01271,2023-09-29,Pokhara-Lakeside,Baidam Street 6,Smart-Hub,9,3285.6241763548214
POS-01272,2023-12-04,Biratnagar-Main,Hospital Rd,Solar-Battery,6,4868.518588548
POS-01273,2023-04-18,Kathmandu-DurbarMarg,King's Way 101,4K-TV,1,3102.5882543605526
POS-01274,2023-03-25,Biratnagar-Main,Hospital Rd,4K-TV,6,3580.6197549471513
POS-01275,2023-07-07,Biratnagar-Main,Hospital Rd,Solar-Battery,2,1002.1934515976616
POS-01276,2023-02-03,Lalitpur-Patan,Pulchowk Rd,Smart-Hub,9,594.4399093383936
POS-01277,2023-06-01,Pokhara-Lakeside,Baidam Street 6,Solar-Battery,4,2997.9828193255803
POS-01278,2023-01-13,Kathmandu-DurbarMarg,King's Way 101,Solar-Battery,2,2730.3434145659608
POS-01279,2023-04-07,Butwal-Chowk,Traffic Chowk E,Drone-HD,6,4498.413247577785
POS-01280,2023-04-14,Butwal-Chowk,Traffic Chowk E,Drone-HD,1,2369.4747514580026
POS-01281,2023-04-10,Lalitpur-Patan,Pulchowk Rd,Gaming-Console,3,3413.519405489093
POS-01282,2023-11-15,Butwal-Chowk,Traffic Chowk E,VR-Headset,3,3465.7375062968867
POS-01283,2023-10-01,Kathmandu-DurbarMarg,King's Way 101,VR-Headset,4,1511.1327571700988
POS-01284,2023-05-31,Kathmandu-DurbarMarg,King's Way 101,Drone-HD,4,3524.318534076013
POS-01285,2023-07-03,Pokhara-Lakeside,Baidam Street 6,Smart-Hub,4,-26.04683540394018
POS-01286,2023-01-24,Kathmandu-DurbarMarg,King's Way 101,VR-Headset,6,3498.468205152031
POS-01287,2023-03-12,Kathmandu-DurbarMarg,King's Way 101,Drone-HD,3,2696.076866568937
POS-01288,2023-10-12,Lalitpur-Patan,Pulchowk Rd,Gaming-Console,1,1456.5114754713456
POS-01289,2023-09-06,Pokhara-Lakeside,Baidam Street 6,Gaming-Console,4,966.513100382509
POS-01290,2023-05-08,Biratnagar-Main,Hospital Rd,Solar-Battery,2,3547.80319612597
POS-01291,2023-09-12,Butwal-Chowk,Traffic Chowk E,4K-TV,7,1102.4255206427154
POS-01292,2023-08-02,Pokhara-Lakeside,Baidam Street 6,Gaming-Console,8,2941.145136995352
POS-01293,2023-03-21,Kathmandu-DurbarMarg,King's Way 101,Solar-Battery,8,66.25159762405869
POS-01294,2023-04-06,Butwal-Chowk,Traffic Chowk E,Solar-Battery,9,4793.634554461759
POS-01295,2023-11-04,Kathmandu-DurbarMarg,King's Way 101,Drone-HD,9,3544.1287603130318
POS-01296,2023-08-17,Biratnagar-Main,Hospital Rd,Smart-Hub,9,507.7369230924154
POS-01297,2023-04-02,Pokhara-Lakeside,Baidam Street 6,VR-Headset,3,4188.783354459316
POS-01298,2023-01-06,Biratnagar-Main,Hospital Rd,VR-Headset,7,2813.577387285681
POS-01299,2023-10-10,Lalitpur-Patan,Pulchowk Rd,Smart-Hub,6,4663.610784033846
POS-01300,2023-12-17,Kathmandu-DurbarMarg,King's Way 101,Solar-Battery,6,2557.0352399990898
POS-01301,2023-03-03,Butwal-Chowk,Traffic Chowk E,Drone-HD,7,4013.238168050496
POS-01302,2023-08-27,Biratnagar-Main,Hospital Rd,VR-Headset,8,181.63925657490933
POS-01303,2023-06-25,Butwal-Chowk,Traffic Chowk E,Solar-Battery,4,3229.973743087177
POS-01304,2023-03-23,Kathmandu-DurbarMarg,King's Way 101,Gaming-Console,8,1513.1945816220286
POS-01305,2023-01-23,Lalitpur-Patan,Pulchowk Rd,VR-Headset,5,4190.680910854074
POS-01306,2023-03-28,Butwal-Chowk,Traffic Chowk E,4K-TV,9,4495.6404975604
POS-01307,2023-05-29,Butwal-Chowk,Traffic Chowk E,Solar-Battery,9,2200.794739436928
POS-01308,2023-08-08,Pokhara-Lakeside,Baidam Street 6,Drone-HD,5,2415.558882089246
POS-01309,2023-12-01,Butwal-Chowk,Traffic Chowk E,Smart-Hub,5,3206.0483121201155
POS-01310,2023-11-13,Lalitpur-Patan,Pulchowk Rd,Drone-HD,9,3456.9497065522783
POS-01311,2023-02-22,Pokhara-Lakeside,Baidam Street 6,VR-Headset,5,553.0722722502427
POS-01312,2023-03-07,Kathmandu-DurbarMarg,King's Way 101,Drone-HD,4,4730.395969982148
POS-01313,2023-01-28,Pokhara-Lakeside,Baidam Street 6,Gaming-Console,5,4156.9376592616745
POS-01314,2023-11-14,Butwal-Chowk,Traffic Chowk E,Drone-HD,2,378.251092582088
POS-01315,2023-06-09,Kathmandu-DurbarMarg,King's Way 101,Smart-Hub,6,3077.3009223068143
POS-01316,2023-02-25,Biratnagar-Main,Hospital Rd,Solar-Battery,8,2793.4413031669783
POS-01317,2023-11-30,Butwal-Chowk,Traffic Chowk E,Gaming-Console,6,999.861729365648
POS-01318,2023-03-26,Kathmandu-DurbarMarg,King's Way 101,Drone-HD,8,2040.7045269093896
POS-01319,2023-03-08,Lalitpur-Patan,Pulchowk Rd,Gaming-Console,1,4325.8794711137525
POS-01320,2023-10-13,Butwal-Chowk,Traffic Chowk E,Drone-HD,1,2123.2620812836635
POS-01321,2023-10-31,Lalitpur-Patan,Pulchowk Rd,Solar-Battery,8,3374.1810577324973
POS-01322,2023-04-12,Butwal-Chowk,Traffic Chowk E,4K-TV,9,2669.478896301345
POS-01323,2023-05-12,Lalitpur-Patan,Pulchowk Rd,4K-TV,6,4594.582009606269
POS-01324,2023-11-13,Butwal-Chowk,Traffic Chowk E,Solar-Battery,1,4992.606479501601
POS-01325,2023-02-27,Biratnagar-Main,Hospital Rd,Gaming-Console,4,-48.70272402588009
POS-01326,2023-04-08,Lalitpur-Patan,Pulchowk Rd,Drone-HD,6,3986.8443444676614
POS-01327,2023-09-27,Pokhara-Lakeside,Baidam Street 6,Solar-Battery,9,298.42466231189655
POS-01328,2023-11-07,Butwal-Chowk,Traffic Chowk E,Drone-HD,6,4748.491912083671
POS-01329,2023-11-04,Kathmandu-DurbarMarg,King's Way 101,VR-Headset,5,3270.777523810478
POS-01330,2023-11-25,Lalitpur-Patan,Pulchowk Rd,Drone-HD,6,224.44349776341681
POS-01331,2023-11-03,Biratnagar-Main,Hospital Rd,Drone-HD,2,3282.6744005818637
POS-01332,2023-02-04,Lalitpur-Patan,Pulchowk Rd,4K-TV,4,1443.1699355671815
POS-01333,2023-08-14,Butwal-Chowk,Traffic Chowk E,Gaming-Console,2,88.26807165923492
POS-01334,2023-08-07,Kathmandu-DurbarMarg,King's Way 101,4K-TV,8,631.7464631073226
POS-01335,2023-02-06,Kathmandu-DurbarMarg,King's Way 101,Drone-HD,1,2169.319377382666
POS-01336,2023-01-31,Biratnagar-Main,Hospital Rd,Drone-HD,5,527.0133706927995
POS-01337,2023-04-27,Lalitpur-Patan,Pulchowk Rd,Solar-Battery,2,3545.1261555518136
POS-01338,2023-08-22,Butwal-Chowk,Traffic Chowk E,VR-Headset,4,3866.9261151375276
POS-01339,2023-08-25,Butwal-Chowk,Traffic Chowk E,Smart-Hub,1,535.3622029969571
POS-01340,2023-06-27,Pokhara-Lakeside,Baidam Street 6,VR-Headset,4,2225.5462501247125
POS-01341,2023-05-28,Pokhara-Lakeside,Baidam Street 6,Gaming-Console,6,2800.835379148823
POS-01342,2023-01-27,Butwal-Chowk,Traffic Chowk E,Gaming-Console,5,3784.3486424039825
POS-01343,2023-07-20,Kathmandu-DurbarMarg,King's Way 101,Gaming-Console,9,2625.3985479184234
POS-01344,2023-01-24,Biratnagar-Main,Hospital Rd,Drone-HD,6,4870.350957750267
POS-01345,2023-10-19,Biratnagar-Main,Hospital Rd,Drone-HD,1,2164.375981544888
POS-01346,2023-03-26,Biratnagar-Main,Hospital Rd,Solar-Battery,1,2406.2396695774673
POS-01347,2023-07-14,Lalitpur-Patan,Pulchowk Rd,VR-Headset,5,4160.691876329466
POS-01348,2023-09-07,Pokhara-Lakeside,Baidam Street 6,VR-Headset,2,290.3216130636385
POS-01349,2023-03-21,Biratnagar-Main,Hospital Rd,Solar-Battery,5,4591.661123414046
POS-01350,2023-10-18,Kathmandu-DurbarMarg,King's Way 101,Solar-Battery,4,1604.580991482446
POS-01351,2023-02-13,Lalitpur-Patan,Pulchowk Rd,Gaming-Console,1,3751.986237040238
POS-01352,2023-03-13,Kathmandu-DurbarMarg,King's Way 101,Solar-Battery,9,1487.8565085892126
POS-01353,2023-04-09,Pokhara-Lakeside,Baidam Street 6,Gaming-Console,2,3547.4688787627592
POS-01354,2023-12-24,Kathmandu-DurbarMarg,King's Way 101,Gaming-Console,3,4412.969807020059
POS-01355,2023-01-25,Kathmandu-DurbarMarg,King's Way 101,Solar-Battery,8,3888.594068061648
POS-01356,2023-11-19,Biratnagar-Main,Hospital Rd,VR-Headset,4,3022.0672657466284
POS-01357,2023-09-07,Butwal-Chowk,Traffic Chowk E,Gaming-Console,1,1741.2730757821669
POS-01358,2023-06-26,Butwal-Chowk,Traffic Chowk E,Solar-Battery,3,3860.178658392205
POS-01359,2023-08-26,Kathmandu-DurbarMarg,King's Way 101,Gaming-Console,6,2701.820923269542
POS-01360,2023-10-04,Lalitpur-Patan,Pulchowk Rd,VR-Headset,7,1002.6306255861605
POS-01361,2023-07-16,Biratnagar-Main,Hospital Rd,Smart-Hub,2,1904.9477010560747
POS-01362,2023-03-20,Kathmandu-DurbarMarg,King's Way 101,4K-TV,6,2947.313908648594
POS-01363,2023-07-30,Biratnagar-Main,Hospital Rd,VR-Headset,7,3327.956754384758
POS-01364,2023-05-29,Biratnagar-Main,Hospital Rd,Gaming-Console,7,1509.9322403998267
POS-01365,2023-02-13,Butwal-Chowk,Traffic Chowk E,Solar-Battery,4,3075.729680866491
POS-01366,2023-06-11,Kathmandu-DurbarMarg,King's Way 101,Smart-Hub,4,-29.01687717993528
POS-01367,2023-05-07,Kathmandu-DurbarMarg,King's Way 101,Gaming-Console,3,3840.487658641186
POS-01368,2023-04-20,Butwal-Chowk,Traffic Chowk E,Drone-HD,7,835.4243878520606
POS-01369,2023-07-01,Pokhara-Lakeside,Baidam Street 6,Gaming-Console,1,4940.295564994364
POS-01370,2023-09-01,Kathmandu-DurbarMarg,King's Way 101,Smart-Hub,5,96.00058163812409
POS-01371,2023-08-05,Butwal-Chowk,Traffic Chowk E,Smart-Hub,7,558.8824614763495
POS-01372,2023-03-01,Biratnagar-Main,Hospital Rd,Solar-Battery,1,3756.8396913278593
POS-01373,2023-07-09,Kathmandu-DurbarMarg,King's Way 101,VR-Headset,1,1281.4081363850996
POS-01374,2023-06-24,Lalitpur-Patan,Pulchowk Rd,Gaming-Console,8,2888.3621656232644
POS-01375,2023-09-03,Butwal-Chowk,Traffic Chowk E,VR-Headset,1,-63.880123761107775
POS-01376,2023-01-09,Kathmandu-DurbarMarg,King's Way 101,Drone-HD,4,4974.585821780618
POS-01377,2023-05-08,Butwal-Chowk,Traffic Chowk E,Smart-Hub,3,2405.579960907049
POS-01378,2023-03-30,Biratnagar-Main,Hospital Rd,4K-TV,4,1515.715928633397
POS-01379,2023-02-14,Butwal-Chowk,Traffic Chowk E,VR-Headset,1,1973.5493004650675
POS-01380,2023-07-06,Butwal-Chowk,Traffic Chowk E,4K-TV,9,3754.8026515226084
POS-01381,2023-09-20,Pokhara-Lakeside,Baidam Street 6,4K-TV,7,-48.12345538511439
POS-01382,2023-05-05,Butwal-Chowk,Traffic Chowk E,Solar-Battery,1,1969.9335209801352
POS-01383,2023-02-13,Biratnagar-Main,Hospital Rd,4K-TV,2,2679.9381816047994
POS-01384,2023-03-14,Kathmandu-DurbarMarg,King's Way 101,Drone-HD,8,540.8932851417574
POS-01385,2023-04-28,Lalitpur-Patan,Pulchowk Rd,Drone-HD,4,2619.6560686066323
POS-01386,2023-01-13,Biratnagar-Main,Hospital Rd,Drone-HD,8,1270.7964282314422
POS-01387,2023-02-17,Lalitpur-Patan,Pulchowk Rd,4K-TV,7,1340.7493260177775
POS-01388,2023-08-02,Pokhara-Lakeside,Baidam Street 6,Solar-Battery,4,3292.077559773272
POS-01389,2023-08-30,Butwal-Chowk,Traffic Chowk E,Gaming-Console,7,2197.901132954257
POS-01390,2023-06-15,Biratnagar-Main,Hospital Rd,Drone-HD,4,360.6272899106571
POS-01391,2023-05-21,Biratnagar-Main,Hospital Rd,Drone-HD,7,3080.6587643533676
POS-01392,2023-08-25,Biratnagar-Main,Hospital Rd,Smart-Hub,1,1478.3478815033377
POS-01393,2023-02-06,Lalitpur-Patan,Pulchowk Rd,4K-TV,1,3921.2093905944635
POS-01394,2023-08-30,Kathmandu-DurbarMarg,King's Way 101,Gaming-Console,6,3524.596650304909
POS-01395,2023-08-23,Lalitpur-Patan,Pulchowk Rd,VR-Headset,2,3546.63095023688
POS-01396,2023-01-14,Kathmandu-DurbarMarg,King's Way 101,VR-Headset,8,3703.2141534102952
POS-01397,2023-07-28,Pokhara-Lakeside,Baidam Street 6,4K-TV,3,3286.591691288164
POS-01398,2023-07-13,Lalitpur-Patan,Pulchowk Rd,Drone-HD,8,1319.1998496287936
POS-01399,2023-11-07,Butwal-Chowk,Traffic Chowk E,Smart-Hub,3,281.95716170728065
POS-01400,2023-10-21,Lalitpur-Patan,Pulchowk Rd,Smart-Hub,2,2346.139412893461
POS-01401,2023-04-15,Lalitpur-Patan,Pulchowk Rd,Drone-HD,1,3611.3612418531
POS-01402,2023-12-15,Kathmandu-DurbarMarg,King's Way 101,4K-TV,9,3773.4462279064314
POS-01403,2023-05-28,Kathmandu-DurbarMarg,King's Way 101,Gaming-Console,2,2946.3024622438757
POS-01404,2023-03-22,Butwal-Chowk,Traffic Chowk E,Smart-Hub,5,1393.6114788886307
POS-01405,2023-05-24,Lalitpur-Patan,Pulchowk Rd,Smart-Hub,8,815.4555047386195
POS-01406,2023-03-19,Kathmandu-DurbarMarg,King's Way 101,4K-TV,2,4496.035737652125
POS-01407,2023-10-04,Butwal-Chowk,Traffic Chowk E,4K-TV,6,4188.004800577083
POS-01408,2023-06-24,Lalitpur-Patan,Pulchowk Rd,Drone-HD,6,1050.3105687581904
POS-01409,2023-07-31,Pokhara-Lakeside,Baidam Street 6,4K-TV,2,4550.817133586997
POS-01410,2023-09-29,Biratnagar-Main,Hospital Rd,Drone-HD,4,1775.8753303482868
POS-01411,2023-05-21,Biratnagar-Main,Hospital Rd,VR-Headset,9,308.9849411806123
POS-01412,2023-07-30,Pokhara-Lakeside,Baidam Street 6,Drone-HD,6,1158.6771784872262
POS-01413,2023-10-10,Biratnagar-Main,Hospital Rd,Gaming-Console,4,2660.559135324241
POS-01414,2023-03-13,Biratnagar-Main,Hospital Rd,Drone-HD,4,3343.459437460628
POS-01415,2023-03-07,Lalitpur-Patan,Pulchowk Rd,Solar-Battery,1,2977.065382736134
POS-01416,2023-04-22,Butwal-Chowk,Traffic Chowk E,Drone-HD,4,3527.35868230358
POS-01417,2023-08-18,Pokhara-Lakeside,Baidam Street 6,Smart-Hub,3,3425.4379986129443
POS-01418,2023-09-10,Pokhara-Lakeside,Baidam Street 6,Drone-HD,8,2309.316250388232
POS-01419,2023-12-08,Kathmandu-DurbarMarg,King's Way 101,Smart-Hub,4,1594.3939071340155
POS-01420,2023-07-15,Butwal-Chowk,Traffic Chowk E,4K-TV,6,2668.8816164202617
POS-01421,2023-02-10,Lalitpur-Patan,Pulchowk Rd,VR-Headset,7,4485.158521050168
POS-01422,2023-12-08,Pokhara-Lakeside,Baidam Street 6,Gaming-Console,9,1848.9147640518163
POS-01423,2023-08-20,Biratnagar-Main,Hospital Rd,Gaming-Console,2,3543.7129398731836
POS-01424,2023-12-22,Pokhara-Lakeside,Baidam Street 6,Gaming-Console,4,1766.0144483147374
POS-01425,2023-10-05,Kathmandu-DurbarMarg,King's Way 101,Solar-Battery,7,1698.4018595962598
POS-01426,2023-06-26,Butwal-Chowk,Traffic Chowk E,Solar-Battery,6,3050.3398787752635
POS-01427,2023-12-05,Butwal-Chowk,Traffic Chowk E,Smart-Hub,4,4337.916486531526
POS-01428,2023-08-23,Butwal-Chowk,Traffic Chowk E,Solar-Battery,6,359.05112670401724
POS-01429,2023-08-12,Butwal-Chowk,Traffic Chowk E,Smart-Hub,2,4084.9728151126874
POS-01430,2023-02-24,Biratnagar-Main,Hospital Rd,Drone-HD,3,760.2034033954913
POS-01431,2023-09-16,Lalitpur-Patan,Pulchowk Rd,4K-TV,8,1910.042361589662
POS-01432,2023-04-16,Lalitpur-Patan,Pulchowk Rd,Drone-HD,7,3733.8569066679215
POS-01433,2023-12-14,Biratnagar-Main,Hospital Rd,Solar-Battery,9,3808.8616303629724
POS-01434,2023-11-15,Kathmandu-DurbarMarg,King's Way 101,VR-Headset,6,4222.046093225913
POS-01435,2023-04-22,Pokhara-Lakeside,Baidam Street 6,Gaming-Console,9,1762.7669424040803
POS-01436,2023-10-07,Butwal-Chowk,Traffic Chowk E,Smart-Hub,7,598.8796913004101
POS-01437,2023-12-22,Butwal-Chowk,Traffic Chowk E,Solar-Battery,5,3866.3196918632325
POS-01438,2023-02-02,Biratnagar-Main,Hospital Rd,Drone-HD,7,4638.345260599858
POS-01439,2023-05-23,Butwal-Chowk,Traffic Chowk E,VR-Headset,6,63.01745809354753
POS-01440,2023-06-24,Pokhara-Lakeside,Baidam Street 6,Smart-Hub,3,1554.597822412303
POS-01441,2023-11-02,Lalitpur-Patan,Pulchowk Rd,Solar-Battery,7,1888.3992231832183
POS-01442,2023-05-09,Lalitpur-Patan,Pulchowk Rd,4K-TV,4,4610.497178398797
POS-01443,2023-03-31,Kathmandu-DurbarMarg,King's Way 101,Gaming-Console,8,3402.146414017437
POS-01444,2023-04-29,Pokhara-Lakeside,Baidam Street 6,Gaming-Console,4,3094.4345374229392
POS-01445,2023-05-21,Biratnagar-Main,Hospital Rd,Drone-HD,8,58.92527678099677
POS-01446,2023-02-12,Lalitpur-Patan,Pulchowk Rd,Drone-HD,3,4765.997080328679
POS-01447,2023-01-08,Lalitpur-Patan,Pulchowk Rd,Drone-HD,8,3936.170911088221
POS-01448,2023-03-14,Lalitpur-Patan,Pulchowk Rd,Smart-Hub,9,70.30256072840717
POS-01449,2023-03-15,Lalitpur-Patan,Pulchowk Rd,Drone-HD,8,625.3860104334777
POS-01450,2023-11-19,Pokhara-Lakeside,Baidam Street 6,Gaming-Console,3,3557.2728233270645
POS-01451,2023-07-06,Pokhara-Lakeside,Baidam Street 6,Smart-Hub,1,2635.1485946218486
POS-01452,2023-01-24,Butwal-Chowk,Traffic Chowk E,Drone-HD,4,1425.7104714985044
POS-01453,2023-12-03,Lalitpur-Patan,Pulchowk Rd,Drone-HD,2,3012.6415490408363
POS-01454,2023-02-22,Lalitpur-Patan,Pulchowk Rd,4K-TV,4,4350.409875865026
POS-01455,2023-10-25,Biratnagar-Main,Hospital Rd,Smart-Hub,5,3669.11944148953
POS-01456,2023-02-23,Kathmandu-DurbarMarg,King's Way 101,Drone-HD,1,4200.141829607697
POS-01457,2023-04-17,Kathmandu-DurbarMarg,King's Way 101,Gaming-Console,7,2583.3888373520126
POS-01458,2023-07-02,Pokhara-Lakeside,Baidam Street 6,Drone-HD,3,2320.6748884276585
POS-01459,2023-10-06,Butwal-Chowk,Traffic Chowk E,VR-Headset,6,1622.0068468709044
POS-01460,2023-03-17,Butwal-Chowk,Traffic Chowk E,Gaming-Console,9,732.7335219689237
POS-01461,2023-08-14,Pokhara-Lakeside,Baidam Street 6,Drone-HD,8,4455.866959460691
POS-01462,2023-08-30,Biratnagar-Main,Hospital Rd,VR-Headset,9,2386.732863074528
POS-01463,2023-09-08,Butwal-Chowk,Traffic Chowk E,4K-TV,7,3282.7773189360946
POS-01464,2023-06-07,Pokhara-Lakeside,Baidam Street 6,4K-TV,4,3733.8615858457156
POS-01465,2023-06-30,Kathmandu-DurbarMarg,King's Way 101,VR-Headset,8,4414.526279273165
POS-01466,2023-08-10,Butwal-Chowk,Traffic Chowk E,VR-Headset,3,2634.067361176728
POS-01467,2023-09-28,Kathmandu-DurbarMarg,King's Way 101,Drone-HD,3,3796.5284700800266
POS-01468,2023-11-10,Pokhara-Lakeside,Baidam Street 6,Gaming-Console,7,4381.8380056335445
POS-01469,2023-07-17,Kathmandu-DurbarMarg,King's Way 101,Gaming-Console,4,3334.4063468314866
POS-01470,2023-02-18,Kathmandu-DurbarMarg,King's Way 101,Smart-Hub,3,3006.8652202982285
POS-01471,2023-05-08,Lalitpur-Patan,Pulchowk Rd,Gaming-Console,2,149.04580446913212
POS-01472,2023-12-14,Kathmandu-DurbarMarg,King's Way 101,Solar-Battery,2,262.41621794391006
POS-01473,2023-07-04,Pokhara-Lakeside,Baidam Street 6,VR-Headset,9,2079.5676638586315
POS-01474,2023-10-21,Biratnagar-Main,Hospital Rd,Solar-Battery,9,4600.288787531483
POS-01475,2023-03-15,Kathmandu-DurbarMarg,King's Way 101,4K-TV,1,1502.5798143593356
POS-01476,2023-03-29,Biratnagar-Main,Hospital Rd,Solar-Battery,1,3960.321294771327
POS-01477,2023-02-08,Butwal-Chowk,Traffic Chowk E,4K-TV,4,941.2867498834898
POS-01478,2023-01-27,Butwal-Chowk,Traffic Chowk E,4K-TV,3,4339.522620343441
POS-01479,2023-12-19,Kathmandu-DurbarMarg,King's Way 101,VR-Headset,2,1097.045787740679
POS-01480,2023-12-21,Kathmandu-DurbarMarg,King's Way 101,4K-TV,7,2684.796402105913
POS-01481,2023-03-16,Kathmandu-DurbarMarg,King's Way 101,Gaming-Console,3,2761.9254311108334
POS-01482,2023-07-19,Butwal-Chowk,Traffic Chowk E,Smart-Hub,2,2602.811890110277
POS-01483,2023-06-23,Kathmandu-DurbarMarg,King's Way 101,Smart-Hub,6,804.3711334389297
POS-01484,2023-12-20,Pokhara-Lakeside,Baidam Street 6,Gaming-Console,9,3167.265175880593
POS-01485,2023-09-10,Pokhara-Lakeside,Baidam Street 6,Gaming-Console,4,1871.423730355818
POS-01486,2023-06-27,Pokhara-Lakeside,Baidam Street 6,Smart-Hub,2,2620.8736495233147
POS-01487,2023-01-04,Biratnagar-Main,Hospital Rd,Drone-HD,4,1894.0486671262518
POS-01488,2023-01-29,Kathmandu-DurbarMarg,King's Way 101,Gaming-Console,1,3464.8889603405146
POS-01489,2023-10-21,Pokhara-Lakeside,Baidam Street 6,Solar-Battery,6,4426.017608639052
POS-01490,2023-02-17,Kathmandu-DurbarMarg,King's Way 101,Drone-HD,6,4184.516835759788
POS-01491,2023-03-22,Butwal-Chowk,Traffic Chowk E,4K-TV,7,2800.8252355529344
POS-01492,2023-01-21,Lalitpur-Patan,Pulchowk Rd,VR-Headset,5,3831.004835940336
POS-01493,2023-07-17,Kathmandu-DurbarMarg,King's Way 101,VR-Headset,4,3913.414432915159
POS-01494,2023-12-05,Lalitpur-Patan,Pulchowk Rd,4K-TV,6,2583.322777933176
POS-01495,2023-06-23,Pokhara-Lakeside,Baidam Street 6,Gaming-Console,5,91.8789648762062
POS-01496,2023-01-22,Kathmandu-DurbarMarg,King's Way 101,Smart-Hub,2,2230.808987493244
POS-01497,2023-01-31,Lalitpur-Patan,Pulchowk Rd,Solar-Battery,4,4537.677074657149
POS-01498,2023-03-08,Butwal-Chowk,Traffic Chowk E,4K-TV,6,3439.0330987292264
POS-01499,2023-10-01,Pokhara-Lakeside,Baidam Street 6,Drone-HD,7,2968.4780666618694
POS-01500,2023-10-31,Kathmandu-DurbarMarg,King's Way 101,Solar-Battery,8,4740.025228630615
POS-01501,2023-12-18,Pokhara-Lakeside,Baidam Street 6,Gaming-Console,1,3601.0909958794
POS-01502,2023-08-03,Kathmandu-DurbarMarg,King's Way 101,Gaming-Console,9,3364.0607253932008
POS-01503,2023-03-10,Kathmandu-DurbarMarg,King's Way 101,Smart-Hub,7,4751.162049009521
POS-01504,2023-10-20,Biratnagar-Main,Hospital Rd,Drone-HD,8,4997.770430255606
POS-01505,2023-05-31,Kathmandu-DurbarMarg,King's Way 101,4K-TV,2,1517.466026199709
POS-01506,2023-09-03,Kathmandu-DurbarMarg,King's Way 101,VR-Headset,6,2728.1257211541647
POS-01507,2023-03-15,Biratnagar-Main,Hospital Rd,Solar-Battery,9,3655.1227756641533
POS-01508,2023-02-16,Pokhara-Lakeside,Baidam Street 6,Gaming-Console,7,4197.7258176732985
POS-01509,2023-06-26,Butwal-Chowk,Traffic Chowk E,VR-Headset,9,4584.717906748453
POS-01510,2023-02-26,Biratnagar-Main,Hospital Rd,Smart-Hub,1,3202.5450316638885
POS-01511,2023-12-02,Lalitpur-Patan,Pulchowk Rd,Gaming-Console,6,-36.72459955645658
POS-01512,2023-06-21,Butwal-Chowk,Traffic Chowk E,Solar-Battery,8,2059.7946551978866
POS-01513,2023-01-03,Biratnagar-Main,Hospital Rd,VR-Headset,9,2762.388210738724
POS-01514,2023-05-04,Kathmandu-DurbarMarg,King's Way 101,Solar-Battery,2,3795.9450249835086
POS-01515,2023-11-29,Butwal-Chowk,Traffic Chowk E,Gaming-Console,4,4816.52716669394
POS-01516,2023-04-17,Biratnagar-Main,Hospital Rd,VR-Headset,9,369.1112306304333
POS-01517,2023-01-20,Lalitpur-Patan,Pulchowk Rd,Gaming-Console,3,1736.778908329757
POS-01518,2023-06-19,Lalitpur-Patan,Pulchowk Rd,4K-TV,6,3872.88076764116
POS-01519,2023-07-27,Lalitpur-Patan,Pulchowk Rd,4K-TV,1,1445.161228992724
POS-01520,2023-05-23,Kathmandu-DurbarMarg,King's Way 101,Solar-Battery,4,2208.5986582228056
POS-01521,2023-04-29,Lalitpur-Patan,Pulchowk Rd,VR-Headset,2,3230.6334074631627
POS-01522,2023-04-17,Lalitpur-Patan,Pulchowk Rd,VR-Headset,1,2880.380061718018
POS-01523,2023-10-02,Pokhara-Lakeside,Baidam Street 6,Gaming-Console,8,561.5937284076113
POS-01524,2023-11-25,Butwal-Chowk,Traffic Chowk E,Gaming-Console,9,2174.863446850379
POS-01525,2023-06-14,Kathmandu-DurbarMarg,King's Way 101,Smart-Hub,1,1160.6757235224875
POS-01526,2023-08-04,Butwal-Chowk,Traffic Chowk E,4K-TV,7,30.86355495771963
POS-01527,2023-09-29,Butwal-Chowk,Traffic Chowk E,VR-Headset,2,1791.6652767539458
POS-01528,2023-10-29,Kathmandu-DurbarMarg,King's Way 101,VR-Headset,4,1156.5100724268698
POS-01529,2023-10-01,Kathmandu-DurbarMarg,King's Way 101,Smart-Hub,6,1068.7434516544906
POS-01530,2023-07-28,Butwal-Chowk,Traffic Chowk E,Gaming-Console,4,3817.720086451744
POS-01531,2023-04-01,Pokhara-Lakeside,Baidam Street 6,Drone-HD,7,2984.508461376927
POS-01532,2023-08-27,Pokhara-Lakeside,Baidam Street 6,4K-TV,4,4393.194365220898
POS-01533,2023-02-03,Pokhara-Lakeside,Baidam Street 6,4K-TV,8,104.3609843863122
POS-01534,2023-06-06,Biratnagar-Main,Hospital Rd,4K-TV,7,4877.927419303913
POS-01535,2023-09-19,Lalitpur-Patan,Pulchowk Rd,Drone-HD,2,2449.3525083035897
POS-01536,2023-07-20,Biratnagar-Main,Hospital Rd,4K-TV,8,1082.231892536441
POS-01537,2023-09-19,Kathmandu-DurbarMarg,King's Way 101,Drone-HD,8,4666.00831858413
POS-01538,2023-03-25,Butwal-Chowk,Traffic Chowk E,Solar-Battery,4,4097.746890759249
POS-01539,2023-11-06,Lalitpur-Patan,Pulchowk Rd,4K-TV,3,4427.763670644078
POS-01540,2023-02-19,Kathmandu-DurbarMarg,King's Way 101,4K-TV,4,4955.202420270175
POS-01541,2023-12-11,Kathmandu-DurbarMarg,King's Way 101,Drone-HD,5,240.99315318834374
POS-01542,2023-05-07,Pokhara-Lakeside,Baidam Street 6,Solar-Battery,5,3575.2676004293153
POS-01543,2023-05-24,Biratnagar-Main,Hospital Rd,Solar-Battery,5,4603.952932447257
POS-01544,2023-01-15,Biratnagar-Main,Hospital Rd,Solar-Battery,8,60.53463976870168
POS-01545,2023-10-07,Pokhara-Lakeside,Baidam Street 6,4K-TV,4,4098.534124124048
POS-01546,2023-11-16,Lalitpur-Patan,Pulchowk Rd,Gaming-Console,5,1199.9949264479733
POS-01547,2023-04-08,Biratnagar-Main,Hospital Rd,Drone-HD,8,4082.139133436347
POS-01548,2023-04-07,Biratnagar-Main,Hospital Rd,Smart-Hub,9,2489.201181244462
POS-01549,2023-07-08,Biratnagar-Main,Hospital Rd,VR-Headset,9,4414.140342841947
POS-01550,2023-07-17,Pokhara-Lakeside,Baidam Street 6,Drone-HD,9,1030.1185988146715
POS-01551,2023-02-25,Pokhara-Lakeside,Baidam Street 6,VR-Headset,9,142.2545908899989
POS-01552,2023-08-03,Pokhara-Lakeside,Baidam Street 6,VR-Headset,2,4472.000760833245
POS-01553,2023-03-19,Lalitpur-Patan,Pulchowk Rd,Solar-Battery,4,4271.326211275487
POS-01554,2023-11-22,Pokhara-Lakeside,Baidam Street 6,Solar-Battery,3,2147.0590669610997
POS-01555,2023-03-26,Biratnagar-Main,Hospital Rd,VR-Headset,5,3732.254942710802
POS-01556,2023-08-03,Biratnagar-Main,Hospital Rd,Gaming-Console,7,1886.0293052463376
POS-01557,2023-10-23,Kathmandu-DurbarMarg,King's Way 101,VR-Headset,8,2705.5555667888643
POS-01558,2023-12-20,Lalitpur-Patan,Pulchowk Rd,Drone-HD,3,2835.5681560772427
POS-01559,2023-03-26,Butwal-Chowk,Traffic Chowk E,Gaming-Console,6,698.4946487593285
POS-01560,2023-05-15,Kathmandu-DurbarMarg,King's Way 101,Gaming-Console,1,968.6790445373465
POS-01561,2023-11-03,Biratnagar-Main,Hospital Rd,Drone-HD,3,2215.065164783385
POS-01562,2023-06-30,Butwal-Chowk,Traffic Chowk E,Drone-HD,5,4993.061680560053
POS-01563,2023-09-10,Pokhara-Lakeside,Baidam Street 6,VR-Headset,9,3750.162143533023
POS-01564,2023-10-10,Butwal-Chowk,Traffic Chowk E,Solar-Battery,7,3719.675340156057
POS-01565,2023-09-24,Kathmandu-DurbarMarg,King's Way 101,Gaming-Console,3,2797.882704752026
POS-01566,2023-07-21,Lalitpur-Patan,Pulchowk Rd,VR-Headset,4,4911.844234834868
POS-01567,2023-01-16,Kathmandu-DurbarMarg,King's Way 101,VR-Headset,3,2034.4530948129127
POS-01568,2023-11-26,Lalitpur-Patan,Pulchowk Rd,Drone-HD,8,1486.001382854026
POS-01569,2023-02-02,Lalitpur-Patan,Pulchowk Rd,VR-Headset,4,1329.8914441248762
POS-01570,2023-08-26,Butwal-Chowk,Traffic Chowk E,Smart-Hub,2,3680.7652116439385
POS-01571,2023-01-16,Biratnagar-Main,Hospital Rd,Smart-Hub,1,3601.106721846443
POS-01572,2023-01-25,Biratnagar-Main,Hospital Rd,Solar-Battery,3,4699.495451030937
POS-01573,2023-01-30,Pokhara-Lakeside,Baidam Street 6,4K-TV,3,3390.277465411121
POS-01574,2023-08-20,Pokhara-Lakeside,Baidam Street 6,Solar-Battery,5,933.1339152231735
POS-01575,2023-07-02,Pokhara-Lakeside,Baidam Street 6,Solar-Battery,1,2808.93038814297
POS-01576,2023-03-27,Lalitpur-Patan,Pulchowk Rd,Smart-Hub,2,4989.796723905236
POS-01577,2023-02-20,Pokhara-Lakeside,Baidam Street 6,Smart-Hub,3,1857.0464551896152
POS-01578,2023-05-31,Kathmandu-DurbarMarg,King's Way 101,VR-Headset,2,1063.1838102097754
POS-01579,2023-05-17,Butwal-Chowk,Traffic Chowk E,Solar-Battery,7,3289.314824920024
POS-01580,2023-10-05,Lalitpur-Patan,Pulchowk Rd,VR-Headset,2,3031.712816975504
POS-01581,2023-07-04,Butwal-Chowk,Traffic Chowk E,VR-Headset,3,239.17942986286965
POS-01582,2023-04-11,Butwal-Chowk,Traffic Chowk E,4K-TV,7,20.39357501111924
POS-01583,2023-11-11,Biratnagar-Main,Hospital Rd,Drone-HD,5,3821.71428068272
POS-01584,2023-02-18,Kathmandu-DurbarMarg,King's Way 101,Smart-Hub,1,291.46610989714424
POS-01585,2023-05-21,Biratnagar-Main,Hospital Rd,Gaming-Console,3,1743.4769379398083
POS-01586,2023-07-06,Biratnagar-Main,Hospital Rd,Drone-HD,8,4982.0409703594905
POS-01587,2023-03-06,Butwal-Chowk,Traffic Chowk E,Smart-Hub,2,394.4794430218526
POS-01588,2023-01-12,Lalitpur-Patan,Pulchowk Rd,Drone-HD,3,327.8968212100902
POS-01589,2023-01-16,Lalitpur-Patan,Pulchowk Rd,Solar-Battery,8,397.2886614225573
POS-01590,2023-08-23,Lalitpur-Patan,Pulchowk Rd,4K-TV,1,4802.448458189453
POS-01591,2023-09-18,Kathmandu-DurbarMarg,King's Way 101,Smart-Hub,6,2669.1530467412194
POS-01592,2023-06-24,Butwal-Chowk,Traffic Chowk E,Gaming-Console,6,2022.2491117068653
POS-01593,2023-05-26,Biratnagar-Main,Hospital Rd,4K-TV,8,4087.643262937285
POS-01594,2023-03-09,Biratnagar-Main,Hospital Rd,VR-Headset,4,3854.2192146676553
POS-01595,2023-01-26,Butwal-Chowk,Traffic Chowk E,Solar-Battery,2,2129.915465809983
POS-01596,2023-02-05,Butwal-Chowk,Traffic Chowk E,Solar-Battery,2,1692.4475126065818
POS-01597,2023-10-14,Biratnagar-Main,Hospital Rd,4K-TV,2,3429.6274622783385
POS-01598,2023-02-03,Butwal-Chowk,Traffic Chowk E,Solar-Battery,1,257.0552050873915
POS-01599,2023-08-21,Biratnagar-Main,Hospital Rd,Solar-Battery,7,3675.2221740037057
POS-01600,2023-09-28,Kathmandu-DurbarMarg,King's Way 101,4K-TV,2,-87.54229031531864
POS-01601,2023-06-18,Lalitpur-Patan,Pulchowk Rd,Smart-Hub,1,3280.701958239537
POS-01602,2023-05-16,Lalitpur-Patan,Pulchowk Rd,Drone-HD,2,1861.2692300068093
POS-01603,2023-04-29,Pokhara-Lakeside,Baidam Street 6,Drone-HD,2,1336.559805651783
POS-01604,2023-06-12,Lalitpur-Patan,Pulchowk Rd,Gaming-Console,4,3340.973041823694
POS-01605,2023-11-10,Pokhara-Lakeside,Baidam Street 6,Gaming-Console,6,42.53407801710782
POS-01606,2023-03-23,Kathmandu-DurbarMarg,King's Way 101,Gaming-Console,8,1448.8996074753884
POS-01607,2023-10-16,Butwal-Chowk,Traffic Chowk E,VR-Headset,4,1758.4603337624199
POS-01608,2023-08-10,Biratnagar-Main,Hospital Rd,VR-Headset,2,1775.3352446564443
POS-01609,2023-03-30,Lalitpur-Patan,Pulchowk Rd,Solar-Battery,4,2163.5769845375876
POS-01610,2023-02-09,Lalitpur-Patan,Pulchowk Rd,Gaming-Console,4,2823.815995494608
POS-01611,2023-03-29,Butwal-Chowk,Traffic Chowk E,Smart-Hub,3,1864.2001449866214
POS-01612,2023-04-29,Butwal-Chowk,Traffic Chowk E,4K-TV,6,2898.23643149883
POS-01613,2023-07-19,Biratnagar-Main,Hospital Rd,Drone-HD,8,1616.3772625748309
POS-01614,2023-09-09,Kathmandu-DurbarMarg,King's Way 101,4K-TV,4,-6.356281230821722
POS-01615,2023-02-02,Lalitpur-Patan,Pulchowk Rd,Drone-HD,2,1353.615779503676
POS-01616,2023-03-02,Butwal-Chowk,Traffic Chowk E,Drone-HD,8,2349.117988155222
POS-01617,2023-03-11,Pokhara-Lakeside,Baidam Street 6,VR-Headset,8,3310.4979751105393
POS-01618,2023-07-11,Biratnagar-Main,Hospital Rd,4K-TV,5,3247.522841760799
POS-01619,2023-10-04,Lalitpur-Patan,Pulchowk Rd,Drone-HD,3,4315.474323116176
POS-01620,2023-02-01,Butwal-Chowk,Traffic Chowk E,4K-TV,5,2415.0755462409234
POS-01621,2023-06-04,Pokhara-Lakeside,Baidam Street 6,Drone-HD,3,1322.9076203482346
POS-01622,2023-06-05,Kathmandu-DurbarMarg,King's Way 101,Solar-Battery,9,2899.1279959916756
POS-01623,2023-05-16,Lalitpur-Patan,Pulchowk Rd,Drone-HD,2,4845.331308022192
POS-01624,2023-10-13,Butwal-Chowk,Traffic Chowk E,Gaming-Console,7,3219.54481239118
POS-01625,2023-10-28,Lalitpur-Patan,Pulchowk Rd,Drone-HD,7,2474.301663347506
POS-01626,2023-01-24,Kathmandu-DurbarMarg,King's Way 101,VR-Headset,9,4404.986974702704
POS-01627,2023-04-06,Pokhara-Lakeside,Baidam Street 6,Gaming-Console,9,663.9243709716727
POS-01628,2023-12-14,Pokhara-Lakeside,Baidam Street 6,VR-Headset,4,990.5413142018353
POS-01629,2023-07-07,Lalitpur-Patan,Pulchowk Rd,Smart-Hub,2,1403.2326403936536
POS-01630,2023-06-18,Lalitpur-Patan,Pulchowk Rd,VR-Headset,2,4550.365346927304
POS-01631,2023-11-19,Butwal-Chowk,Traffic Chowk E,4K-TV,5,4542.796245775536
POS-01632,2023-09-23,Lalitpur-Patan,Pulchowk Rd,Drone-HD,4,716.8710275420382
POS-01633,2023-07-02,Kathmandu-DurbarMarg,King's Way 101,Drone-HD,3,2186.4832548999084
POS-01634,2023-12-13,Biratnagar-Main,Hospital Rd,Gaming-Console,7,4562.742546161958
POS-01635,2023-11-05,Lalitpur-Patan,Pulchowk Rd,4K-TV,7,2962.4162118647946
POS-01636,2023-11-05,Pokhara-Lakeside,Baidam Street 6,4K-TV,2,3130.113837592248
POS-01637,2023-07-13,Lalitpur-Patan,Pulchowk Rd,Solar-Battery,4,2367.5668761212705
POS-01638,2023-02-26,Pokhara-Lakeside,Baidam Street 6,Solar-Battery,1,1538.0404235220474
POS-01639,2023-07-14,Lalitpur-Patan,Pulchowk Rd,Solar-Battery,4,2430.4017803630445
POS-01640,2023-04-14,Lalitpur-Patan,Pulchowk Rd,Smart-Hub,9,1711.942794184903
POS-01641,2023-08-05,Lalitpur-Patan,Pulchowk Rd,Gaming-Console,6,2251.6917033194527
POS-01642,2023-02-09,Pokhara-Lakeside,Baidam Street 6,Smart-Hub,9,2055.2866619871306
POS-01643,2023-05-27,Biratnagar-Main,Hospital Rd,Solar-Battery,2,4096.723279760466
POS-01644,2023-12-10,Butwal-Chowk,Traffic Chowk E,Smart-Hub,9,2155.0377192473998
POS-01645,2023-12-18,Biratnagar-Main,Hospital Rd,VR-Headset,2,2187.2605128999658
POS-01646,2023-12-14,Pokhara-Lakeside,Baidam Street 6,4K-TV,9,283.9827265533195
POS-01647,2023-06-13,Biratnagar-Main,Hospital Rd,Drone-HD,5,4698.608921480608
POS-01648,2023-05-22,Butwal-Chowk,Traffic Chowk E,4K-TV,8,1070.9204259223875
POS-01649,2023-07-01,Kathmandu-DurbarMarg,King's Way 101,Gaming-Console,9,1533.9599689898755
POS-01650,2023-07-06,Kathmandu-DurbarMarg,King's Way 101,Gaming-Console,9,4522.25066607793
POS-01651,2023-04-22,Kathmandu-DurbarMarg,King's Way 101,Smart-Hub,1,1405.3870174325195
POS-01652,2023-01-23,Kathmandu-DurbarMarg,King's Way 101,VR-Headset,7,2212.053190495927
POS-01653,2023-12-26,Kathmandu-DurbarMarg,King's Way 101,4K-TV,2,4171.5254679286345
POS-01654,2023-07-11,Kathmandu-DurbarMarg,King's Way 101,VR-Headset,5,2637.069519116953
POS-01655,2023-09-25,Kathmandu-DurbarMarg,King's Way 101,Solar-Battery,3,2105.4855595249082
POS-01656,2023-06-19,Lalitpur-Patan,Pulchowk Rd,Smart-Hub,8,1474.504894826606
POS-01657,2023-03-08,Kathmandu-DurbarMarg,King's Way 101,Gaming-Console,9,3219.4651276071854
POS-01658,2023-12-03,Biratnagar-Main,Hospital Rd,4K-TV,9,4297.01749290664
POS-01659,2023-03-26,Kathmandu-DurbarMarg,King's Way 101,Smart-Hub,2,2336.10400433166
POS-01660,2023-04-10,Pokhara-Lakeside,Baidam Street 6,Drone-HD,5,259.03367154536267
POS-01661,2023-02-26,Kathmandu-DurbarMarg,King's Way 101,4K-TV,2,1246.1120972950473
POS-01662,2023-10-08,Kathmandu-DurbarMarg,King's Way 101,Drone-HD,6,785.9042057230025
POS-01663,2023-08-08,Lalitpur-Patan,Pulchowk Rd,Solar-Battery,2,2107.396184796191
POS-01664,2023-02-01,Pokhara-Lakeside,Baidam Street 6,Gaming-Console,3,1812.2305237294095
POS-01665,2023-02-18,Kathmandu-DurbarMarg,King's Way 101,Drone-HD,2,446.46336307139654
POS-01666,2023-10-09,Butwal-Chowk,Traffic Chowk E,Smart-Hub,6,2945.9490351834484
POS-01667,2023-11-04,Biratnagar-Main,Hospital Rd,Smart-Hub,9,3733.426157165782
POS-01668,2023-12-01,Kathmandu-DurbarMarg,King's Way 101,Smart-Hub,1,4049.8336985122314
POS-01669,2023-09-23,Kathmandu-DurbarMarg,King's Way 101,Smart-Hub,2,2050.7902073403725
POS-01670,2023-09-21,Biratnagar-Main,Hospital Rd,Solar-Battery,2,3666.7714507008586
POS-01671,2023-10-22,Lalitpur-Patan,Pulchowk Rd,Drone-HD,6,3846.2140751235966
POS-01672,2023-05-05,Pokhara-Lakeside,Baidam Street 6,Solar-Battery,7,3931.2738517135126
POS-01673,2023-08-05,Lalitpur-Patan,Pulchowk Rd,Solar-Battery,6,957.0314816922848
POS-01674,2023-07-25,Lalitpur-Patan,Pulchowk Rd,4K-TV,4,214.33545861044172
POS-01675,2023-11-21,Butwal-Chowk,Traffic Chowk E,VR-Headset,5,3560.5644722969464
POS-01676,2023-02-04,Pokhara-Lakeside,Baidam Street 6,VR-Headset,5,235.4651691004101
POS-01677,2023-05-06,Lalitpur-Patan,Pulchowk Rd,Solar-Battery,1,1593.7417752759186
POS-01678,2023-05-24,Pokhara-Lakeside,Baidam Street 6,Drone-HD,9,4060.2748001714126
POS-01679,2023-07-31,Lalitpur-Patan,Pulchowk Rd,Gaming-Console,5,211.26603262821538
POS-01680,2023-02-22,Butwal-Chowk,Traffic Chowk E,4K-TV,1,2165.3558107774143
POS-01681,2023-07-12,Biratnagar-Main,Hospital Rd,Solar-Battery,2,265.8908417301695
POS-01682,2023-01-26,Butwal-Chowk,Traffic Chowk E,Smart-Hub,6,1488.9251180893345
POS-01683,2023-08-28,Kathmandu-DurbarMarg,King's Way 101,Drone-HD,6,1263.754116329059
POS-01684,2023-02-19,Pokhara-Lakeside,Baidam Street 6,Solar-Battery,6,4725.360696674799
POS-01685,2023-12-02,Lalitpur-Patan,Pulchowk Rd,Gaming-Console,4,4683.523607458584
POS-01686,2023-03-04,Biratnagar-Main,Hospital Rd,4K-TV,6,1701.338137475361
POS-01687,2023-09-12,Biratnagar-Main,Hospital Rd,Solar-Battery,9,4251.60269518219
POS-01688,2023-01-07,Butwal-Chowk,Traffic Chowk E,4K-TV,5,669.1734535276025
POS-01689,2023-02-28,Kathmandu-DurbarMarg,King's Way 101,Gaming-Console,6,3213.926832720199
POS-01690,2023-01-18,Lalitpur-Patan,Pulchowk Rd,Smart-Hub,6,1869.574100454491
POS-01691,2023-06-25,Butwal-Chowk,Traffic Chowk E,Smart-Hub,5,3673.8964607877783
POS-01692,2023-09-09,Kathmandu-DurbarMarg,King's Way 101,Solar-Battery,7,4987.143498467499
POS-01693,2023-12-26,Butwal-Chowk,Traffic Chowk E,Drone-HD,4,2312.9646230301632
POS-01694,2023-01-23,Biratnagar-Main,Hospital Rd,Smart-Hub,6,143.80558511056756
POS-01695,2023-06-19,Kathmandu-DurbarMarg,King's Way 101,Gaming-Console,3,267.04912278391714
POS-01696,2023-09-02,Biratnagar-Main,Hospital Rd,Gaming-Console,2,444.42743790775467
POS-01697,2023-02-01,Pokhara-Lakeside,Baidam Street 6,VR-Headset,1,2271.380006938267
POS-01698,2023-04-13,Butwal-Chowk,Traffic Chowk E,Gaming-Console,8,3009.504407647741
POS-01699,2023-03-25,Lalitpur-Patan,Pulchowk Rd,Gaming-Console,6,4340.467084612333
POS-01700,2023-02-08,Biratnagar-Main,Hospital Rd,VR-Headset,4,382.5349432312706
POS-01701,2023-02-16,Lalitpur-Patan,Pulchowk Rd,Solar-Battery,4,1071.3387037494822
POS-01702,2023-03-14,Kathmandu-DurbarMarg,King's Way 101,Smart-Hub,3,4260.394906973048
POS-01703,2023-12-20,Butwal-Chowk,Traffic Chowk E,Gaming-Console,8,3475.893722385152
POS-01704,2023-07-16,Kathmandu-DurbarMarg,King's Way 101,Smart-Hub,7,3567.907471860211
POS-01705,2023-10-24,Lalitpur-Patan,Pulchowk Rd,Gaming-Console,1,1763.8906442088228
POS-01706,2023-01-27,Biratnagar-Main,Hospital Rd,Drone-HD,4,586.276206876374
POS-01707,2023-10-21,Kathmandu-DurbarMarg,King's Way 101,Gaming-Console,4,2885.6420087071747
POS-01708,2023-07-27,Biratnagar-Main,Hospital Rd,4K-TV,9,4337.172483580003
POS-01709,2023-05-18,Biratnagar-Main,Hospital Rd,Drone-HD,3,1738.3024277635964
POS-01710,2023-06-13,Lalitpur-Patan,Pulchowk Rd,VR-Headset,9,867.8801802831592
POS-01711,2023-07-30,Lalitpur-Patan,Pulchowk Rd,VR-Headset,1,3560.56457313629
POS-01712,2023-07-02,Pokhara-Lakeside,Baidam Street 6,Smart-Hub,6,2065.3974954450214
POS-01713,2023-02-10,Biratnagar-Main,Hospital Rd,Solar-Battery,8,1316.5516545171488
POS-01714,2023-05-08,Lalitpur-Patan,Pulchowk Rd,Gaming-Console,6,3206.3500493256265
POS-01715,2023-05-29,Pokhara-Lakeside,Baidam Street 6,Smart-Hub,6,1429.3627748609658
POS-01716,2023-09-22,Lalitpur-Patan,Pulchowk Rd,Solar-Battery,6,1322.2378844508464
POS-01717,2023-09-03,Lalitpur-Patan,Pulchowk Rd,4K-TV,8,2983.878992748875
POS-01718,2023-03-01,Biratnagar-Main,Hospital Rd,Smart-Hub,9,1712.6199584356998
POS-01719,2023-09-14,Butwal-Chowk,Traffic Chowk E,Solar-Battery,9,1582.4419231697243
POS-01720,2023-01-17,Butwal-Chowk,Traffic Chowk E,Gaming-Console,1,2701.088100487265
POS-01721,2023-07-12,Pokhara-Lakeside,Baidam Street 6,Solar-Battery,9,56.80569147921554
POS-01722,2023-08-30,Biratnagar-Main,Hospital Rd,VR-Headset,7,3059.7533832554773
POS-01723,2023-09-20,Kathmandu-DurbarMarg,King's Way 101,Drone-HD,4,318.19554564690105
POS-01724,2023-03-20,Butwal-Chowk,Traffic Chowk E,VR-Headset,7,3319.7489804558218
POS-01725,2023-04-28,Kathmandu-DurbarMarg,King's Way 101,Solar-Battery,8,-67.8938184739238
POS-01726,2023-05-24,Biratnagar-Main,Hospital Rd,Gaming-Console,9,1995.2614701045786
POS-01727,2023-02-11,Kathmandu-DurbarMarg,King's Way 101,VR-Headset,2,2869.2413846116388
POS-01728,2023-07-26,Kathmandu-DurbarMarg,King's Way 101,4K-TV,4,3212.1027607309557
POS-01729,2023-05-25,Lalitpur-Patan,Pulchowk Rd,VR-Headset,9,2185.4104052777852
POS-01730,2023-12-12,Kathmandu-DurbarMarg,King's Way 101,Drone-HD,7,774.742017019494
POS-01731,2023-05-28,Biratnagar-Main,Hospital Rd,4K-TV,6,2172.0477267097162
POS-01732,2023-01-15,Pokhara-Lakeside,Baidam Street 6,Smart-Hub,8,4650.945256105125
POS-01733,2023-02-18,Kathmandu-DurbarMarg,King's Way 101,Gaming-Console,1,343.5426418408311
POS-01734,2023-03-18,Kathmandu-DurbarMarg,King's Way 101,4K-TV,3,3852.6296942622544
POS-01735,2023-01-08,Butwal-Chowk,Traffic Chowk E,Smart-Hub,9,3698.183968464489
POS-01736,2023-02-01,Lalitpur-Patan,Pulchowk Rd,Gaming-Console,9,954.0509083481963
POS-01737,2023-04-06,Butwal-Chowk,Traffic Chowk E,Gaming-Console,6,1068.3118602077059
POS-01738,2023-08-31,Biratnagar-Main,Hospital Rd,Smart-Hub,6,3659.722294366742
POS-01739,2023-02-25,Pokhara-Lakeside,Baidam Street 6,Gaming-Console,6,129.1753144550372
POS-01740,2023-04-18,Butwal-Chowk,Traffic Chowk E,4K-TV,6,4115.560824190199
POS-01741,2023-05-24,Butwal-Chowk,Traffic Chowk E,4K-TV,8,1446.5582455614363
POS-01742,2023-08-08,Kathmandu-DurbarMarg,King's Way 101,Drone-HD,9,1562.3255212481213
POS-01743,2023-10-18,Pokhara-Lakeside,Baidam Street 6,Smart-Hub,5,959.4956547976742
POS-01744,2023-07-09,Lalitpur-Patan,Pulchowk Rd,Solar-Battery,9,3480.194880989334
POS-01745,2023-08-04,Butwal-Chowk,Traffic Chowk E,Drone-HD,4,806.1632962209303
POS-01746,2023-05-24,Kathmandu-DurbarMarg,King's Way 101,Solar-Battery,6,3810.2875530621227
POS-01747,2023-06-28,Butwal-Chowk,Traffic Chowk E,VR-Headset,4,2525.3382353987517
POS-01748,2023-12-15,Butwal-Chowk,Traffic Chowk E,Drone-HD,2,3078.8113464286967
POS-01749,2023-09-08,Biratnagar-Main,Hospital Rd,Smart-Hub,6,4474.568835720355
POS-01750,2023-06-26,Biratnagar-Main,Hospital Rd,Gaming-Console,5,3016.8005571918056
POS-01751,2023-09-15,Lalitpur-Patan,Pulchowk Rd,VR-Headset,8,1351.2630575837245
POS-01752,2023-09-20,Butwal-Chowk,Traffic Chowk E,4K-TV,6,2818.6840026623445
POS-01753,2023-09-28,Pokhara-Lakeside,Baidam Street 6,VR-Headset,8,4053.8407354970577
POS-01754,2023-04-24,Biratnagar-Main,Hospital Rd,4K-TV,8,2540.336109828495
POS-01755,2023-10-02,Pokhara-Lakeside,Baidam Street 6,Smart-Hub,3,2852.8393858223913
POS-01756,2023-06-02,Kathmandu-DurbarMarg,King's Way 101,Smart-Hub,7,1864.868398057653
POS-01757,2023-11-17,Kathmandu-DurbarMarg,King's Way 101,4K-TV,8,1987.7749894196781
POS-01758,2023-02-07,Lalitpur-Patan,Pulchowk Rd,Solar-Battery,8,4079.415488330711
POS-01759,2023-11-27,Lalitpur-Patan,Pulchowk Rd,Drone-HD,7,1625.0866299438173
POS-01760,2023-01-17,Kathmandu-DurbarMarg,King's Way 101,Smart-Hub,8,1231.1315220969984
POS-01761,2023-08-11,Biratnagar-Main,Hospital Rd,Smart-Hub,7,151.1743561929706
POS-01762,2023-06-06,Kathmandu-DurbarMarg,King's Way 101,Smart-Hub,9,130.87611105965664
POS-01763,2023-09-23,Biratnagar-Main,Hospital Rd,Drone-HD,9,2264.274408531512
POS-01764,2023-11-23,Lalitpur-Patan,Pulchowk Rd,Gaming-Console,4,3928.4907460392096
POS-01765,2023-11-03,Pokhara-Lakeside,Baidam Street 6,Drone-HD,3,4590.7714042499
POS-01766,2023-10-08,Biratnagar-Main,Hospital Rd,Gaming-Console,1,2289.402472319799
POS-01767,2023-07-20,Pokhara-Lakeside,Baidam Street 6,Gaming-Console,3,4522.832450262561
POS-01768,2023-10-05,Pokhara-Lakeside,Baidam Street 6,Gaming-Console,1,2360.299167586117
POS-01769,2023-06-25,Butwal-Chowk,Traffic Chowk E,Drone-HD,8,3282.9590967325676
POS-01770,2023-02-10,Lalitpur-Patan,Pulchowk Rd,VR-Headset,9,4414.117771543858
POS-01771,2023-10-12,Butwal-Chowk,Traffic Chowk E,Gaming-Console,8,657.1473825735785
POS-01772,2023-07-23,Biratnagar-Main,Hospital Rd,Smart-Hub,1,1437.551943439748
POS-01773,2023-05-21,Biratnagar-Main,Hospital Rd,VR-Headset,1,2058.399946012531
POS-01774,2023-07-22,Lalitpur-Patan,Pulchowk Rd,Smart-Hub,7,116.11565214919932
POS-01775,2023-07-16,Pokhara-Lakeside,Baidam Street 6,4K-TV,9,3888.6729385823755
POS-01776,2023-04-29,Butwal-Chowk,Traffic Chowk E,Drone-HD,2,4941.402751519855
POS-01777,2023-07-25,Pokhara-Lakeside,Baidam Street 6,Gaming-Console,1,1864.4552855998636
POS-01778,2023-07-27,Biratnagar-Main,Hospital Rd,VR-Headset,5,226.65486961545173
POS-01779,2023-01-17,Biratnagar-Main,Hospital Rd,Smart-Hub,7,3104.9006907844264
POS-01780,2023-11-02,Butwal-Chowk,Traffic Chowk E,Smart-Hub,4,4204.035519684464
POS-01781,2023-01-21,Lalitpur-Patan,Pulchowk Rd,Smart-Hub,7,3648.029155409032
POS-01782,2023-10-31,Butwal-Chowk,Traffic Chowk E,4K-TV,9,2108.421287436753
POS-01783,2023-08-31,Butwal-Chowk,Traffic Chowk E,Smart-Hub,9,2644.969564212849
POS-01784,2023-08-23,Biratnagar-Main,Hospital Rd,VR-Headset,9,2286.51428212013
POS-01785,2023-02-18,Pokhara-Lakeside,Baidam Street 6,VR-Headset,5,3281.617132127552
POS-01786,2023-02-23,Pokhara-Lakeside,Baidam Street 6,Gaming-Console,9,3216.161936571452
POS-01787,2023-01-14,Kathmandu-DurbarMarg,King's Way 101,4K-TV,9,20.70676249557758
POS-01788,2023-06-30,Pokhara-Lakeside,Baidam Street 6,4K-TV,3,4204.4017909634185
POS-01789,2023-12-11,Lalitpur-Patan,Pulchowk Rd,Gaming-Console,4,2975.1107031174843
POS-01790,2023-03-09,Lalitpur-Patan,Pulchowk Rd,Solar-Battery,2,846.7129302155149
POS-01791,2023-08-23,Kathmandu-DurbarMarg,King's Way 101,Gaming-Console,6,-77.4300071406694
POS-01792,2023-06-19,Lalitpur-Patan,Pulchowk Rd,4K-TV,1,1155.9274575438762
POS-01793,2023-08-19,Butwal-Chowk,Traffic Chowk E,Drone-HD,1,2774.266555385858
POS-01794,2023-12-22,Lalitpur-Patan,Pulchowk Rd,Drone-HD,2,456.9432273781773
POS-01795,2023-08-25,Pokhara-Lakeside,Baidam Street 6,Drone-HD,1,3541.654950441259
POS-01796,2023-11-05,Kathmandu-DurbarMarg,King's Way 101,Gaming-Console,6,3258.4229486015124
POS-01797,2023-12-22,Pokhara-Lakeside,Baidam Street 6,Gaming-Console,4,3877.9810037911984
POS-01798,2023-05-17,Kathmandu-DurbarMarg,King's Way 101,Solar-Battery,5,2963.2678775934783
POS-01799,2023-08-20,Pokhara-Lakeside,Baidam Street 6,Gaming-Console,8,4088.0422416315923
POS-01800,2023-06-27,Butwal-Chowk,Traffic Chowk E,Drone-HD,5,1665.5869963682055
POS-01801,2023-08-18,Kathmandu-DurbarMarg,King's Way 101,Smart-Hub,3,3639.017810578415
POS-01802,2023-01-17,Biratnagar-Main,Hospital Rd,Smart-Hub,2,1734.0265241012505
POS-01803,2023-03-09,Biratnagar-Main,Hospital Rd,VR-Headset,6,4047.4023376600426
POS-01804,2023-06-21,Pokhara-Lakeside,Baidam Street 6,Solar-Battery,4,1339.5595835654465
POS-01805,2023-03-17,Kathmandu-DurbarMarg,King's Way 101,Drone-HD,4,3781.2303463689796
POS-01806,2023-03-21,Biratnagar-Main,Hospital Rd,Smart-Hub,2,3266.846079932383
POS-01807,2023-03-20,Lalitpur-Patan,Pulchowk Rd,Drone-HD,4,4000.050186505983
POS-01808,2023-04-04,Pokhara-Lakeside,Baidam Street 6,VR-Headset,9,4948.67091766338
POS-01809,2023-04-27,Biratnagar-Main,Hospital Rd,Drone-HD,9,1044.9327484305486
POS-01810,2023-08-05,Pokhara-Lakeside,Baidam Street 6,4K-TV,7,4082.8401278392967
POS-01811,2023-05-03,Lalitpur-Patan,Pulchowk Rd,Smart-Hub,4,2639.3473148848348
POS-01812,2023-05-14,Pokhara-Lakeside,Baidam Street 6,Smart-Hub,2,4368.174132851293
POS-01813,2023-08-23,Butwal-Chowk,Traffic Chowk E,Solar-Battery,4,3969.8691640209963
POS-01814,2023-12-09,Pokhara-Lakeside,Baidam Street 6,Drone-HD,9,337.1458860736482
POS-01815,2023-07-30,Kathmandu-DurbarMarg,King's Way 101,Gaming-Console,2,1183.5452664076186
POS-01816,2023-05-10,Pokhara-Lakeside,Baidam Street 6,Solar-Battery,5,2505.0769094220386
POS-01817,2023-01-10,Biratnagar-Main,Hospital Rd,Solar-Battery,9,95.14600939310836
POS-01818,2023-06-11,Kathmandu-DurbarMarg,King's Way 101,4K-TV,4,576.9738002317359
POS-01819,2023-11-21,Pokhara-Lakeside,Baidam Street 6,VR-Headset,2,2496.625789114929
POS-01820,2023-08-16,Lalitpur-Patan,Pulchowk Rd,Drone-HD,9,2729.117473732781
POS-01821,2023-01-11,Kathmandu-DurbarMarg,King's Way 101,Drone-HD,3,3001.677980668098
POS-01822,2023-09-19,Butwal-Chowk,Traffic Chowk E,Drone-HD,1,2670.5148223383253
POS-01823,2023-09-28,Lalitpur-Patan,Pulchowk Rd,VR-Headset,5,1823.375783962705
POS-01824,2023-06-11,Pokhara-Lakeside,Baidam Street 6,VR-Headset,4,1052.9649800142463
POS-01825,2023-05-24,Pokhara-Lakeside,Baidam Street 6,Solar-Battery,6,2539.556307945163
POS-01826,2023-09-14,Pokhara-Lakeside,Baidam Street 6,Solar-Battery,1,4865.539387641996
POS-01827,2023-05-02,Pokhara-Lakeside,Baidam Street 6,Solar-Battery,5,1179.1779971654191
POS-01828,2023-11-28,Kathmandu-DurbarMarg,King's Way 101,Drone-HD,4,391.2486967622008
POS-01829,2023-02-23,Lalitpur-Patan,Pulchowk Rd,Smart-Hub,8,3498.0732832372632
POS-01830,2023-08-19,Pokhara-Lakeside,Baidam Street 6,Smart-Hub,7,1464.8889271299074
POS-01831,2023-01-11,Lalitpur-Patan,Pulchowk Rd,4K-TV,9,1714.270975437563
POS-01832,2023-07-31,Biratnagar-Main,Hospital Rd,Smart-Hub,6,879.3813859881038
POS-01833,2023-10-03,Pokhara-Lakeside,Baidam Street 6,Solar-Battery,3,2806.20511612492
POS-01834,2023-08-19,Butwal-Chowk,Traffic Chowk E,Solar-Battery,1,3830.259995698817
POS-01835,2023-03-12,Kathmandu-DurbarMarg,King's Way 101,Smart-Hub,2,1146.1775374380338
POS-01836,2023-04-08,Kathmandu-DurbarMarg,King's Way 101,4K-TV,1,4449.396959622184
POS-01837,2023-03-01,Kathmandu-DurbarMarg,King's Way 101,VR-Headset,8,3656.9810418224374
POS-01838,2023-02-06,Kathmandu-DurbarMarg,King's Way 101,4K-TV,4,1863.9876897440338
POS-01839,2023-01-14,Pokhara-Lakeside,Baidam Street 6,VR-Headset,3,3997.2132336887353
POS-01840,2023-03-09,Lalitpur-Patan,Pulchowk Rd,Smart-Hub,4,1188.1929286277282
POS-01841,2023-04-12,Pokhara-Lakeside,Baidam Street 6,Drone-HD,8,4015.773638627722
POS-01842,2023-05-02,Butwal-Chowk,Traffic Chowk E,4K-TV,5,2790.9699364259577
POS-01843,2023-03-04,Pokhara-Lakeside,Baidam Street 6,Solar-Battery,8,568.9680070173696
POS-01844,2023-04-25,Butwal-Chowk,Traffic Chowk E,Drone-HD,8,1072.8494424052867
POS-01845,2023-01-19,Biratnagar-Main,Hospital Rd,4K-TV,1,2387.8115006555304
POS-01846,2023-05-28,Butwal-Chowk,Traffic Chowk E,4K-TV,1,3278.1354693149215
POS-01847,2023-05-16,Lalitpur-Patan,Pulchowk Rd,Drone-HD,3,3224.0974527922294
POS-01848,2023-06-17,Kathmandu-DurbarMarg,King's Way 101,4K-TV,5,4203.740851845368
POS-01849,2023-11-25,Butwal-Chowk,Traffic Chowk E,Solar-Battery,7,441.8185882141353
POS-01850,2023-02-17,Butwal-Chowk,Traffic Chowk E,Drone-HD,9,4191.950393309714
POS-01851,2023-04-06,Lalitpur-Patan,Pulchowk Rd,4K-TV,2,779.8995172071636
POS-01852,2023-06-08,Butwal-Chowk,Traffic Chowk E,Drone-HD,6,584.4235740926578
POS-01853,2023-11-01,Butwal-Chowk,Traffic Chowk E,Drone-HD,5,2723.676391316263
POS-01854,2023-10-20,Lalitpur-Patan,Pulchowk Rd,Drone-HD,7,2626.767995326755
POS-01855,2023-07-08,Pokhara-Lakeside,Baidam Street 6,VR-Headset,4,502.78434780949624
POS-01856,2023-08-03,Kathmandu-DurbarMarg,King's Way 101,VR-Headset,4,1144.6808149670505
POS-01857,2023-06-02,Biratnagar-Main,Hospital Rd,Drone-HD,2,128.3018268214109
POS-01858,2023-11-29,Butwal-Chowk,Traffic Chowk E,Smart-Hub,4,3452.6487437538703
POS-01859,2023-03-21,Pokhara-Lakeside,Baidam Street 6,Solar-Battery,1,1753.3544853646092
POS-01860,2023-03-02,Biratnagar-Main,Hospital Rd,VR-Headset,9,4597.31039566233
POS-01861,2023-04-26,Lalitpur-Patan,Pulchowk Rd,Gaming-Console,4,3962.421566951224
POS-01862,2023-12-16,Pokhara-Lakeside,Baidam Street 6,4K-TV,2,2166.119032575221
POS-01863,2023-06-18,Lalitpur-Patan,Pulchowk Rd,VR-Headset,4,1571.2346941324345
POS-01864,2023-09-02,Pokhara-Lakeside,Baidam Street 6,Gaming-Console,5,4073.8498367169786
POS-01865,2023-11-14,Pokhara-Lakeside,Baidam Street 6,4K-TV,3,2806.56460393974
POS-01866,2023-12-24,Biratnagar-Main,Hospital Rd,4K-TV,4,-0.400169906721743
POS-01867,2023-07-29,Lalitpur-Patan,Pulchowk Rd,Solar-Battery,6,4761.879428428436
POS-01868,2023-02-13,Butwal-Chowk,Traffic Chowk E,Smart-Hub,7,405.56683310353014
POS-01869,2023-10-21,Lalitpur-Patan,Pulchowk Rd,Solar-Battery,4,4073.515076899929
POS-01870,2023-09-21,Biratnagar-Main,Hospital Rd,VR-Headset,6,3526.420199701347
POS-01871,2023-05-12,Biratnagar-Main,Hospital Rd,4K-TV,4,3279.497193734027
POS-01872,2023-12-07,Pokhara-Lakeside,Baidam Street 6,Drone-HD,6,2717.8487504890636
POS-01873,2023-06-23,Lalitpur-Patan,Pulchowk Rd,Gaming-Console,3,3581.7039461302434
POS-01874,2023-09-27,Lalitpur-Patan,Pulchowk Rd,Gaming-Console,9,4175.792160565346
POS-01875,2023-09-18,Lalitpur-Patan,Pulchowk Rd,4K-TV,6,3861.4769310125153
POS-01876,2023-06-03,Butwal-Chowk,Traffic Chowk E,Gaming-Console,3,517.6022817763162
POS-01877,2023-12-18,Kathmandu-DurbarMarg,King's Way 101,Drone-HD,1,1878.0992997570747
POS-01878,2023-06-16,Lalitpur-Patan,Pulchowk Rd,Gaming-Console,4,2590.067046545473
POS-01879,2023-08-20,Pokhara-Lakeside,Baidam Street 6,4K-TV,3,3716.9690941781478
POS-01880,2023-03-05,Lalitpur-Patan,Pulchowk Rd,4K-TV,5,3831.560054484919
POS-01881,2023-05-21,Butwal-Chowk,Traffic Chowk E,Gaming-Console,7,739.3268124316477
POS-01882,2023-05-14,Butwal-Chowk,Traffic Chowk E,4K-TV,5,4650.535045577369
POS-01883,2023-11-03,Pokhara-Lakeside,Baidam Street 6,4K-TV,4,919.8848632017216
POS-01884,2023-03-19,Lalitpur-Patan,Pulchowk Rd,4K-TV,9,1149.3145125264023
POS-01885,2023-04-14,Biratnagar-Main,Hospital Rd,Solar-Battery,8,3972.5820848968174
POS-01886,2023-03-14,Pokhara-Lakeside,Baidam Street 6,Smart-Hub,4,3198.0166937387644
POS-01887,2023-05-23,Butwal-Chowk,Traffic Chowk E,4K-TV,8,-19.521254124231007
POS-01888,2023-12-26,Kathmandu-DurbarMarg,King's Way 101,Drone-HD,7,692.5397403635047
POS-01889,2023-01-30,Butwal-Chowk,Traffic Chowk E,Gaming-Console,5,1617.2148471766168
POS-01890,2023-05-20,Butwal-Chowk,Traffic Chowk E,Gaming-Console,3,1996.6234934800264
POS-01891,2023-08-31,Lalitpur-Patan,Pulchowk Rd,4K-TV,9,3309.839858611348
POS-01892,2023-06-15,Kathmandu-DurbarMarg,King's Way 101,Solar-Battery,5,1220.175338878921
POS-01893,2023-01-25,Pokhara-Lakeside,Baidam Street 6,Smart-Hub,4,4318.154939163943
POS-01894,2023-05-05,Butwal-Chowk,Traffic Chowk E,Smart-Hub,7,1457.8400867527937
POS-01895,2023-08-01,Pokhara-Lakeside,Baidam Street 6,Drone-HD,9,165.6304403814991
POS-01896,2023-10-01,Biratnagar-Main,Hospital Rd,Smart-Hub,2,2879.094418842206
POS-01897,2023-03-31,Pokhara-Lakeside,Baidam Street 6,VR-Headset,7,2276.749726457073
POS-01898,2023-07-12,Butwal-Chowk,Traffic Chowk E,4K-TV,4,2390.891198812502
POS-01899,2023-10-07,Lalitpur-Patan,Pulchowk Rd,Drone-HD,8,93.594838344626
POS-01900,2023-01-20,Biratnagar-Main,Hospital Rd,Smart-Hub,7,872.9692008097982
POS-01901,2023-11-27,Lalitpur-Patan,Pulchowk Rd,Drone-HD,5,1952.2018066755259
POS-01902,2023-06-04,Butwal-Chowk,Traffic Chowk E,Solar-Battery,3,4338.628786024215
POS-01903,2023-02-07,Lalitpur-Patan,Pulchowk Rd,Smart-Hub,6,2053.4928109734306
POS-01904,2023-12-10,Biratnagar-Main,Hospital Rd,4K-TV,3,1646.653943803413
POS-01905,2023-10-03,Biratnagar-Main,Hospital Rd,Solar-Battery,3,3863.1522305446015
POS-01906,2023-05-16,Kathmandu-DurbarMarg,King's Way 101,Drone-HD,8,2471.6294455740135
POS-01907,2023-04-24,Lalitpur-Patan,Pulchowk Rd,Gaming-Console,3,2439.4028263079713
POS-01908,2023-10-19,Lalitpur-Patan,Pulchowk Rd,Gaming-Console,6,4932.837936238723
POS-01909,2023-04-18,Lalitpur-Patan,Pulchowk Rd,Smart-Hub,9,4887.406408393229
POS-01910,2023-07-16,Biratnagar-Main,Hospital Rd,VR-Headset,2,1395.6178342908784
POS-01911,2023-03-29,Butwal-Chowk,Traffic Chowk E,Gaming-Console,5,2896.4191783159913
POS-01912,2023-05-08,Lalitpur-Patan,Pulchowk Rd,4K-TV,9,4979.439908169636
POS-01913,2023-12-24,Pokhara-Lakeside,Baidam Street 6,Solar-Battery,6,270.57238033702095
POS-01914,2023-11-30,Kathmandu-DurbarMarg,King's Way 101,Smart-Hub,1,4016.407198592089
POS-01915,2023-05-13,Kathmandu-DurbarMarg,King's Way 101,Gaming-Console,1,4456.55542030702
POS-01916,2023-10-13,Kathmandu-DurbarMarg,King's Way 101,Smart-Hub,9,2607.6563925212254
POS-01917,2023-01-06,Biratnagar-Main,Hospital Rd,4K-TV,3,2586.2784039818434
POS-01918,2023-10-16,Biratnagar-Main,Hospital Rd,VR-Headset,5,28.305825435785607
POS-01919,2023-11-28,Butwal-Chowk,Traffic Chowk E,Solar-Battery,3,241.6651835418628
POS-01920,2023-10-09,Lalitpur-Patan,Pulchowk Rd,Smart-Hub,2,4810.581475330575
POS-01921,2023-06-19,Biratnagar-Main,Hospital Rd,Smart-Hub,1,4193.388031408518
POS-01922,2023-01-26,Biratnagar-Main,Hospital Rd,Smart-Hub,7,880.0032016430588
POS-01923,2023-05-11,Pokhara-Lakeside,Baidam Street 6,Solar-Battery,5,1928.6232876384822
POS-01924,2023-08-28,Kathmandu-DurbarMarg,King's Way 101,Gaming-Console,1,4498.236099199422
POS-01925,2023-03-28,Lalitpur-Patan,Pulchowk Rd,Smart-Hub,2,4038.899642970521
POS-01926,2023-06-03,Kathmandu-DurbarMarg,King's Way 101,Smart-Hub,6,1400.5330919294163
POS-01927,2023-06-15,Kathmandu-DurbarMarg,King's Way 101,Smart-Hub,3,414.2011315809783
POS-01928,2023-06-06,Butwal-Chowk,Traffic Chowk E,Drone-HD,2,1308.0011845162755
POS-01929,2023-10-12,Butwal-Chowk,Traffic Chowk E,4K-TV,8,2145.5179022070165
POS-01930,2023-01-13,Biratnagar-Main,Hospital Rd,4K-TV,4,2556.8434751558984
POS-01931,2023-12-16,Butwal-Chowk,Traffic Chowk E,Smart-Hub,7,3586.814475055369
POS-01932,2023-01-18,Biratnagar-Main,Hospital Rd,Drone-HD,7,1146.8135633981835
POS-01933,2023-11-14,Kathmandu-DurbarMarg,King's Way 101,Smart-Hub,2,416.8947296427539
POS-01934,2023-04-04,Pokhara-Lakeside,Baidam Street 6,4K-TV,8,1157.7255898932565
POS-01935,2023-06-12,Biratnagar-Main,Hospital Rd,4K-TV,1,2376.7444184130213
POS-01936,2023-08-12,Lalitpur-Patan,Pulchowk Rd,Solar-Battery,6,3696.0531630858927
POS-01937,2023-08-03,Lalitpur-Patan,Pulchowk Rd,VR-Headset,2,4545.079497993934
POS-01938,2023-12-06,Biratnagar-Main,Hospital Rd,Smart-Hub,5,909.6287662880197
POS-01939,2023-12-09,Lalitpur-Patan,Pulchowk Rd,VR-Headset,3,3631.0904178652368
POS-01940,2023-03-08,Butwal-Chowk,Traffic Chowk E,VR-Headset,6,1400.156079789083
POS-01941,2023-02-28,Pokhara-Lakeside,Baidam Street 6,Smart-Hub,9,816.5455230591581
POS-01942,2023-07-10,Lalitpur-Patan,Pulchowk Rd,Solar-Battery,9,1481.561639154372
POS-01943,2023-11-10,Biratnagar-Main,Hospital Rd,Solar-Battery,6,1899.4937985246768
POS-01944,2023-12-15,Lalitpur-Patan,Pulchowk Rd,Solar-Battery,2,3814.8565901144843
POS-01945,2023-11-05,Lalitpur-Patan,Pulchowk Rd,Drone-HD,4,3932.061688163825
POS-01946,2023-06-17,Kathmandu-DurbarMarg,King's Way 101,Smart-Hub,8,3514.717978746192
POS-01947,2023-12-10,Biratnagar-Main,Hospital Rd,Solar-Battery,4,487.27267669149626
POS-01948,2023-05-27,Kathmandu-DurbarMarg,King's Way 101,Gaming-Console,1,4974.397278339635
POS-01949,2023-04-20,Butwal-Chowk,Traffic Chowk E,4K-TV,1,3614.1812111244685
POS-01950,2023-10-23,Pokhara-Lakeside,Baidam Street 6,VR-Headset,7,2727.258434585289
POS-01951,2023-08-10,Pokhara-Lakeside,Baidam Street 6,Gaming-Console,6,3760.512657959265
POS-01952,2023-11-07,Biratnagar-Main,Hospital Rd,Solar-Battery,6,-88.62440059914917
POS-01953,2023-11-15,Butwal-Chowk,Traffic Chowk E,Smart-Hub,8,2431.9307933255104
POS-01954,2023-05-22,Biratnagar-Main,Hospital Rd,Gaming-Console,9,3019.2400002499094
POS-01955,2023-05-24,Lalitpur-Patan,Pulchowk Rd,Drone-HD,7,627.6251777013795
POS-01956,2023-10-22,Pokhara-Lakeside,Baidam Street 6,Gaming-Console,6,-42.78506646741928
POS-01957,2023-03-30,Lalitpur-Patan,Pulchowk Rd,Gaming-Console,5,1549.1372994804897
POS-01958,2023-01-04,Butwal-Chowk,Traffic Chowk E,VR-Headset,1,1637.301231197999
POS-01959,2023-09-16,Butwal-Chowk,Traffic Chowk E,4K-TV,3,3330.0300257424665
POS-01960,2023-04-24,Biratnagar-Main,Hospital Rd,VR-Headset,6,1377.5674173867956
POS-01961,2023-04-08,Butwal-Chowk,Traffic Chowk E,VR-Headset,2,15.023972673099607
POS-01962,2023-10-02,Butwal-Chowk,Traffic Chowk E,Drone-HD,5,1491.13054513955
POS-01963,2023-10-01,Kathmandu-DurbarMarg,King's Way 101,VR-Headset,1,2260.0652888647087
POS-01964,2023-01-22,Butwal-Chowk,Traffic Chowk E,Gaming-Console,3,4843.226347140458
POS-01965,2023-02-11,Kathmandu-DurbarMarg,King's Way 101,Drone-HD,6,3239.7677021905643
POS-01966,2023-03-03,Kathmandu-DurbarMarg,King's Way 101,Solar-Battery,5,4788.273234255491
POS-01967,2023-06-21,Kathmandu-DurbarMarg,King's Way 101,Gaming-Console,2,2216.0680194552265
POS-01968,2023-04-17,Kathmandu-DurbarMarg,King's Way 101,Gaming-Console,8,2207.726082983466
POS-01969,2023-05-23,Pokhara-Lakeside,Baidam Street 6,Solar-Battery,4,3990.9363643032125
POS-01970,2023-01-26,Pokhara-Lakeside,Baidam Street 6,4K-TV,6,3633.6801769373806
POS-01971,2023-02-27,Biratnagar-Main,Hospital Rd,Drone-HD,4,4522.809597639273
POS-01972,2023-10-23,Lalitpur-Patan,Pulchowk Rd,Solar-Battery,2,4711.81145914692
POS-01973,2023-06-27,Pokhara-Lakeside,Baidam Street 6,VR-Headset,4,4422.653217216866
POS-01974,2023-08-21,Kathmandu-DurbarMarg,King's Way 101,Drone-HD,4,2966.0547049472725
POS-01975,2023-03-19,Biratnagar-Main,Hospital Rd,4K-TV,2,1183.7600052018129
POS-01976,2023-08-13,Butwal-Chowk,Traffic Chowk E,Drone-HD,7,662.9678793326425
POS-01977,2023-07-16,Kathmandu-DurbarMarg,King's Way 101,Drone-HD,8,2719.3040268321615
POS-01978,2023-09-28,Kathmandu-DurbarMarg,King's Way 101,VR-Headset,4,4436.680740903443
POS-01979,2023-01-26,Kathmandu-DurbarMarg,King's Way 101,Solar-Battery,7,2322.376500393563
POS-01980,2023-03-26,Kathmandu-DurbarMarg,King's Way 101,Solar-Battery,1,4695.234030421812
POS-01981,2023-06-18,Kathmandu-DurbarMarg,King's Way 101,VR-Headset,4,3597.413278339937
POS-01982,2023-09-02,Kathmandu-DurbarMarg,King's Way 101,Solar-Battery,7,865.7174884207149
POS-01983,2023-06-24,Butwal-Chowk,Traffic Chowk E,Solar-Battery,9,3306.8598664042565
POS-01984,2023-02-19,Butwal-Chowk,Traffic Chowk E,Solar-Battery,6,4796.52668671783
POS-01985,2023-11-17,Biratnagar-Main,Hospital Rd,VR-Headset,6,397.68567024769715
POS-01986,2023-06-07,Butwal-Chowk,Traffic Chowk E,VR-Headset,9,227.1952327523187
POS-01987,2023-11-14,Lalitpur-Patan,Pulchowk Rd,VR-Headset,7,2862.116321827107
POS-01988,2023-05-13,Lalitpur-Patan,Pulchowk Rd,VR-Headset,7,2903.3872344229376
POS-01989,2023-09-23,Butwal-Chowk,Traffic Chowk E,Gaming-Console,6,4955.950400482164
POS-01990,2023-10-21,Butwal-Chowk,Traffic Chowk E,Drone-HD,5,3460.249920580174
POS-01991,2023-05-14,Pokhara-Lakeside,Baidam Street 6,Gaming-Console,8,1451.2861860730402
POS-01992,2023-06-04,Biratnagar-Main,Hospital Rd,Solar-Battery,2,4459.262686277938
POS-01993,2023-10-23,Butwal-Chowk,Traffic Chowk E,Smart-Hub,2,1563.9004746919215
POS-01994,2023-10-02,Butwal-Chowk,Traffic Chowk E,Solar-Battery,5,2253.3938106283645
POS-01995,2023-08-23,Lalitpur-Patan,Pulchowk Rd,Solar-Battery,7,2613.9861058477645
POS-01996,2023-04-12,Lalitpur-Patan,Pulchowk Rd,4K-TV,7,1179.857474552339
POS-01997,2023-01-02,Lalitpur-Patan,Pulchowk Rd,4K-TV,5,4368.934859978965
POS-01998,2023-12-08,Biratnagar-Main,Hospital Rd,Smart-Hub,5,3684.588076507972
POS-01999,2023-03-06,Lalitpur-Patan,Pulchowk Rd,VR-Headset,3,2447.633735498434
POS-02000,2023-05-27,Butwal-Chowk,Traffic Chowk E,VR-Headset,8,2923.784974454602
POS-02001,2023-10-22,Biratnagar-Main,Hospital Rd,VR-Headset,3,4810.365407584569
POS-02002,2023-04-15,Butwal-Chowk,Traffic Chowk E,Solar-Battery,3,198.78038227092753
POS-02003,2023-08-02,Biratnagar-Main,Hospital Rd,Solar-Battery,6,1542.1057321014282
POS-02004,2023-11-16,Kathmandu-DurbarMarg,King's Way 101,Gaming-Console,8,535.7095095311583
POS-02005,2023-10-19,Lalitpur-Patan,Pulchowk Rd,Smart-Hub,8,4222.260289751954
POS-02006,2023-02-01,Pokhara-Lakeside,Baidam Street 6,Drone-HD,7,2743.8138472759356
POS-02007,2023-02-24,Kathmandu-DurbarMarg,King's Way 101,Smart-Hub,4,4686.743091472876
POS-02008,2023-05-26,Kathmandu-DurbarMarg,King's Way 101,Smart-Hub,2,2298.693953622527
POS-02009,2023-05-01,Butwal-Chowk,Traffic Chowk E,Gaming-Console,5,-11.505711827635395
POS-02010,2023-08-10,Butwal-Chowk,Traffic Chowk E,4K-TV,1,24.39802391840057
POS-02011,2023-03-15,Biratnagar-Main,Hospital Rd,Gaming-Console,8,3114.412500490353
POS-02012,2023-05-09,Biratnagar-Main,Hospital Rd,Drone-HD,4,1638.4208855632369
POS-02013,2023-10-29,Kathmandu-DurbarMarg,King's Way 101,4K-TV,5,3437.4855464943857
POS-02014,2023-02-14,Kathmandu-DurbarMarg,King's Way 101,Smart-Hub,4,2443.714032425348
POS-02015,2023-04-30,Pokhara-Lakeside,Baidam Street 6,Gaming-Console,9,2657.772974001138
POS-02016,2023-03-19,Kathmandu-DurbarMarg,King's Way 101,Smart-Hub,1,2353.4577967958053
POS-02017,2023-04-17,Lalitpur-Patan,Pulchowk Rd,4K-TV,4,3748.9981856059226
POS-02018,2023-08-12,Kathmandu-DurbarMarg,King's Way 101,VR-Headset,3,2193.14766052476
POS-02019,2023-10-17,Lalitpur-Patan,Pulchowk Rd,4K-TV,7,3428.8921615126474
POS-02020,2023-11-30,Lalitpur-Patan,Pulchowk Rd,Solar-Battery,2,4312.124995705122
POS-02021,2023-01-25,Butwal-Chowk,Traffic Chowk E,Solar-Battery,9,2489.0977586206714
POS-02022,2023-09-04,Butwal-Chowk,Traffic Chowk E,VR-Headset,1,4972.563281124048
POS-02023,2023-04-27,Butwal-Chowk,Traffic Chowk E,4K-TV,9,4555.701517140248
POS-02024,2023-02-25,Butwal-Chowk,Traffic Chowk E,Solar-Battery,1,223.93989634806485
POS-02025,2023-01-15,Kathmandu-DurbarMarg,King's Way 101,VR-Headset,9,1187.030774234832
POS-02026,2023-06-23,Pokhara-Lakeside,Baidam Street 6,Smart-Hub,1,4571.025281649585
POS-02027,2023-07-03,Butwal-Chowk,Traffic Chowk E,VR-Headset,6,3879.988171811122
POS-02028,2023-09-11,Lalitpur-Patan,Pulchowk Rd,VR-Headset,8,1554.0912818648546
POS-02029,2023-12-24,Lalitpur-Patan,Pulchowk Rd,Gaming-Console,3,4071.1579728270744
POS-02030,2023-05-29,Butwal-Chowk,Traffic Chowk E,VR-Headset,1,2374.464143579668
POS-02031,2023-10-26,Butwal-Chowk,Traffic Chowk E,Drone-HD,4,123.80162915738484
POS-02032,2023-04-24,Lalitpur-Patan,Pulchowk Rd,Gaming-Console,2,2754.1956675837628
POS-02033,2023-03-21,Kathmandu-DurbarMarg,King's Way 101,Drone-HD,3,1838.2435667159612
POS-02034,2023-12-26,Kathmandu-DurbarMarg,King's Way 101,VR-Headset,4,2709.2997774983924
POS-02035,2023-06-21,Biratnagar-Main,Hospital Rd,Solar-Battery,9,2528.7317092868825
POS-02036,2023-05-01,Kathmandu-DurbarMarg,King's Way 101,Solar-Battery,6,789.471247837479
POS-02037,2023-04-10,Butwal-Chowk,Traffic Chowk E,Smart-Hub,7,3794.940408747045
POS-02038,2023-11-24,Biratnagar-Main,Hospital Rd,VR-Headset,1,1667.703604638463
POS-02039,2023-01-12,Kathmandu-DurbarMarg,King's Way 101,Drone-HD,7,1738.8589685353513
POS-02040,2023-12-11,Biratnagar-Main,Hospital Rd,4K-TV,9,761.3968032416694
POS-02041,2023-07-17,Lalitpur-Patan,Pulchowk Rd,VR-Headset,2,869.09850846387
POS-02042,2023-11-10,Kathmandu-DurbarMarg,King's Way 101,Solar-Battery,1,4818.552523089287
POS-02043,2023-11-11,Lalitpur-Patan,Pulchowk Rd,Drone-HD,1,1602.3691123036758
POS-02044,2023-10-01,Lalitpur-Patan,Pulchowk Rd,Drone-HD,6,109.72770832631849
POS-02045,2023-10-10,Butwal-Chowk,Traffic Chowk E,Drone-HD,4,28.4367301819768
POS-02046,2023-05-23,Lalitpur-Patan,Pulchowk Rd,4K-TV,7,3086.9571254870452
POS-02047,2023-10-29,Biratnagar-Main,Hospital Rd,VR-Headset,3,2153.3085720128774
POS-02048,2023-03-13,Lalitpur-Patan,Pulchowk Rd,Gaming-Console,2,1864.4759425696177
POS-02049,2023-04-29,Lalitpur-Patan,Pulchowk Rd,4K-TV,2,4818.119522439908
POS-02050,2023-02-14,Kathmandu-DurbarMarg,King's Way 101,Smart-Hub,6,710.0749950904791
POS-02051,2023-03-15,Lalitpur-Patan,Pulchowk Rd,4K-TV,3,35.36131174120027
POS-02052,2023-12-12,Butwal-Chowk,Traffic Chowk E,Gaming-Console,8,2390.326705367334
POS-02053,2023-10-23,Biratnagar-Main,Hospital Rd,Smart-Hub,4,3946.8385678177056
POS-02054,2023-12-18,Butwal-Chowk,Traffic Chowk E,VR-Headset,4,4221.731351086865
POS-02055,2023-10-06,Butwal-Chowk,Traffic Chowk E,Smart-Hub,5,1095.6912849458
POS-02056,2023-12-21,Kathmandu-DurbarMarg,King's Way 101,Drone-HD,2,3061.68371752457
POS-02057,2023-03-20,Pokhara-Lakeside,Baidam Street 6,Smart-Hub,1,1183.5130472110627
POS-02058,2023-04-12,Butwal-Chowk,Traffic Chowk E,VR-Headset,5,4530.812735094676
POS-02059,2023-01-23,Butwal-Chowk,Traffic Chowk E,Solar-Battery,4,4619.131128423024
POS-02060,2023-11-26,Kathmandu-DurbarMarg,King's Way 101,4K-TV,7,2694.3475456176348
POS-02061,2023-10-10,Butwal-Chowk,Traffic Chowk E,4K-TV,1,4481.202802259687
POS-02062,2023-05-21,Kathmandu-DurbarMarg,King's Way 101,VR-Headset,4,1100.6951730143596
POS-02063,2023-10-20,Lalitpur-Patan,Pulchowk Rd,VR-Headset,8,4860.3227916700425
POS-02064,2023-12-15,Pokhara-Lakeside,Baidam Street 6,Solar-Battery,2,4976.343247867944
POS-02065,2023-12-13,Kathmandu-DurbarMarg,King's Way 101,VR-Headset,6,2584.1418913244897
POS-02066,2023-05-17,Kathmandu-DurbarMarg,King's Way 101,4K-TV,6,4663.635745435771
POS-02067,2023-06-20,Butwal-Chowk,Traffic Chowk E,Solar-Battery,6,28.114137325824174
POS-02068,2023-06-03,Kathmandu-DurbarMarg,King's Way 101,VR-Headset,6,2973.9383302256647
POS-02069,2023-11-22,Lalitpur-Patan,Pulchowk Rd,VR-Headset,9,4792.951192824261
POS-02070,2023-05-30,Pokhara-Lakeside,Baidam Street 6,Gaming-Console,7,955.685006267392
POS-02071,2023-10-28,Kathmandu-DurbarMarg,King's Way 101,Gaming-Console,6,3422.6921579325863
POS-02072,2023-04-03,Biratnagar-Main,Hospital Rd,VR-Headset,2,4821.256153958433
POS-02073,2023-11-12,Biratnagar-Main,Hospital Rd,Solar-Battery,1,673.7191502294411
POS-02074,2023-01-29,Pokhara-Lakeside,Baidam Street 6,VR-Headset,4,1049.2303398078645
POS-02075,2023-03-27,Pokhara-Lakeside,Baidam Street 6,4K-TV,3,4472.386364400763
POS-02076,2023-12-14,Lalitpur-Patan,Pulchowk Rd,4K-TV,9,3744.8396318594228
POS-02077,2023-03-04,Pokhara-Lakeside,Baidam Street 6,Solar-Battery,5,961.8976335584514
POS-02078,2023-07-25,Pokhara-Lakeside,Baidam Street 6,Smart-Hub,5,545.1934015687757
POS-02079,2023-07-14,Kathmandu-DurbarMarg,King's Way 101,4K-TV,5,903.4054224777994
POS-02080,2023-01-27,Butwal-Chowk,Traffic Chowk E,Gaming-Console,3,2146.3600589476605
POS-02081,2023-01-26,Kathmandu-DurbarMarg,King's Way 101,VR-Headset,1,3790.5172887144195
POS-02082,2023-11-14,Lalitpur-Patan,Pulchowk Rd,Drone-HD,7,1772.028081829625
POS-02083,2023-05-05,Pokhara-Lakeside,Baidam Street 6,Gaming-Console,6,476.55722666282554
POS-02084,2023-10-17,Lalitpur-Patan,Pulchowk Rd,Smart-Hub,7,4389.781082116289
POS-02085,2023-09-07,Biratnagar-Main,Hospital Rd,VR-Headset,3,1190.7885323371897
POS-02086,2023-09-28,Lalitpur-Patan,Pulchowk Rd,Gaming-Console,2,1869.6500316020179
POS-02087,2023-06-07,Kathmandu-DurbarMarg,King's Way 101,VR-Headset,5,1152.3321435157322
POS-02088,2023-08-11,Biratnagar-Main,Hospital Rd,Drone-HD,8,945.2446039431918
POS-02089,2023-01-26,Biratnagar-Main,Hospital Rd,Gaming-Console,6,1905.3189363786628
POS-02090,2023-10-19,Biratnagar-Main,Hospital Rd,Gaming-Console,1,1429.5336849716375
POS-02091,2023-04-22,Biratnagar-Main,Hospital Rd,Smart-Hub,9,2010.8032922968796
POS-02092,2023-08-15,Butwal-Chowk,Traffic Chowk E,Smart-Hub,8,2583.278374208645
POS-02093,2023-08-19,Butwal-Chowk,Traffic Chowk E,Smart-Hub,6,3072.8683355793505
POS-02094,2023-07-13,Biratnagar-Main,Hospital Rd,Gaming-Console,1,2300.2757968789383
POS-02095,2023-01-29,Lalitpur-Patan,Pulchowk Rd,Gaming-Console,9,4810.039953633618
POS-02096,2023-12-15,Biratnagar-Main,Hospital Rd,Solar-Battery,7,1117.1466893515776
POS-02097,2023-04-28,Biratnagar-Main,Hospital Rd,Gaming-Console,6,1182.2111840138384
POS-02098,2023-02-13,Kathmandu-DurbarMarg,King's Way 101,4K-TV,5,4341.209285531187
POS-02099,2023-05-29,Lalitpur-Patan,Pulchowk Rd,Smart-Hub,8,1501.84483591942
POS-02100,2023-05-27,Kathmandu-DurbarMarg,King's Way 101,Smart-Hub,2,2260.532713563774
POS-02101,2023-02-17,Kathmandu-DurbarMarg,King's Way 101,Drone-HD,9,3077.7837659610746
POS-02102,2023-11-02,Butwal-Chowk,Traffic Chowk E,Solar-Battery,9,1581.4798208213874
POS-02103,2023-06-10,Butwal-Chowk,Traffic Chowk E,VR-Headset,4,3894.568231616322
POS-02104,2023-02-15,Lalitpur-Patan,Pulchowk Rd,Smart-Hub,4,1443.850916049673
POS-02105,2023-12-08,Pokhara-Lakeside,Baidam Street 6,Solar-Battery,5,2355.2034865872306
POS-02106,2023-09-21,Butwal-Chowk,Traffic Chowk E,Smart-Hub,8,2569.7621058442237
POS-02107,2023-02-08,Pokhara-Lakeside,Baidam Street 6,VR-Headset,9,4720.370420175001
POS-02108,2023-11-24,Lalitpur-Patan,Pulchowk Rd,Solar-Battery,2,95.56158003850749
POS-02109,2023-04-18,Lalitpur-Patan,Pulchowk Rd,4K-TV,3,4614.842933313958
POS-02110,2023-09-24,Pokhara-Lakeside,Baidam Street 6,Drone-HD,8,1727.062336586407
POS-02111,2023-06-22,Pokhara-Lakeside,Baidam Street 6,Smart-Hub,2,689.0993282278326
POS-02112,2023-09-23,Lalitpur-Patan,Pulchowk Rd,Drone-HD,5,2184.7431941004074
POS-02113,2023-03-20,Butwal-Chowk,Traffic Chowk E,4K-TV,5,1106.4907132073
POS-02114,2023-08-29,Pokhara-Lakeside,Baidam Street 6,4K-TV,2,3875.5928312466804
POS-02115,2023-11-03,Biratnagar-Main,Hospital Rd,Smart-Hub,1,1292.7436257464
POS-02116,2023-03-27,Butwal-Chowk,Traffic Chowk E,VR-Headset,4,3645.8763938275815
POS-02117,2023-08-21,Lalitpur-Patan,Pulchowk Rd,4K-TV,7,2264.1146286215385
POS-02118,2023-12-14,Lalitpur-Patan,Pulchowk Rd,Solar-Battery,8,742.6157313232615
POS-02119,2023-02-11,Butwal-Chowk,Traffic Chowk E,Gaming-Console,2,2907.8957714272774
POS-02120,2023-12-24,Pokhara-Lakeside,Baidam Street 6,VR-Headset,2,3470.669596706603
POS-02121,2023-02-09,Kathmandu-DurbarMarg,King's Way 101,Gaming-Console,3,561.9078391889647
POS-02122,2023-05-16,Biratnagar-Main,Hospital Rd,4K-TV,2,2573.015700221621
POS-02123,2023-01-07,Biratnagar-Main,Hospital Rd,Gaming-Console,3,-64.01367035330725
POS-02124,2023-05-07,Butwal-Chowk,Traffic Chowk E,Smart-Hub,8,3994.112832816572
POS-02125,2023-07-25,Lalitpur-Patan,Pulchowk Rd,Drone-HD,4,3412.8929175290114
POS-02126,2023-04-30,Butwal-Chowk,Traffic Chowk E,VR-Headset,2,3824.2183313299706
POS-02127,2023-12-22,Kathmandu-DurbarMarg,King's Way 101,4K-TV,7,3909.8550861466038
POS-02128,2023-05-26,Kathmandu-DurbarMarg,King's Way 101,Solar-Battery,8,1878.2399941647234
POS-02129,2023-04-12,Lalitpur-Patan,Pulchowk Rd,VR-Headset,2,4425.9991316891255
POS-02130,2023-11-02,Lalitpur-Patan,Pulchowk Rd,Solar-Battery,2,2137.0324654310148
POS-02131,2023-01-16,Kathmandu-DurbarMarg,King's Way 101,Smart-Hub,2,3963.4583019560937
POS-02132,2023-01-01,Lalitpur-Patan,Pulchowk Rd,Gaming-Console,7,2404.443219267924
POS-02133,2023-06-05,Butwal-Chowk,Traffic Chowk E,VR-Headset,5,2647.775713742746
POS-02134,2023-01-03,Lalitpur-Patan,Pulchowk Rd,Gaming-Console,7,3837.66962662123
POS-02135,2023-05-22,Biratnagar-Main,Hospital Rd,Solar-Battery,4,2746.8518701018825
POS-02136,2023-08-17,Biratnagar-Main,Hospital Rd,Drone-HD,5,4826.180416775529
POS-02137,2023-05-03,Biratnagar-Main,Hospital Rd,Gaming-Console,4,1561.4533361014624
POS-02138,2023-02-13,Kathmandu-DurbarMarg,King's Way 101,Solar-Battery,4,1280.0579610406755
POS-02139,2023-04-26,Lalitpur-Patan,Pulchowk Rd,Drone-HD,3,2012.7741156908382
POS-02140,2023-01-16,Butwal-Chowk,Traffic Chowk E,Smart-Hub,3,4428.180573305598
POS-02141,2023-04-11,Kathmandu-DurbarMarg,King's Way 101,Drone-HD,1,3581.923329676561
POS-02142,2023-01-04,Butwal-Chowk,Traffic Chowk E,Drone-HD,1,4237.2233329852625
POS-02143,2023-12-19,Biratnagar-Main,Hospital Rd,VR-Headset,6,1927.635654731656
POS-02144,2023-10-10,Biratnagar-Main,Hospital Rd,Drone-HD,2,2546.4474502901403
POS-02145,2023-11-08,Pokhara-Lakeside,Baidam Street 6,Solar-Battery,3,2468.192459547038
POS-02146,2023-11-29,Pokhara-Lakeside,Baidam Street 6,Smart-Hub,7,2055.903765896385
POS-02147,2023-07-06,Butwal-Chowk,Traffic Chowk E,VR-Headset,2,3606.799890087776
POS-02148,2023-08-22,Butwal-Chowk,Traffic Chowk E,4K-TV,4,1144.152971586485
POS-02149,2023-01-31,Pokhara-Lakeside,Baidam Street 6,VR-Headset,3,614.1387486397039
POS-02150,2023-10-07,Kathmandu-DurbarMarg,King's Way 101,Gaming-Console,6,1832.548084719711
POS-02151,2023-12-16,Lalitpur-Patan,Pulchowk Rd,4K-TV,8,-53.57534559194258
POS-02152,2023-10-13,Pokhara-Lakeside,Baidam Street 6,Smart-Hub,1,4340.326393745655
POS-02153,2023-08-05,Lalitpur-Patan,Pulchowk Rd,Gaming-Console,8,111.11148246506727
POS-02154,2023-01-27,Butwal-Chowk,Traffic Chowk E,VR-Headset,6,1951.0228592169583
POS-02155,2023-03-26,Kathmandu-DurbarMarg,King's Way 101,Smart-Hub,3,-22.35161215289324
POS-02156,2023-12-25,Pokhara-Lakeside,Baidam Street 6,4K-TV,7,469.2957168665579
POS-02157,2023-03-21,Butwal-Chowk,Traffic Chowk E,Solar-Battery,3,1184.982794085087
POS-02158,2023-07-17,Kathmandu-DurbarMarg,King's Way 101,4K-TV,7,1791.7849379342263
POS-02159,2023-08-16,Biratnagar-Main,Hospital Rd,Gaming-Console,3,-47.52051915896946
POS-02160,2023-05-02,Lalitpur-Patan,Pulchowk Rd,Smart-Hub,4,4235.065572832088
POS-02161,2023-12-02,Kathmandu-DurbarMarg,King's Way 101,Drone-HD,3,1725.7007715993743
POS-02162,2023-09-04,Pokhara-Lakeside,Baidam Street 6,VR-Headset,7,4623.634460883147
POS-02163,2023-01-08,Lalitpur-Patan,Pulchowk Rd,4K-TV,7,3922.7633113708152
POS-02164,2023-04-07,Lalitpur-Patan,Pulchowk Rd,Gaming-Console,4,1665.9705151753485
POS-02165,2023-09-13,Biratnagar-Main,Hospital Rd,VR-Headset,2,3050.4543068019993
POS-02166,2023-07-03,Pokhara-Lakeside,Baidam Street 6,Drone-HD,6,2919.792113587343
POS-02167,2023-05-31,Kathmandu-DurbarMarg,King's Way 101,Solar-Battery,7,4436.190009456638
POS-02168,2023-10-15,Lalitpur-Patan,Pulchowk Rd,Drone-HD,3,1398.0527814596846
POS-02169,2023-03-07,Pokhara-Lakeside,Baidam Street 6,VR-Headset,7,4538.534765784214
POS-02170,2023-02-18,Pokhara-Lakeside,Baidam Street 6,Gaming-Console,9,2231.876385508841
POS-02171,2023-12-11,Pokhara-Lakeside,Baidam Street 6,Smart-Hub,2,991.0519968552151
POS-02172,2023-09-05,Biratnagar-Main,Hospital Rd,Gaming-Console,6,4318.493142394748
POS-02173,2023-01-11,Butwal-Chowk,Traffic Chowk E,Drone-HD,2,3554.043133110384
POS-02174,2023-02-21,Pokhara-Lakeside,Baidam Street 6,Solar-Battery,3,4725.873045840076
POS-02175,2023-12-01,Lalitpur-Patan,Pulchowk Rd,Smart-Hub,7,2524.9627119791426
POS-02176,2023-02-22,Kathmandu-DurbarMarg,King's Way 101,VR-Headset,8,2482.6988970344487
POS-02177,2023-05-23,Butwal-Chowk,Traffic Chowk E,Solar-Battery,7,647.2438606216248
POS-02178,2023-07-31,Biratnagar-Main,Hospital Rd,Solar-Battery,2,173.04208708177197
POS-02179,2023-04-09,Lalitpur-Patan,Pulchowk Rd,Solar-Battery,7,2021.740664636966
POS-02180,2023-08-31,Lalitpur-Patan,Pulchowk Rd,Gaming-Console,3,2004.154063070679
POS-02181,2023-12-22,Lalitpur-Patan,Pulchowk Rd,Solar-Battery,9,1414.4618969080957
POS-02182,2023-06-27,Biratnagar-Main,Hospital Rd,Gaming-Console,7,4765.4777035110865
POS-02183,2023-01-09,Butwal-Chowk,Traffic Chowk E,Drone-HD,9,2645.731651308155
POS-02184,2023-01-19,Lalitpur-Patan,Pulchowk Rd,VR-Headset,4,47.731977111686746
POS-02185,2023-09-23,Biratnagar-Main,Hospital Rd,4K-TV,7,687.0971208667031
POS-02186,2023-10-01,Kathmandu-DurbarMarg,King's Way 101,VR-Headset,3,3200.567106523663
POS-02187,2023-10-03,Biratnagar-Main,Hospital Rd,4K-TV,7,2867.033359449617
POS-02188,2023-03-18,Lalitpur-Patan,Pulchowk Rd,Smart-Hub,4,2468.676007102777
POS-02189,2023-02-25,Butwal-Chowk,Traffic Chowk E,Gaming-Console,7,1627.3218750002832
POS-02190,2023-10-21,Biratnagar-Main,Hospital Rd,4K-TV,9,2476.652383465459
POS-02191,2023-03-02,Pokhara-Lakeside,Baidam Street 6,Gaming-Console,3,2120.029510822124
POS-02192,2023-10-04,Kathmandu-DurbarMarg,King's Way 101,4K-TV,2,1292.458706607109
POS-02193,2023-11-06,Lalitpur-Patan,Pulchowk Rd,Drone-HD,8,599.416973326163
POS-02194,2023-10-19,Pokhara-Lakeside,Baidam Street 6,4K-TV,9,627.3906455088595
POS-02195,2023-09-16,Butwal-Chowk,Traffic Chowk E,Gaming-Console,4,3630.9228558904256
POS-02196,2023-03-05,Pokhara-Lakeside,Baidam Street 6,Gaming-Console,6,1417.088181212042
POS-02197,2023-01-06,Butwal-Chowk,Traffic Chowk E,Smart-Hub,9,3622.9991137114375
POS-02198,2023-04-01,Lalitpur-Patan,Pulchowk Rd,Smart-Hub,6,3230.196909561855
POS-02199,2023-07-28,Kathmandu-DurbarMarg,King's Way 101,Smart-Hub,6,353.1538939014218
POS-02200,2023-05-10,Butwal-Chowk,Traffic Chowk E,VR-Headset,4,4836.313723792165
POS-02201,2023-07-23,Butwal-Chowk,Traffic Chowk E,Smart-Hub,3,2818.413626080038
POS-02202,2023-06-15,Pokhara-Lakeside,Baidam Street 6,Drone-HD,3,553.6253743082132
POS-02203,2023-10-11,Butwal-Chowk,Traffic Chowk E,Drone-HD,8,994.6894197617971
POS-02204,2023-10-15,Lalitpur-Patan,Pulchowk Rd,Gaming-Console,5,2481.565322351544
POS-02205,2023-08-12,Biratnagar-Main,Hospital Rd,Smart-Hub,2,3195.4027973192315
POS-02206,2023-10-05,Butwal-Chowk,Traffic Chowk E,Drone-HD,5,1507.9389031852043
POS-02207,2023-06-29,Biratnagar-Main,Hospital Rd,Solar-Battery,4,3886.960413371047
POS-02208,2023-01-31,Biratnagar-Main,Hospital Rd,Solar-Battery,1,4401.992882418022
POS-02209,2023-05-21,Butwal-Chowk,Traffic Chowk E,Gaming-Console,6,3698.759605067346
POS-02210,2023-12-03,Lalitpur-Patan,Pulchowk Rd,Solar-Battery,3,4781.6933667103485
POS-02211,2023-01-12,Biratnagar-Main,Hospital Rd,Drone-HD,7,137.43180165380497
POS-02212,2023-04-25,Biratnagar-Main,Hospital Rd,VR-Headset,5,4699.329924424628
POS-02213,2023-03-31,Butwal-Chowk,Traffic Chowk E,4K-TV,4,2760.4874322685387
POS-02214,2023-07-07,Biratnagar-Main,Hospital Rd,Smart-Hub,5,3457.174860413434
POS-02215,2023-02-05,Kathmandu-DurbarMarg,King's Way 101,Solar-Battery,4,1377.861054725253
POS-02216,2023-05-03,Kathmandu-DurbarMarg,King's Way 101,Solar-Battery,2,410.2844040903731
POS-02217,2023-08-08,Lalitpur-Patan,Pulchowk Rd,Drone-HD,2,4931.767715851433
POS-02218,2023-06-26,Kathmandu-DurbarMarg,King's Way 101,Drone-HD,6,927.477804464083
POS-02219,2023-04-15,Lalitpur-Patan,Pulchowk Rd,4K-TV,5,4955.639425176165
POS-02220,2023-06-24,Butwal-Chowk,Traffic Chowk E,Drone-HD,8,3524.907081915842
POS-02221,2023-12-24,Biratnagar-Main,Hospital Rd,Drone-HD,9,1422.547312402038
POS-02222,2023-07-12,Kathmandu-DurbarMarg,King's Way 101,Solar-Battery,7,1943.4823777084152
POS-02223,2023-08-05,Lalitpur-Patan,Pulchowk Rd,Solar-Battery,3,721.9516395799162
POS-02224,2023-07-02,Pokhara-Lakeside,Baidam Street 6,VR-Headset,2,2922.3447190594616
POS-02225,2023-07-27,Lalitpur-Patan,Pulchowk Rd,Drone-HD,8,912.0342899302564
POS-02226,2023-12-07,Kathmandu-DurbarMarg,King's Way 101,Smart-Hub,9,1546.47008288535
POS-02227,2023-01-06,Lalitpur-Patan,Pulchowk Rd,Gaming-Console,1,241.43803288621967
POS-02228,2023-05-22,Lalitpur-Patan,Pulchowk Rd,4K-TV,1,3312.3886214132303
POS-02229,2023-05-14,Lalitpur-Patan,Pulchowk Rd,Drone-HD,5,2058.241229011994
POS-02230,2023-11-23,Pokhara-Lakeside,Baidam Street 6,Drone-HD,8,1413.9646850920824
POS-02231,2023-02-14,Lalitpur-Patan,Pulchowk Rd,Solar-Battery,7,677.0913165484466
POS-02232,2023-06-23,Kathmandu-DurbarMarg,King's Way 101,VR-Headset,7,3396.8327253719735
POS-02233,2023-09-25,Kathmandu-DurbarMarg,King's Way 101,Gaming-Console,6,630.7153829888495
POS-02234,2023-01-18,Lalitpur-Patan,Pulchowk Rd,4K-TV,1,2994.1442065650926
POS-02235,2023-10-21,Kathmandu-DurbarMarg,King's Way 101,4K-TV,3,4596.772896809228
POS-02236,2023-06-01,Pokhara-Lakeside,Baidam Street 6,Gaming-Console,2,754.360953172723
POS-02237,2023-01-22,Pokhara-Lakeside,Baidam Street 6,Solar-Battery,1,4960.8132636087585
POS-02238,2023-03-07,Butwal-Chowk,Traffic Chowk E,Drone-HD,1,4469.007722791424
POS-02239,2023-08-17,Butwal-Chowk,Traffic Chowk E,Solar-Battery,7,4562.734723351765
POS-02240,2023-05-30,Biratnagar-Main,Hospital Rd,VR-Headset,6,1952.2757707115752
POS-02241,2023-04-03,Pokhara-Lakeside,Baidam Street 6,Smart-Hub,1,1625.5933515567972
POS-02242,2023-01-15,Biratnagar-Main,Hospital Rd,Smart-Hub,7,3744.227678244666
POS-02243,2023-04-21,Pokhara-Lakeside,Baidam Street 6,Gaming-Console,4,391.7771666397592
POS-02244,2023-11-15,Biratnagar-Main,Hospital Rd,VR-Headset,4,464.1565515414351
POS-02245,2023-02-28,Biratnagar-Main,Hospital Rd,Smart-Hub,3,4713.213934048875
POS-02246,2023-02-18,Butwal-Chowk,Traffic Chowk E,Solar-Battery,7,1176.5246372589297
POS-02247,2023-08-11,Butwal-Chowk,Traffic Chowk E,Drone-HD,4,3642.547040929623
POS-02248,2023-05-23,Kathmandu-DurbarMarg,King's Way 101,Gaming-Console,7,319.7173146015773
POS-02249,2023-07-30,Lalitpur-Patan,Pulchowk Rd,Gaming-Console,4,4498.919213957919
POS-02250,2023-05-25,Biratnagar-Main,Hospital Rd,Solar-Battery,6,4181.065391992813
POS-02251,2023-03-22,Biratnagar-Main,Hospital Rd,Smart-Hub,8,942.1210901952115
POS-02252,2023-10-05,Kathmandu-DurbarMarg,King's Way 101,Solar-Battery,4,4954.000371634348
POS-02253,2023-01-15,Pokhara-Lakeside,Baidam Street 6,Drone-HD,4,4024.8104837718265
POS-02254,2023-09-16,Pokhara-Lakeside,Baidam Street 6,Drone-HD,2,350.8946633050301
POS-02255,2023-11-26,Pokhara-Lakeside,Baidam Street 6,Solar-Battery,6,2007.5502740463867
POS-02256,2023-06-25,Lalitpur-Patan,Pulchowk Rd,Drone-HD,4,2901.2190652153154
POS-02257,2023-12-18,Butwal-Chowk,Traffic Chowk E,Gaming-Console,1,1507.9439747526574
POS-02258,2023-12-05,Biratnagar-Main,Hospital Rd,Gaming-Console,9,2004.3528702380868
POS-02259,2023-08-14,Pokhara-Lakeside,Baidam Street 6,Gaming-Console,9,317.90210332155567
POS-02260,2023-10-30,Biratnagar-Main,Hospital Rd,Solar-Battery,3,595.662849696294
POS-02261,2023-02-18,Pokhara-Lakeside,Baidam Street 6,Gaming-Console,3,2303.1768276139123
POS-02262,2023-10-14,Pokhara-Lakeside,Baidam Street 6,VR-Headset,4,1102.5021545934235
POS-02263,2023-07-18,Pokhara-Lakeside,Baidam Street 6,Solar-Battery,9,3789.6276218429916
POS-02264,2023-05-26,Kathmandu-DurbarMarg,King's Way 101,Smart-Hub,6,3666.306744635239
POS-02265,2023-12-25,Butwal-Chowk,Traffic Chowk E,Drone-HD,2,4980.55739168721
POS-02266,2023-04-02,Butwal-Chowk,Traffic Chowk E,Drone-HD,2,3746.480638932931
POS-02267,2023-01-22,Kathmandu-DurbarMarg,King's Way 101,VR-Headset,9,1850.052870170917
POS-02268,2023-04-16,Lalitpur-Patan,Pulchowk Rd,Solar-Battery,2,4340.314505103239
POS-02269,2023-06-15,Butwal-Chowk,Traffic Chowk E,Drone-HD,7,3474.3594456122523
POS-02270,2023-04-09,Butwal-Chowk,Traffic Chowk E,4K-TV,9,4833.790150043725
POS-02271,2023-11-05,Lalitpur-Patan,Pulchowk Rd,Drone-HD,8,3768.778515620398
POS-02272,2023-02-17,Biratnagar-Main,Hospital Rd,Solar-Battery,2,1710.8909863825274
POS-02273,2023-12-25,Lalitpur-Patan,Pulchowk Rd,Drone-HD,1,3110.8376729620873
POS-02274,2023-06-28,Biratnagar-Main,Hospital Rd,Drone-HD,7,4958.838182782544
POS-02275,2023-08-20,Butwal-Chowk,Traffic Chowk E,Smart-Hub,4,2282.311875602356
POS-02276,2023-06-14,Pokhara-Lakeside,Baidam Street 6,Smart-Hub,4,1672.860670811341
POS-02277,2023-02-16,Kathmandu-DurbarMarg,King's Way 101,Solar-Battery,6,108.99628713083345
POS-02278,2023-11-27,Pokhara-Lakeside,Baidam Street 6,Drone-HD,3,1931.9018475130836
POS-02279,2023-01-27,Lalitpur-Patan,Pulchowk Rd,4K-TV,1,585.2521084606349
POS-02280,2023-10-15,Butwal-Chowk,Traffic Chowk E,4K-TV,5,3830.5029320363988
POS-02281,2023-02-03,Lalitpur-Patan,Pulchowk Rd,Smart-Hub,9,1557.7028582962935
POS-02282,2023-02-12,Pokhara-Lakeside,Baidam Street 6,4K-TV,2,4553.893733439956
POS-02283,2023-08-07,Biratnagar-Main,Hospital Rd,4K-TV,5,4878.1462224496445
POS-02284,2023-12-25,Kathmandu-DurbarMarg,King's Way 101,Smart-Hub,9,2331.825769915532
POS-02285,2023-06-01,Pokhara-Lakeside,Baidam Street 6,VR-Headset,2,3757.804503175463
POS-02286,2023-10-26,Kathmandu-DurbarMarg,King's Way 101,Solar-Battery,5,4756.8772486910275
POS-02287,2023-05-15,Kathmandu-DurbarMarg,King's Way 101,Solar-Battery,4,2383.796837068601
POS-02288,2023-03-10,Biratnagar-Main,Hospital Rd,Gaming-Console,5,2568.235081319528
POS-02289,2023-08-31,Lalitpur-Patan,Pulchowk Rd,4K-TV,8,3628.8468729088304
POS-02290,2023-07-04,Butwal-Chowk,Traffic Chowk E,Solar-Battery,3,4252.204418666348
POS-02291,2023-02-26,Lalitpur-Patan,Pulchowk Rd,VR-Headset,5,1525.3989350966763
POS-02292,2023-08-06,Kathmandu-DurbarMarg,King's Way 101,4K-TV,9,4601.645860254347
POS-02293,2023-11-29,Pokhara-Lakeside,Baidam Street 6,Solar-Battery,1,213.19638616370128
POS-02294,2023-01-30,Biratnagar-Main,Hospital Rd,4K-TV,6,4179.605586374453
POS-02295,2023-11-13,Biratnagar-Main,Hospital Rd,Drone-HD,4,4127.036441577514
POS-02296,2023-04-21,Kathmandu-DurbarMarg,King's Way 101,Gaming-Console,1,4373.92494772515
POS-02297,2023-07-18,Pokhara-Lakeside,Baidam Street 6,Smart-Hub,4,3194.335461719242
POS-02298,2023-06-04,Butwal-Chowk,Traffic Chowk E,VR-Headset,2,972.2178990423427
POS-02299,2023-01-26,Pokhara-Lakeside,Baidam Street 6,VR-Headset,8,2039.864960628724
POS-02300,2023-07-15,Biratnagar-Main,Hospital Rd,Solar-Battery,7,1808.456717066797
POS-02301,2023-05-21,Butwal-Chowk,Traffic Chowk E,4K-TV,8,4815.9525987219195
POS-02302,2023-03-23,Pokhara-Lakeside,Baidam Street 6,VR-Headset,4,913.4367438886733
POS-02303,2023-11-04,Butwal-Chowk,Traffic Chowk E,4K-TV,6,4763.322872388852
POS-02304,2023-09-05,Biratnagar-Main,Hospital Rd,Drone-HD,7,2973.0289723820124
POS-02305,2023-12-10,Lalitpur-Patan,Pulchowk Rd,4K-TV,9,4379.490352204121
POS-02306,2023-11-02,Butwal-Chowk,Traffic Chowk E,Smart-Hub,5,-28.11143569859823
POS-02307,2023-12-11,Lalitpur-Patan,Pulchowk Rd,Drone-HD,7,4748.377924896885
POS-02308,2023-03-30,Lalitpur-Patan,Pulchowk Rd,Solar-Battery,8,2041.5883078581169
POS-02309,2023-11-28,Kathmandu-DurbarMarg,King's Way 101,VR-Headset,2,1436.4147306781747
POS-02310,2023-04-16,Butwal-Chowk,Traffic Chowk E,4K-TV,2,4566.9672247933695
POS-02311,2023-02-01,Kathmandu-DurbarMarg,King's Way 101,4K-TV,3,681.3070511665702
POS-02312,2023-03-26,Kathmandu-DurbarMarg,King's Way 101,Drone-HD,7,1946.1635607076078
POS-02313,2023-11-03,Butwal-Chowk,Traffic Chowk E,Drone-HD,2,2605.943455029024
POS-02314,2023-02-23,Lalitpur-Patan,Pulchowk Rd,Gaming-Console,6,3158.8011189342346
POS-02315,2023-05-18,Pokhara-Lakeside,Baidam Street 6,4K-TV,3,3676.2988458568375
POS-02316,2023-03-23,Pokhara-Lakeside,Baidam Street 6,Gaming-Console,3,742.5184645093317
POS-02317,2023-01-13,Butwal-Chowk,Traffic Chowk E,Smart-Hub,8,2885.0452043153364
POS-02318,2023-10-04,Kathmandu-DurbarMarg,King's Way 101,Solar-Battery,4,4078.6942486659946
POS-02319,2023-03-31,Lalitpur-Patan,Pulchowk Rd,4K-TV,9,3085.6460295161073
POS-02320,2023-05-04,Lalitpur-Patan,Pulchowk Rd,4K-TV,9,1736.8364529414805
POS-02321,2023-11-10,Kathmandu-DurbarMarg,King's Way 101,Smart-Hub,3,1037.6250159547124
POS-02322,2023-04-01,Butwal-Chowk,Traffic Chowk E,Solar-Battery,6,3337.221870883602
POS-02323,2023-11-12,Biratnagar-Main,Hospital Rd,Solar-Battery,9,2248.508984524326
POS-02324,2023-03-04,Kathmandu-DurbarMarg,King's Way 101,Gaming-Console,9,3577.07947428773
POS-02325,2023-08-27,Lalitpur-Patan,Pulchowk Rd,VR-Headset,5,3669.603400870413
POS-02326,2023-11-21,Butwal-Chowk,Traffic Chowk E,VR-Headset,4,1331.4029147620613
POS-02327,2023-08-04,Pokhara-Lakeside,Baidam Street 6,VR-Headset,1,3060.465319907418
POS-02328,2023-02-16,Biratnagar-Main,Hospital Rd,VR-Headset,6,2662.0993745750666
POS-02329,2023-12-04,Biratnagar-Main,Hospital Rd,Solar-Battery,9,1702.9395498058843
POS-02330,2023-06-17,Butwal-Chowk,Traffic Chowk E,Drone-HD,9,4654.964744973288
POS-02331,2023-08-27,Lalitpur-Patan,Pulchowk Rd,Drone-HD,3,2591.8121313068664
POS-02332,2023-11-01,Biratnagar-Main,Hospital Rd,Smart-Hub,2,1425.6359379219577
POS-02333,2023-10-14,Biratnagar-Main,Hospital Rd,VR-Headset,8,545.3707355011845
POS-02334,2023-08-31,Kathmandu-DurbarMarg,King's Way 101,Drone-HD,3,553.9196194518446
POS-02335,2023-05-26,Lalitpur-Patan,Pulchowk Rd,Drone-HD,6,3200.5304091628827
POS-02336,2023-06-30,Butwal-Chowk,Traffic Chowk E,Solar-Battery,6,2558.536170309268
POS-02337,2023-12-05,Lalitpur-Patan,Pulchowk Rd,Smart-Hub,5,97.0587164594094
POS-02338,2023-10-04,Butwal-Chowk,Traffic Chowk E,Solar-Battery,5,3604.474645318185
POS-02339,2023-03-14,Butwal-Chowk,Traffic Chowk E,Gaming-Console,7,1472.2923374734723
POS-02340,2023-09-01,Kathmandu-DurbarMarg,King's Way 101,Drone-HD,6,147.07265801728238
POS-02341,2023-04-12,Biratnagar-Main,Hospital Rd,Solar-Battery,5,4866.351670607428
POS-02342,2023-08-29,Kathmandu-DurbarMarg,King's Way 101,Smart-Hub,1,318.11836934601666
POS-02343,2023-10-31,Pokhara-Lakeside,Baidam Street 6,4K-TV,5,1428.815837026721
POS-02344,2023-08-16,Biratnagar-Main,Hospital Rd,VR-Headset,8,4978.935705224494
POS-02345,2023-12-12,Biratnagar-Main,Hospital Rd,Smart-Hub,2,943.720567997131
POS-02346,2023-07-15,Lalitpur-Patan,Pulchowk Rd,Solar-Battery,8,3658.1922356564696
POS-02347,2023-09-19,Butwal-Chowk,Traffic Chowk E,Drone-HD,4,1901.559963682154
POS-02348,2023-10-12,Pokhara-Lakeside,Baidam Street 6,Drone-HD,8,2828.8484855361053
POS-02349,2023-12-08,Kathmandu-DurbarMarg,King's Way 101,Drone-HD,5,1248.3700333061831
POS-02350,2023-08-18,Butwal-Chowk,Traffic Chowk E,Smart-Hub,2,2074.2973771070956
POS-02351,2023-09-16,Biratnagar-Main,Hospital Rd,VR-Headset,4,3738.0091971575116
POS-02352,2023-04-26,Butwal-Chowk,Traffic Chowk E,VR-Headset,7,1718.5458753795676
POS-02353,2023-10-24,Biratnagar-Main,Hospital Rd,VR-Headset,4,2710.9354333659458
POS-02354,2023-07-02,Lalitpur-Patan,Pulchowk Rd,Drone-HD,2,37.03728942676253
POS-02355,2023-03-02,Butwal-Chowk,Traffic Chowk E,Gaming-Console,1,2137.6179066344066
POS-02356,2023-09-29,Pokhara-Lakeside,Baidam Street 6,VR-Headset,1,4280.914120258056
POS-02357,2023-12-02,Butwal-Chowk,Traffic Chowk E,Solar-Battery,5,2736.2414533181945
POS-02358,2023-01-26,Pokhara-Lakeside,Baidam Street 6,VR-Headset,1,4652.493366405741
POS-02359,2023-07-06,Kathmandu-DurbarMarg,King's Way 101,Drone-HD,6,1897.0464649575852
POS-02360,2023-06-12,Butwal-Chowk,Traffic Chowk E,4K-TV,4,826.6168059068585
POS-02361,2023-05-10,Kathmandu-DurbarMarg,King's Way 101,Gaming-Console,5,4901.0807705346
POS-02362,2023-08-03,Pokhara-Lakeside,Baidam Street 6,VR-Headset,4,4255.489954219406
POS-02363,2023-10-16,Lalitpur-Patan,Pulchowk Rd,Solar-Battery,3,3924.223799535027
POS-02364,2023-06-01,Lalitpur-Patan,Pulchowk Rd,Solar-Battery,9,4075.151852756938
POS-02365,2023-04-14,Lalitpur-Patan,Pulchowk Rd,Gaming-Console,9,3880.485312014901
POS-02366,2023-07-31,Kathmandu-DurbarMarg,King's Way 101,Gaming-Console,1,2294.83438823906
POS-02367,2023-09-18,Pokhara-Lakeside,Baidam Street 6,Drone-HD,6,8.752963080188351
POS-02368,2023-06-02,Butwal-Chowk,Traffic Chowk E,Drone-HD,2,1191.948808203593
POS-02369,2023-05-14,Lalitpur-Patan,Pulchowk Rd,Gaming-Console,3,3880.2647847768762
POS-02370,2023-11-09,Lalitpur-Patan,Pulchowk Rd,Drone-HD,4,3626.258019255162
POS-02371,2023-12-17,Kathmandu-DurbarMarg,King's Way 101,VR-Headset,9,2039.0698964595217
POS-02372,2023-05-27,Biratnagar-Main,Hospital Rd,Smart-Hub,9,2019.1681841969835
POS-02373,2023-02-09,Biratnagar-Main,Hospital Rd,4K-TV,5,2407.676650458354
POS-02374,2023-01-14,Pokhara-Lakeside,Baidam Street 6,4K-TV,7,3393.6951760009188
POS-02375,2023-11-03,Lalitpur-Patan,Pulchowk Rd,Drone-HD,5,2776.8130704113314
POS-02376,2023-08-07,Kathmandu-DurbarMarg,King's Way 101,Solar-Battery,2,3911.595329087982
POS-02377,2023-03-19,Pokhara-Lakeside,Baidam Street 6,Smart-Hub,9,4911.370446562091
POS-02378,2023-12-13,Pokhara-Lakeside,Baidam Street 6,4K-TV,3,1905.8320738805062
POS-02379,2023-01-04,Biratnagar-Main,Hospital Rd,Solar-Battery,3,2828.037496900971
POS-02380,2023-06-16,Pokhara-Lakeside,Baidam Street 6,VR-Headset,9,2086.673961356015
POS-02381,2023-06-28,Biratnagar-Main,Hospital Rd,Smart-Hub,2,3973.38470801071
POS-02382,2023-07-15,Lalitpur-Patan,Pulchowk Rd,4K-TV,3,2084.5398358500593
POS-02383,2023-09-15,Biratnagar-Main,Hospital Rd,Drone-HD,8,4091.318410707546
POS-02384,2023-11-24,Lalitpur-Patan,Pulchowk Rd,Gaming-Console,8,393.09566377704607
POS-02385,2023-07-08,Butwal-Chowk,Traffic Chowk E,Solar-Battery,3,4350.54403421805
POS-02386,2023-07-08,Biratnagar-Main,Hospital Rd,Solar-Battery,3,1229.9627127350136
POS-02387,2023-10-14,Kathmandu-DurbarMarg,King's Way 101,Smart-Hub,6,4844.273505563903
POS-02388,2023-07-26,Biratnagar-Main,Hospital Rd,Solar-Battery,9,1629.7486864145335
POS-02389,2023-07-06,Lalitpur-Patan,Pulchowk Rd,4K-TV,6,2143.6286598025326
POS-02390,2023-09-12,Butwal-Chowk,Traffic Chowk E,VR-Headset,6,3890.9361339287066
POS-02391,2023-05-17,Butwal-Chowk,Traffic Chowk E,VR-Headset,6,2858.0751904409794
POS-02392,2023-12-09,Lalitpur-Patan,Pulchowk Rd,Solar-Battery,8,1843.5323707699908
POS-02393,2023-02-11,Pokhara-Lakeside,Baidam Street 6,Solar-Battery,3,3343.699638296235
POS-02394,2023-07-20,Kathmandu-DurbarMarg,King's Way 101,Gaming-Console,1,684.6843669883083
POS-02395,2023-03-22,Kathmandu-DurbarMarg,King's Way 101,Gaming-Console,5,1372.4937063686111
POS-02396,2023-02-02,Pokhara-Lakeside,Baidam Street 6,Solar-Battery,8,4251.533856346608
POS-02397,2023-05-13,Lalitpur-Patan,Pulchowk Rd,VR-Headset,2,532.4015321921404
POS-02398,2023-09-20,Kathmandu-DurbarMarg,King's Way 101,Solar-Battery,9,3466.8972004664274
POS-02399,2023-12-07,Biratnagar-Main,Hospital Rd,Smart-Hub,2,3065.817190058567
POS-02400,2023-11-19,Butwal-Chowk,Traffic Chowk E,Drone-HD,4,1044.5976515156901
POS-02401,2023-06-19,Kathmandu-DurbarMarg,King's Way 101,VR-Headset,8,1547.0393991342705
POS-02402,2023-07-13,Butwal-Chowk,Traffic Chowk E,VR-Headset,4,262.40782153876364
POS-02403,2023-05-10,Pokhara-Lakeside,Baidam Street 6,Solar-Battery,2,1312.022971991998
POS-02404,2023-01-04,Pokhara-Lakeside,Baidam Street 6,Drone-HD,2,828.2278444847512
POS-02405,2023-10-17,Butwal-Chowk,Traffic Chowk E,Smart-Hub,5,1568.8109397419564
POS-02406,2023-05-29,Lalitpur-Patan,Pulchowk Rd,Smart-Hub,7,3290.215111536344
POS-02407,2023-05-01,Pokhara-Lakeside,Baidam Street 6,Gaming-Console,4,2793.5087702031874
POS-02408,2023-04-07,Butwal-Chowk,Traffic Chowk E,Smart-Hub,8,2039.7719949287857
POS-02409,2023-08-11,Lalitpur-Patan,Pulchowk Rd,4K-TV,4,4757.968519926102
POS-02410,2023-09-22,Butwal-Chowk,Traffic Chowk E,VR-Headset,6,966.4573171438863
POS-02411,2023-08-22,Kathmandu-DurbarMarg,King's Way 101,Gaming-Console,5,2084.7142424215776
POS-02412,2023-12-02,Pokhara-Lakeside,Baidam Street 6,Smart-Hub,1,3177.5127025827123
POS-02413,2023-02-22,Pokhara-Lakeside,Baidam Street 6,4K-TV,2,4251.930827817421
POS-02414,2023-02-15,Butwal-Chowk,Traffic Chowk E,Drone-HD,2,1278.2477359973966
POS-02415,2023-01-31,Lalitpur-Patan,Pulchowk Rd,4K-TV,3,3742.463524705224
POS-02416,2023-01-06,Pokhara-Lakeside,Baidam Street 6,Smart-Hub,7,661.3014334946953
POS-02417,2023-08-19,Lalitpur-Patan,Pulchowk Rd,Drone-HD,4,3714.63920609772
POS-02418,2023-05-26,Kathmandu-DurbarMarg,King's Way 101,Drone-HD,7,2082.9321249629925
POS-02419,2023-02-15,Pokhara-Lakeside,Baidam Street 6,Drone-HD,6,1485.7624046978076
POS-02420,2023-11-11,Lalitpur-Patan,Pulchowk Rd,Solar-Battery,7,3832.362053083005
POS-02421,2023-08-09,Pokhara-Lakeside,Baidam Street 6,Drone-HD,7,1090.4048418304158
POS-02422,2023-05-09,Lalitpur-Patan,Pulchowk Rd,4K-TV,5,4630.492569196089
POS-02423,2023-12-18,Biratnagar-Main,Hospital Rd,VR-Headset,4,3068.366810866873
POS-02424,2023-04-11,Butwal-Chowk,Traffic Chowk E,Drone-HD,8,3318.696834324541
POS-02425,2023-01-15,Lalitpur-Patan,Pulchowk Rd,Smart-Hub,6,4503.492291943622
POS-02426,2023-05-27,Butwal-Chowk,Traffic Chowk E,Smart-Hub,9,755.3193114303838
POS-02427,2023-12-26,Lalitpur-Patan,Pulchowk Rd,Solar-Battery,4,3111.3443220475797
POS-02428,2023-03-27,Biratnagar-Main,Hospital Rd,4K-TV,2,2404.6234408765745
POS-02429,2023-05-16,Pokhara-Lakeside,Baidam Street 6,Smart-Hub,3,3308.9346774680143
POS-02430,2023-05-25,Butwal-Chowk,Traffic Chowk E,Smart-Hub,3,4233.2310090338015
POS-02431,2023-03-29,Lalitpur-Patan,Pulchowk Rd,Smart-Hub,1,2185.942086306298
POS-02432,2023-04-29,Lalitpur-Patan,Pulchowk Rd,Drone-HD,7,3768.334115913116
POS-02433,2023-09-23,Pokhara-Lakeside,Baidam Street 6,Gaming-Console,4,1925.2813544947269
POS-02434,2023-12-19,Kathmandu-DurbarMarg,King's Way 101,Gaming-Console,1,3569.8957429744432
POS-02435,2023-05-20,Kathmandu-DurbarMarg,King's Way 101,VR-Headset,2,3974.8924298010465
POS-02436,2023-09-05,Lalitpur-Patan,Pulchowk Rd,Smart-Hub,2,4228.815437562698
POS-02437,2023-08-30,Lalitpur-Patan,Pulchowk Rd,Solar-Battery,7,1376.846878305154
POS-02438,2023-11-09,Biratnagar-Main,Hospital Rd,4K-TV,5,2145.591616705889
POS-02439,2023-02-03,Pokhara-Lakeside,Baidam Street 6,VR-Headset,5,2755.5837126864403
POS-02440,2023-01-13,Kathmandu-DurbarMarg,King's Way 101,Solar-Battery,2,3751.2524098628596
POS-02441,2023-06-19,Pokhara-Lakeside,Baidam Street 6,Smart-Hub,1,726.0553069619693
POS-02442,2023-12-24,Biratnagar-Main,Hospital Rd,4K-TV,8,1857.5980063558986
POS-02443,2023-02-01,Lalitpur-Patan,Pulchowk Rd,VR-Headset,5,1549.8126669197427
POS-02444,2023-06-09,Lalitpur-Patan,Pulchowk Rd,Smart-Hub,5,4597.477057207386
POS-02445,2023-12-07,Kathmandu-DurbarMarg,King's Way 101,Smart-Hub,2,2154.1707983568986
POS-02446,2023-01-11,Kathmandu-DurbarMarg,King's Way 101,VR-Headset,1,2594.6556889258004
POS-02447,2023-07-15,Biratnagar-Main,Hospital Rd,Smart-Hub,3,2918.8752639006507
POS-02448,2023-03-14,Biratnagar-Main,Hospital Rd,4K-TV,3,4240.200019259669
POS-02449,2023-06-06,Pokhara-Lakeside,Baidam Street 6,4K-TV,8,2896.7304378708363
POS-02450,2023-07-18,Butwal-Chowk,Traffic Chowk E,Solar-Battery,6,3787.525878278453
POS-02451,2023-01-08,Biratnagar-Main,Hospital Rd,Drone-HD,5,1696.501472659879
POS-02452,2023-12-05,Kathmandu-DurbarMarg,King's Way 101,Gaming-Console,5,4590.018672065718
POS-02453,2023-03-09,Pokhara-Lakeside,Baidam Street 6,VR-Headset,4,3230.236062395935
POS-02454,2023-09-23,Butwal-Chowk,Traffic Chowk E,Solar-Battery,9,176.91361709809195
POS-02455,2023-02-26,Biratnagar-Main,Hospital Rd,Smart-Hub,2,448.073528309008
POS-02456,2023-07-31,Kathmandu-DurbarMarg,King's Way 101,Solar-Battery,5,9.689172769069017
POS-02457,2023-03-02,Pokhara-Lakeside,Baidam Street 6,4K-TV,3,1942.0186361302635
POS-02458,2023-02-10,Kathmandu-DurbarMarg,King's Way 101,Drone-HD,1,1885.8838157992059
POS-02459,2023-04-25,Kathmandu-DurbarMarg,King's Way 101,Solar-Battery,8,3375.423181953028
POS-02460,2023-09-05,Butwal-Chowk,Traffic Chowk E,VR-Headset,2,3019.150470103994
POS-02461,2023-06-19,Butwal-Chowk,Traffic Chowk E,Solar-Battery,8,3633.738172928724
POS-02462,2023-08-03,Butwal-Chowk,Traffic Chowk E,Solar-Battery,1,3610.1263722699337
POS-02463,2023-08-18,Biratnagar-Main,Hospital Rd,Solar-Battery,2,4377.521943079231
POS-02464,2023-06-22,Butwal-Chowk,Traffic Chowk E,4K-TV,5,978.9416614810775
POS-02465,2023-01-25,Butwal-Chowk,Traffic Chowk E,Smart-Hub,2,4093.1875889859894
POS-02466,2023-10-28,Kathmandu-DurbarMarg,King's Way 101,Drone-HD,7,585.9363926639078
POS-02467,2023-08-18,Butwal-Chowk,Traffic Chowk E,Smart-Hub,8,2971.360509505969
POS-02468,2023-07-17,Butwal-Chowk,Traffic Chowk E,Solar-Battery,1,398.6885316368288
POS-02469,2023-01-22,Pokhara-Lakeside,Baidam Street 6,Smart-Hub,9,810.2017333549941
POS-02470,2023-07-24,Kathmandu-DurbarMarg,King's Way 101,4K-TV,2,1184.7836122016824
POS-02471,2023-08-09,Kathmandu-DurbarMarg,King's Way 101,4K-TV,7,543.9682848616262
POS-02472,2023-04-25,Pokhara-Lakeside,Baidam Street 6,Solar-Battery,5,423.43143530987936
POS-02473,2023-04-06,Lalitpur-Patan,Pulchowk Rd,Solar-Battery,2,404.8564305296212
POS-02474,2023-07-22,Butwal-Chowk,Traffic Chowk E,VR-Headset,1,670.5239060807077
POS-02475,2023-03-15,Kathmandu-DurbarMarg,King's Way 101,4K-TV,8,116.04254364874336
POS-02476,2023-11-08,Lalitpur-Patan,Pulchowk Rd,Smart-Hub,1,4766.28810713949
POS-02477,2023-12-04,Butwal-Chowk,Traffic Chowk E,Solar-Battery,9,2496.5544816967736
POS-02478,2023-08-02,Pokhara-Lakeside,Baidam Street 6,Solar-Battery,7,1047.8250508122028
POS-02479,2023-07-10,Kathmandu-DurbarMarg,King's Way 101,Smart-Hub,2,4297.366418396305
POS-02480,2023-08-25,Kathmandu-DurbarMarg,King's Way 101,Drone-HD,5,3415.089702609673
POS-02481,2023-09-06,Pokhara-Lakeside,Baidam Street 6,Smart-Hub,4,420.1768896186162
POS-02482,2023-07-19,Kathmandu-DurbarMarg,King's Way 101,4K-TV,5,1698.3179787281267
POS-02483,2023-10-09,Lalitpur-Patan,Pulchowk Rd,Gaming-Console,7,1451.679246236092
POS-02484,2023-10-10,Pokhara-Lakeside,Baidam Street 6,Gaming-Console,3,1801.0986071027448
POS-02485,2023-10-08,Lalitpur-Patan,Pulchowk Rd,Solar-Battery,1,2292.253877292528
POS-02486,2023-06-21,Pokhara-Lakeside,Baidam Street 6,Drone-HD,5,2987.3585319383665
POS-02487,2023-05-11,Lalitpur-Patan,Pulchowk Rd,Smart-Hub,8,3462.566368092134
POS-02488,2023-10-30,Lalitpur-Patan,Pulchowk Rd,Drone-HD,2,-86.93075817380512
POS-02489,2023-08-10,Lalitpur-Patan,Pulchowk Rd,Drone-HD,1,4264.520254766749
POS-02490,2023-04-15,Kathmandu-DurbarMarg,King's Way 101,Smart-Hub,8,4025.158736905654
POS-02491,2023-02-06,Lalitpur-Patan,Pulchowk Rd,Smart-Hub,3,95.73555874553477
POS-02492,2023-01-17,Lalitpur-Patan,Pulchowk Rd,Gaming-Console,5,4545.89361981562
POS-02493,2023-03-12,Pokhara-Lakeside,Baidam Street 6,4K-TV,5,3505.8053054735033
POS-02494,2023-11-08,Butwal-Chowk,Traffic Chowk E,Smart-Hub,2,1900.2705184962626
POS-02495,2023-05-26,Kathmandu-DurbarMarg,King's Way 101,Drone-HD,9,1857.3142722280818
POS-02496,2023-06-04,Butwal-Chowk,Traffic Chowk E,4K-TV,6,3072.261143025166
POS-02497,2023-07-28,Lalitpur-Patan,Pulchowk Rd,Gaming-Console,8,2587.4645674858066
POS-02498,2023-01-18,Biratnagar-Main,Hospital Rd,VR-Headset,5,212.00410426869564
POS-02499,2023-05-29,Biratnagar-Main,Hospital Rd,4K-TV,2,2574.253678596949
POS-02500,2023-03-15,Pokhara-Lakeside,Baidam Street 6,Smart-Hub,4,2290.9627800736275
POS-02501,2023-08-17,Lalitpur-Patan,Pulchowk Rd,4K-TV,1,2239.811159940206
POS-02502,2023-10-20,Biratnagar-Main,Hospital Rd,Drone-HD,6,1241.1914770653384
POS-02503,2023-09-23,Pokhara-Lakeside,Baidam Street 6,Gaming-Console,5,2243.3419032762113
POS-02504,2023-12-06,Butwal-Chowk,Traffic Chowk E,Gaming-Console,3,4604.063294330525
POS-02505,2023-04-12,Lalitpur-Patan,Pulchowk Rd,Drone-HD,5,3865.248175155896
POS-02506,2023-06-23,Biratnagar-Main,Hospital Rd,VR-Headset,6,2165.073784193633
POS-02507,2023-06-07,Biratnagar-Main,Hospital Rd,VR-Headset,3,4197.287380096471
POS-02508,2023-08-25,Kathmandu-DurbarMarg,King's Way 101,Solar-Battery,2,1663.301133473047
POS-02509,2023-06-24,Pokhara-Lakeside,Baidam Street 6,4K-TV,7,1535.541476552448
POS-02510,2023-08-31,Pokhara-Lakeside,Baidam Street 6,VR-Headset,5,8.34636874564265
POS-02511,2023-04-19,Butwal-Chowk,Traffic Chowk E,Drone-HD,3,3028.968139537903
POS-02512,2023-10-26,Biratnagar-Main,Hospital Rd,Gaming-Console,2,4532.525383480284
POS-02513,2023-04-03,Butwal-Chowk,Traffic Chowk E,Gaming-Console,9,1075.7047774033967
POS-02514,2023-02-10,Biratnagar-Main,Hospital Rd,4K-TV,3,4566.124130288889
POS-02515,2023-04-29,Biratnagar-Main,Hospital Rd,Solar-Battery,3,3871.810119387556
POS-02516,2023-07-17,Biratnagar-Main,Hospital Rd,Drone-HD,5,1945.1304828567113
POS-02517,2023-08-29,Pokhara-Lakeside,Baidam Street 6,Smart-Hub,4,4409.543516146542
POS-02518,2023-04-29,Lalitpur-Patan,Pulchowk Rd,Solar-Battery,9,2512.1324454758987
POS-02519,2023-12-22,Kathmandu-DurbarMarg,King's Way 101,VR-Headset,7,3853.154360081947
POS-02520,2023-07-22,Butwal-Chowk,Traffic Chowk E,VR-Headset,6,4544.238644018236
POS-02521,2023-02-17,Butwal-Chowk,Traffic Chowk E,Gaming-Console,2,4488.9146197110995
POS-02522,2023-08-23,Lalitpur-Patan,Pulchowk Rd,Smart-Hub,6,4721.99467431055
POS-02523,2023-12-06,Biratnagar-Main,Hospital Rd,VR-Headset,4,4158.162911502526
POS-02524,2023-05-17,Pokhara-Lakeside,Baidam Street 6,Gaming-Console,9,1397.2415435844823
POS-02525,2023-06-10,Kathmandu-DurbarMarg,King's Way 101,Gaming-Console,3,2819.957312368407
POS-02526,2023-06-28,Biratnagar-Main,Hospital Rd,VR-Headset,8,4576.649367727758
POS-02527,2023-07-19,Lalitpur-Patan,Pulchowk Rd,Smart-Hub,9,607.7682709836849
POS-02528,2023-11-05,Pokhara-Lakeside,Baidam Street 6,Gaming-Console,7,2018.3556418766448
POS-02529,2023-01-12,Pokhara-Lakeside,Baidam Street 6,Smart-Hub,1,4390.386186072984
POS-02530,2023-07-06,Butwal-Chowk,Traffic Chowk E,Smart-Hub,1,3702.015499713087
POS-02531,2023-04-05,Biratnagar-Main,Hospital Rd,Gaming-Console,5,910.3882813529755
POS-02532,2023-08-28,Lalitpur-Patan,Pulchowk Rd,Smart-Hub,5,3541.7518598808633
POS-02533,2023-02-09,Pokhara-Lakeside,Baidam Street 6,VR-Headset,4,975.2341637330951
POS-02534,2023-04-29,Lalitpur-Patan,Pulchowk Rd,Solar-Battery,5,2172.5676373508827
POS-02535,2023-03-09,Biratnagar-Main,Hospital Rd,Gaming-Console,3,1650.4512717648722
POS-02536,2023-09-26,Butwal-Chowk,Traffic Chowk E,VR-Headset,7,3058.9545576488426
POS-02537,2023-03-05,Pokhara-Lakeside,Baidam Street 6,4K-TV,6,1346.7547989366724
POS-02538,2023-04-28,Kathmandu-DurbarMarg,King's Way 101,VR-Headset,8,4998.762923039684
POS-02539,2023-10-11,Pokhara-Lakeside,Baidam Street 6,4K-TV,6,4891.335601149254
POS-02540,2023-10-04,Pokhara-Lakeside,Baidam Street 6,4K-TV,7,784.543206103594
POS-02541,2023-05-11,Butwal-Chowk,Traffic Chowk E,Solar-Battery,3,4351.387005601543
POS-02542,2023-01-28,Biratnagar-Main,Hospital Rd,Drone-HD,7,4657.845509293151
POS-02543,2023-02-20,Butwal-Chowk,Traffic Chowk E,Gaming-Console,2,3025.1410433065207
POS-02544,2023-06-19,Pokhara-Lakeside,Baidam Street 6,VR-Headset,9,-42.25930382053805
POS-02545,2023-09-21,Butwal-Chowk,Traffic Chowk E,Drone-HD,9,1862.038866824742
POS-02546,2023-07-17,Butwal-Chowk,Traffic Chowk E,Solar-Battery,1,1923.8764430066606
POS-02547,2023-11-29,Kathmandu-DurbarMarg,King's Way 101,4K-TV,1,610.3824405177493
POS-02548,2023-07-08,Butwal-Chowk,Traffic Chowk E,4K-TV,2,3926.923520185006
POS-02549,2023-02-20,Kathmandu-DurbarMarg,King's Way 101,Drone-HD,2,4528.159039825258
POS-02550,2023-04-29,Lalitpur-Patan,Pulchowk Rd,Smart-Hub,9,4818.136377751977
POS-02551,2023-01-14,Biratnagar-Main,Hospital Rd,Gaming-Console,6,477.60737996395176
POS-02552,2023-10-10,Kathmandu-DurbarMarg,King's Way 101,Gaming-Console,6,4698.38284692261
POS-02553,2023-04-23,Lalitpur-Patan,Pulchowk Rd,Gaming-Console,2,772.0120400941971
POS-02554,2023-12-14,Lalitpur-Patan,Pulchowk Rd,VR-Headset,2,4014.347977255692
POS-02555,2023-02-12,Butwal-Chowk,Traffic Chowk E,Smart-Hub,3,1215.22902181055
POS-02556,2023-12-21,Lalitpur-Patan,Pulchowk Rd,VR-Headset,7,2329.6705655556184
POS-02557,2023-06-02,Lalitpur-Patan,Pulchowk Rd,Smart-Hub,9,2917.1043787055214
POS-02558,2023-12-12,Biratnagar-Main,Hospital Rd,Gaming-Console,9,4905.671395367512
POS-02559,2023-09-13,Biratnagar-Main,Hospital Rd,Smart-Hub,6,214.47904293969304
POS-02560,2023-05-26,Biratnagar-Main,Hospital Rd,Smart-Hub,1,4921.762611265313
POS-02561,2023-01-19,Pokhara-Lakeside,Baidam Street 6,4K-TV,7,1785.7257724980361
POS-02562,2023-09-30,Pokhara-Lakeside,Baidam Street 6,Solar-Battery,4,3478.3044932909174
POS-02563,2023-12-19,Kathmandu-DurbarMarg,King's Way 101,Solar-Battery,5,2433.2700522126747
POS-02564,2023-11-02,Butwal-Chowk,Traffic Chowk E,Gaming-Console,9,2388.292052986606
POS-02565,2023-04-30,Pokhara-Lakeside,Baidam Street 6,4K-TV,2,1925.0551817493965
POS-02566,2023-01-16,Lalitpur-Patan,Pulchowk Rd,4K-TV,5,2853.697063284993
POS-02567,2023-04-12,Kathmandu-DurbarMarg,King's Way 101,Drone-HD,9,4233.162422248098
POS-02568,2023-03-09,Lalitpur-Patan,Pulchowk Rd,Solar-Battery,6,2477.996112916134
POS-02569,2023-06-09,Lalitpur-Patan,Pulchowk Rd,VR-Headset,1,3352.6500111940163
POS-02570,2023-11-03,Kathmandu-DurbarMarg,King's Way 101,4K-TV,7,4775.554933976449
POS-02571,2023-07-10,Biratnagar-Main,Hospital Rd,VR-Headset,8,3095.277778172072
POS-02572,2023-09-18,Biratnagar-Main,Hospital Rd,Drone-HD,9,381.9480732363153
POS-02573,2023-05-16,Lalitpur-Patan,Pulchowk Rd,Smart-Hub,8,4241.392713770762
POS-02574,2023-07-14,Pokhara-Lakeside,Baidam Street 6,4K-TV,5,2611.1655311935115
POS-02575,2023-06-21,Biratnagar-Main,Hospital Rd,Solar-Battery,7,3773.2401129912023
POS-02576,2023-08-13,Pokhara-Lakeside,Baidam Street 6,VR-Headset,6,2258.843736225355
POS-02577,2023-08-29,Kathmandu-DurbarMarg,King's Way 101,Drone-HD,7,1429.51983878658
POS-02578,2023-02-06,Butwal-Chowk,Traffic Chowk E,Gaming-Console,4,1562.2248857734314
POS-02579,2023-10-06,Butwal-Chowk,Traffic Chowk E,Smart-Hub,8,374.55924328348016
POS-02580,2023-03-18,Kathmandu-DurbarMarg,King's Way 101,Solar-Battery,5,3188.3396958968488
POS-02581,2023-05-08,Butwal-Chowk,Traffic Chowk E,VR-Headset,4,2684.5357400044422
POS-02582,2023-10-15,Pokhara-Lakeside,Baidam Street 6,Solar-Battery,2,4894.660970678058
POS-02583,2023-08-31,Biratnagar-Main,Hospital Rd,Solar-Battery,5,1530.9931384974684
POS-02584,2023-07-20,Butwal-Chowk,Traffic Chowk E,Smart-Hub,5,4864.698396770329
POS-02585,2023-05-24,Lalitpur-Patan,Pulchowk Rd,Drone-HD,2,1826.2774511698362
POS-02586,2023-06-03,Pokhara-Lakeside,Baidam Street 6,Drone-HD,3,0.9806560350937872
POS-02587,2023-08-11,Kathmandu-DurbarMarg,King's Way 101,Drone-HD,1,2058.577377034718
POS-02588,2023-07-05,Biratnagar-Main,Hospital Rd,Drone-HD,5,739.430646773183
POS-02589,2023-04-04,Kathmandu-DurbarMarg,King's Way 101,VR-Headset,7,382.02947640766166
POS-02590,2023-12-13,Biratnagar-Main,Hospital Rd,Solar-Battery,6,1674.820899024538
POS-02591,2023-03-29,Lalitpur-Patan,Pulchowk Rd,Gaming-Console,8,4861.094796159476
POS-02592,2023-10-30,Butwal-Chowk,Traffic Chowk E,Gaming-Console,2,2728.271387332224
POS-02593,2023-02-08,Biratnagar-Main,Hospital Rd,Smart-Hub,6,1114.555618462661
POS-02594,2023-02-23,Kathmandu-DurbarMarg,King's Way 101,4K-TV,9,3836.6640828686113
POS-02595,2023-03-16,Pokhara-Lakeside,Baidam Street 6,VR-Headset,5,4289.560134090838
POS-02596,2023-04-24,Pokhara-Lakeside,Baidam Street 6,Smart-Hub,6,1884.268926953819
POS-02597,2023-10-01,Lalitpur-Patan,Pulchowk Rd,Smart-Hub,8,3519.5711354697096
POS-02598,2023-12-10,Biratnagar-Main,Hospital Rd,4K-TV,3,4766.186324856255
POS-02599,2023-12-02,Pokhara-Lakeside,Baidam Street 6,4K-TV,3,4193.7132971987485
POS-02600,2023-02-14,Lalitpur-Patan,Pulchowk Rd,Gaming-Console,2,3456.4827786845744
POS-02601,2023-01-15,Lalitpur-Patan,Pulchowk Rd,Smart-Hub,8,3638.29153458897
POS-02602,2023-08-18,Lalitpur-Patan,Pulchowk Rd,Drone-HD,1,1103.5998058099647
POS-02603,2023-10-02,Pokhara-Lakeside,Baidam Street 6,VR-Headset,3,4361.767928003887
POS-02604,2023-07-21,Kathmandu-DurbarMarg,King's Way 101,Drone-HD,6,829.7321540196743
POS-02605,2023-11-07,Lalitpur-Patan,Pulchowk Rd,Gaming-Console,4,2342.9835460359704
POS-02606,2023-10-14,Biratnagar-Main,Hospital Rd,Drone-HD,7,733.081996600388
POS-02607,2023-09-01,Lalitpur-Patan,Pulchowk Rd,Solar-Battery,3,4175.356083792684
POS-02608,2023-08-30,Biratnagar-Main,Hospital Rd,Smart-Hub,6,297.5055364139472
POS-02609,2023-09-13,Butwal-Chowk,Traffic Chowk E,4K-TV,8,2223.2189226041205
POS-02610,2023-10-06,Kathmandu-DurbarMarg,King's Way 101,Gaming-Console,4,2881.5256979268424
POS-02611,2023-08-09,Pokhara-Lakeside,Baidam Street 6,VR-Headset,5,1830.7242209507515
POS-02612,2023-04-21,Kathmandu-DurbarMarg,King's Way 101,Drone-HD,9,1265.885248837777
POS-02613,2023-08-28,Kathmandu-DurbarMarg,King's Way 101,Smart-Hub,9,1824.016818592192
POS-02614,2023-07-19,Pokhara-Lakeside,Baidam Street 6,Smart-Hub,1,2011.6723259411738
POS-02615,2023-01-29,Kathmandu-DurbarMarg,King's Way 101,Gaming-Console,5,629.5632560720056
POS-02616,2023-07-09,Biratnagar-Main,Hospital Rd,Gaming-Console,4,1583.1897971329593
POS-02617,2023-10-04,Kathmandu-DurbarMarg,King's Way 101,VR-Headset,9,3261.5088074915184
POS-02618,2023-11-10,Lalitpur-Patan,Pulchowk Rd,Drone-HD,4,4521.151680649555
POS-02619,2023-10-14,Butwal-Chowk,Traffic Chowk E,Smart-Hub,1,2495.6346290690794
POS-02620,2023-03-05,Pokhara-Lakeside,Baidam Street 6,4K-TV,1,3876.3386071330124
POS-02621,2023-04-18,Pokhara-Lakeside,Baidam Street 6,Smart-Hub,1,565.9959729562466
POS-02622,2023-02-22,Pokhara-Lakeside,Baidam Street 6,Solar-Battery,8,2613.3311414135082
POS-02623,2023-02-18,Biratnagar-Main,Hospital Rd,VR-Headset,1,255.31555737288966
POS-02624,2023-09-18,Butwal-Chowk,Traffic Chowk E,Smart-Hub,8,1400.2663326115103
POS-02625,2023-07-23,Butwal-Chowk,Traffic Chowk E,4K-TV,3,3035.8371470280827
POS-02626,2023-08-27,Butwal-Chowk,Traffic Chowk E,Solar-Battery,1,612.4991573673893
POS-02627,2023-11-16,Kathmandu-DurbarMarg,King's Way 101,Drone-HD,3,1516.4211503246652
POS-02628,2023-07-25,Biratnagar-Main,Hospital Rd,Gaming-Console,2,1226.9429440849658
POS-02629,2023-01-13,Kathmandu-DurbarMarg,King's Way 101,4K-TV,4,1185.4577645488969
POS-02630,2023-05-01,Lalitpur-Patan,Pulchowk Rd,Solar-Battery,1,1377.2059305711275
POS-02631,2023-06-22,Biratnagar-Main,Hospital Rd,Solar-Battery,6,2663.2487608898855
POS-02632,2023-03-28,Butwal-Chowk,Traffic Chowk E,Gaming-Console,1,830.2329751324629
POS-02633,2023-08-23,Kathmandu-DurbarMarg,King's Way 101,Gaming-Console,2,1879.901595457103
POS-02634,2023-08-05,Kathmandu-DurbarMarg,King's Way 101,Smart-Hub,8,3738.2768286620158
POS-02635,2023-12-14,Butwal-Chowk,Traffic Chowk E,Smart-Hub,8,1052.540611767545
POS-02636,2023-06-29,Biratnagar-Main,Hospital Rd,Gaming-Console,7,3688.7490409488796
POS-02637,2023-11-15,Pokhara-Lakeside,Baidam Street 6,Drone-HD,9,2289.7304966709353
POS-02638,2023-03-31,Lalitpur-Patan,Pulchowk Rd,Solar-Battery,9,888.7162981918854
POS-02639,2023-09-12,Pokhara-Lakeside,Baidam Street 6,Drone-HD,2,2615.4002619396533
POS-02640,2023-09-01,Biratnagar-Main,Hospital Rd,4K-TV,6,156.18124633238182
POS-02641,2023-03-19,Butwal-Chowk,Traffic Chowk E,4K-TV,1,4265.591921947396
POS-02642,2023-04-20,Biratnagar-Main,Hospital Rd,Gaming-Console,7,4148.614996117614
POS-02643,2023-11-01,Pokhara-Lakeside,Baidam Street 6,Gaming-Console,7,743.3769695143225
POS-02644,2023-03-24,Pokhara-Lakeside,Baidam Street 6,Smart-Hub,9,3745.3490664218925
POS-02645,2023-03-13,Lalitpur-Patan,Pulchowk Rd,Gaming-Console,4,2071.1260351403316
POS-02646,2023-07-03,Pokhara-Lakeside,Baidam Street 6,4K-TV,1,4534.786745081477
POS-02647,2023-09-08,Kathmandu-DurbarMarg,King's Way 101,Smart-Hub,5,2529.346349239177
POS-02648,2023-08-21,Lalitpur-Patan,Pulchowk Rd,4K-TV,7,4213.310262837251
POS-02649,2023-04-16,Pokhara-Lakeside,Baidam Street 6,VR-Headset,2,1497.863754962013
POS-02650,2023-11-03,Pokhara-Lakeside,Baidam Street 6,VR-Headset,9,742.9949757975807
POS-02651,2023-10-21,Pokhara-Lakeside,Baidam Street 6,VR-Headset,6,253.26335331933927
POS-02652,2023-08-28,Pokhara-Lakeside,Baidam Street 6,Gaming-Console,5,1851.8658193754538
POS-02653,2023-12-01,Biratnagar-Main,Hospital Rd,Smart-Hub,2,1826.5641491691747
POS-02654,2023-11-07,Lalitpur-Patan,Pulchowk Rd,Gaming-Console,6,1923.156511631041
POS-02655,2023-12-08,Butwal-Chowk,Traffic Chowk E,Drone-HD,6,407.64824453770774
POS-02656,2023-04-07,Kathmandu-DurbarMarg,King's Way 101,Gaming-Console,7,3863.1661914541937
POS-02657,2023-12-14,Biratnagar-Main,Hospital Rd,Gaming-Console,4,3907.3015071850823
POS-02658,2023-02-21,Butwal-Chowk,Traffic Chowk E,VR-Headset,6,923.0038543887907
POS-02659,2023-07-11,Kathmandu-DurbarMarg,King's Way 101,Drone-HD,2,4724.66947816362
POS-02660,2023-04-23,Kathmandu-DurbarMarg,King's Way 101,Gaming-Console,6,2488.5748550903286
POS-02661,2023-07-09,Butwal-Chowk,Traffic Chowk E,VR-Headset,3,1319.1414363664362
POS-02662,2023-06-10,Lalitpur-Patan,Pulchowk Rd,Gaming-Console,8,-70.11560020479256
POS-02663,2023-06-19,Biratnagar-Main,Hospital Rd,4K-TV,3,4515.740004211242
POS-02664,2023-08-27,Biratnagar-Main,Hospital Rd,4K-TV,8,2926.975734201007
POS-02665,2023-07-24,Pokhara-Lakeside,Baidam Street 6,Solar-Battery,2,4559.40344571854
POS-02666,2023-04-06,Lalitpur-Patan,Pulchowk Rd,Smart-Hub,1,4903.179947303713
POS-02667,2023-05-20,Kathmandu-DurbarMarg,King's Way 101,Solar-Battery,3,1827.248197205426
POS-02668,2023-07-09,Biratnagar-Main,Hospital Rd,Solar-Battery,2,1614.0083964608414
POS-02669,2023-05-14,Kathmandu-DurbarMarg,King's Way 101,Smart-Hub,5,4188.244601317298
POS-02670,2023-04-23,Butwal-Chowk,Traffic Chowk E,4K-TV,1,3683.2092849205096
POS-02671,2023-02-06,Butwal-Chowk,Traffic Chowk E,VR-Headset,3,4889.933357872712
POS-02672,2023-01-26,Butwal-Chowk,Traffic Chowk E,Gaming-Console,9,4881.685664780102
POS-02673,2023-06-25,Butwal-Chowk,Traffic Chowk E,4K-TV,2,3012.313130061858
POS-02674,2023-08-21,Lalitpur-Patan,Pulchowk Rd,4K-TV,8,3020.022560275984
POS-02675,2023-08-30,Pokhara-Lakeside,Baidam Street 6,Drone-HD,2,398.8257725421635
POS-02676,2023-08-07,Kathmandu-DurbarMarg,King's Way 101,Gaming-Console,9,1140.7789519606522
POS-02677,2023-10-12,Kathmandu-DurbarMarg,King's Way 101,Drone-HD,5,2069.338983452308
POS-02678,2023-06-02,Biratnagar-Main,Hospital Rd,Solar-Battery,2,3917.947489643091
POS-02679,2023-08-02,Kathmandu-DurbarMarg,King's Way 101,Drone-HD,4,1382.6797735378034
POS-02680,2023-11-09,Biratnagar-Main,Hospital Rd,Drone-HD,7,767.9729725802948
POS-02681,2023-10-10,Kathmandu-DurbarMarg,King's Way 101,VR-Headset,9,1735.4576848445147
POS-02682,2023-03-13,Pokhara-Lakeside,Baidam Street 6,Solar-Battery,8,3981.7169737898425
POS-02683,2023-02-23,Kathmandu-DurbarMarg,King's Way 101,Gaming-Console,2,1652.0572195677832
POS-02684,2023-04-29,Lalitpur-Patan,Pulchowk Rd,4K-TV,9,4505.6838386425525
POS-02685,2023-01-03,Pokhara-Lakeside,Baidam Street 6,Smart-Hub,7,255.8341062309775
POS-02686,2023-06-09,Kathmandu-DurbarMarg,King's Way 101,Drone-HD,1,2049.7319335279
POS-02687,2023-12-22,Pokhara-Lakeside,Baidam Street 6,Solar-Battery,3,4665.0284855904465
POS-02688,2023-03-16,Lalitpur-Patan,Pulchowk Rd,VR-Headset,5,391.3544216433713
POS-02689,2023-05-02,Kathmandu-DurbarMarg,King's Way 101,Solar-Battery,6,1075.2400835374551
POS-02690,2023-06-19,Kathmandu-DurbarMarg,King's Way 101,4K-TV,3,4610.082896353952
POS-02691,2023-11-13,Pokhara-Lakeside,Baidam Street 6,Solar-Battery,2,4169.105181376017
POS-02692,2023-06-03,Biratnagar-Main,Hospital Rd,4K-TV,2,3319.905052032678
POS-02693,2023-02-07,Lalitpur-Patan,Pulchowk Rd,Solar-Battery,5,2219.869316882219
POS-02694,2023-09-14,Lalitpur-Patan,Pulchowk Rd,VR-Headset,2,3185.643789382586
POS-02695,2023-01-17,Pokhara-Lakeside,Baidam Street 6,4K-TV,9,3177.147824828827
POS-02696,2023-09-28,Pokhara-Lakeside,Baidam Street 6,Solar-Battery,3,1279.0318645605485
POS-02697,2023-02-25,Kathmandu-DurbarMarg,King's Way 101,Smart-Hub,5,117.31072217711821
POS-02698,2023-09-19,Kathmandu-DurbarMarg,King's Way 101,Drone-HD,4,4772.76775181916
POS-02699,2023-09-08,Lalitpur-Patan,Pulchowk Rd,Gaming-Console,5,290.44921620189257
POS-02700,2023-03-01,Kathmandu-DurbarMarg,King's Way 101,4K-TV,6,4301.663917641631
POS-02701,2023-05-30,Pokhara-Lakeside,Baidam Street 6,Solar-Battery,8,1763.3908609414934
POS-02702,2023-11-10,Butwal-Chowk,Traffic Chowk E,Smart-Hub,2,2794.879122546942
POS-02703,2023-12-17,Pokhara-Lakeside,Baidam Street 6,Gaming-Console,2,1178.9990281352352
POS-02704,2023-04-26,Kathmandu-DurbarMarg,King's Way 101,Solar-Battery,7,1359.78715314957
POS-02705,2023-09-15,Butwal-Chowk,Traffic Chowk E,Solar-Battery,1,2140.613058919858
POS-02706,2023-09-21,Kathmandu-DurbarMarg,King's Way 101,Smart-Hub,9,336.1193942583705
POS-02707,2023-07-15,Pokhara-Lakeside,Baidam Street 6,Solar-Battery,4,1563.8784043217177
POS-02708,2023-11-17,Lalitpur-Patan,Pulchowk Rd,Solar-Battery,5,3953.029890104916
POS-02709,2023-12-08,Lalitpur-Patan,Pulchowk Rd,VR-Headset,4,2977.828467272392
POS-02710,2023-06-30,Biratnagar-Main,Hospital Rd,VR-Headset,8,868.996969757103
POS-02711,2023-06-13,Biratnagar-Main,Hospital Rd,Solar-Battery,9,489.25433409685684
POS-02712,2023-09-10,Lalitpur-Patan,Pulchowk Rd,VR-Headset,6,1385.6220657727458
POS-02713,2023-08-09,Kathmandu-DurbarMarg,King's Way 101,Drone-HD,9,2389.4697659389262
POS-02714,2023-08-09,Lalitpur-Patan,Pulchowk Rd,Smart-Hub,6,1126.5375464773742
POS-02715,2023-05-22,Biratnagar-Main,Hospital Rd,Smart-Hub,3,3818.911724422319
POS-02716,2023-12-26,Biratnagar-Main,Hospital Rd,Drone-HD,6,3416.6548556826815
POS-02717,2023-12-18,Butwal-Chowk,Traffic Chowk E,Smart-Hub,9,4620.64555846233
POS-02718,2023-12-02,Kathmandu-DurbarMarg,King's Way 101,Gaming-Console,9,1005.9539474919309
POS-02719,2023-01-18,Lalitpur-Patan,Pulchowk Rd,Solar-Battery,5,3203.9192541941175
POS-02720,2023-10-25,Lalitpur-Patan,Pulchowk Rd,Solar-Battery,5,4476.738298201189
POS-02721,2023-10-01,Biratnagar-Main,Hospital Rd,Drone-HD,3,3533.5143905231544
POS-02722,2023-02-01,Butwal-Chowk,Traffic Chowk E,Solar-Battery,2,4305.836977519012
POS-02723,2023-11-27,Biratnagar-Main,Hospital Rd,Smart-Hub,6,3910.50524551276
POS-02724,2023-04-04,Pokhara-Lakeside,Baidam Street 6,Smart-Hub,3,3001.1506484433608
POS-02725,2023-09-16,Kathmandu-DurbarMarg,King's Way 101,VR-Headset,3,2966.3904977154034
POS-02726,2023-03-13,Butwal-Chowk,Traffic Chowk E,4K-TV,3,3312.8580077183187
POS-02727,2023-11-25,Butwal-Chowk,Traffic Chowk E,Gaming-Console,2,3640.6150724211025
POS-02728,2023-09-14,Lalitpur-Patan,Pulchowk Rd,4K-TV,7,2686.4972448141357
POS-02729,2023-12-06,Pokhara-Lakeside,Baidam Street 6,Drone-HD,4,3433.632561081883
POS-02730,2023-10-21,Butwal-Chowk,Traffic Chowk E,Gaming-Console,8,1207.0190395866514
POS-02731,2023-04-23,Butwal-Chowk,Traffic Chowk E,Smart-Hub,3,3049.32477878619
POS-02732,2023-09-23,Biratnagar-Main,Hospital Rd,4K-TV,9,2327.4754647601026
POS-02733,2023-09-13,Lalitpur-Patan,Pulchowk Rd,Gaming-Console,8,3134.719297559711
POS-02734,2023-11-13,Pokhara-Lakeside,Baidam Street 6,VR-Headset,9,973.2122316137879
POS-02735,2023-06-14,Butwal-Chowk,Traffic Chowk E,Solar-Battery,6,4476.693336596347
POS-02736,2023-10-19,Pokhara-Lakeside,Baidam Street 6,VR-Headset,3,1041.8683864900358
POS-02737,2023-05-08,Lalitpur-Patan,Pulchowk Rd,Gaming-Console,6,1005.7353579576547
POS-02738,2023-12-07,Kathmandu-DurbarMarg,King's Way 101,Drone-HD,1,3671.995206688503
POS-02739,2023-01-24,Biratnagar-Main,Hospital Rd,Gaming-Console,4,3528.6362680035613
POS-02740,2023-05-04,Pokhara-Lakeside,Baidam Street 6,Gaming-Console,9,2383.065330866994
POS-02741,2023-11-20,Butwal-Chowk,Traffic Chowk E,Drone-HD,6,2773.9887442310123
POS-02742,2023-07-25,Butwal-Chowk,Traffic Chowk E,Solar-Battery,9,1743.2050538757398
POS-02743,2023-12-06,Kathmandu-DurbarMarg,King's Way 101,Solar-Battery,9,2626.9204939343967
POS-02744,2023-07-28,Kathmandu-DurbarMarg,King's Way 101,Gaming-Console,8,847.6560196707405
POS-02745,2023-06-02,Butwal-Chowk,Traffic Chowk E,Solar-Battery,2,3729.1245027986834
POS-02746,2023-08-21,Pokhara-Lakeside,Baidam Street 6,Gaming-Console,5,3865.6984461369325
POS-02747,2023-10-05,Kathmandu-DurbarMarg,King's Way 101,Smart-Hub,7,4189.952252905666
POS-02748,2023-11-15,Lalitpur-Patan,Pulchowk Rd,Solar-Battery,8,4486.663629162008
POS-02749,2023-03-16,Biratnagar-Main,Hospital Rd,Drone-HD,8,4334.378029278457
POS-02750,2023-08-23,Pokhara-Lakeside,Baidam Street 6,Gaming-Console,8,3896.77572713206
POS-02751,2023-09-22,Lalitpur-Patan,Pulchowk Rd,VR-Headset,1,3231.57871696125
POS-02752,2023-07-01,Kathmandu-DurbarMarg,King's Way 101,VR-Headset,4,1716.1643957568017
POS-02753,2023-03-30,Butwal-Chowk,Traffic Chowk E,Solar-Battery,4,4774.031375302166
POS-02754,2023-11-29,Biratnagar-Main,Hospital Rd,VR-Headset,8,2986.329083003505
POS-02755,2023-10-21,Biratnagar-Main,Hospital Rd,Solar-Battery,4,4544.250815986341
POS-02756,2023-11-03,Butwal-Chowk,Traffic Chowk E,4K-TV,3,3952.111747571244
POS-02757,2023-01-21,Kathmandu-DurbarMarg,King's Way 101,VR-Headset,1,313.1817589724045
POS-02758,2023-09-14,Pokhara-Lakeside,Baidam Street 6,Solar-Battery,5,1372.266530997007
POS-02759,2023-09-05,Pokhara-Lakeside,Baidam Street 6,VR-Headset,6,2625.586003940983
POS-02760,2023-03-23,Lalitpur-Patan,Pulchowk Rd,Drone-HD,3,11.48056054352611
POS-02761,2023-10-30,Pokhara-Lakeside,Baidam Street 6,Drone-HD,7,3885.649372805895
POS-02762,2023-04-17,Butwal-Chowk,Traffic Chowk E,4K-TV,9,4841.806902792528
POS-02763,2023-09-19,Biratnagar-Main,Hospital Rd,Gaming-Console,3,21.323485111096474
POS-02764,2023-08-12,Biratnagar-Main,Hospital Rd,Solar-Battery,3,3681.417088946658
POS-02765,2023-11-06,Butwal-Chowk,Traffic Chowk E,Solar-Battery,5,4928.122304681561
POS-02766,2023-01-07,Biratnagar-Main,Hospital Rd,Gaming-Console,2,285.0699407271207
POS-02767,2023-02-14,Lalitpur-Patan,Pulchowk Rd,Drone-HD,3,3280.3637281565047
POS-02768,2023-09-26,Pokhara-Lakeside,Baidam Street 6,Drone-HD,7,114.15177591402619
POS-02769,2023-07-09,Kathmandu-DurbarMarg,King's Way 101,Solar-Battery,5,1670.8648308590714
POS-02770,2023-10-25,Butwal-Chowk,Traffic Chowk E,VR-Headset,3,1548.5375894611464
POS-02771,2023-09-18,Biratnagar-Main,Hospital Rd,VR-Headset,1,4195.951200129712
POS-02772,2023-07-29,Pokhara-Lakeside,Baidam Street 6,4K-TV,4,4286.112194386174
POS-02773,2023-09-01,Biratnagar-Main,Hospital Rd,4K-TV,5,3173.7398834508763
POS-02774,2023-12-12,Pokhara-Lakeside,Baidam Street 6,Smart-Hub,9,4322.9209769055715
POS-02775,2023-07-30,Biratnagar-Main,Hospital Rd,Gaming-Console,7,762.32880305902
POS-02776,2023-05-16,Kathmandu-DurbarMarg,King's Way 101,VR-Headset,4,4293.478264739968
POS-02777,2023-10-28,Biratnagar-Main,Hospital Rd,Smart-Hub,7,2284.9340728620455
POS-02778,2023-09-28,Pokhara-Lakeside,Baidam Street 6,Smart-Hub,4,1267.0918167007958
POS-02779,2023-11-26,Lalitpur-Patan,Pulchowk Rd,Smart-Hub,8,4163.759698241561
POS-02780,2023-11-29,Kathmandu-DurbarMarg,King's Way 101,4K-TV,3,4194.797332623404
POS-02781,2023-10-23,Kathmandu-DurbarMarg,King's Way 101,Gaming-Console,5,267.7182112119691
POS-02782,2023-02-01,Butwal-Chowk,Traffic Chowk E,Solar-Battery,1,-72.66989464154466
POS-02783,2023-06-16,Lalitpur-Patan,Pulchowk Rd,Solar-Battery,4,2503.697761531106
POS-02784,2023-05-13,Pokhara-Lakeside,Baidam Street 6,Smart-Hub,7,160.0151315142216
POS-02785,2023-02-24,Butwal-Chowk,Traffic Chowk E,Gaming-Console,2,2933.366937028649
POS-02786,2023-10-31,Butwal-Chowk,Traffic Chowk E,Solar-Battery,2,3344.743009792195
POS-02787,2023-12-17,Biratnagar-Main,Hospital Rd,Smart-Hub,6,468.6436305749319
POS-02788,2023-07-19,Pokhara-Lakeside,Baidam Street 6,Solar-Battery,6,4629.739257650836
POS-02789,2023-06-05,Butwal-Chowk,Traffic Chowk E,Drone-HD,3,3211.6703094893055
POS-02790,2023-04-05,Pokhara-Lakeside,Baidam Street 6,VR-Headset,6,1438.9232094220906
POS-02791,2023-10-17,Lalitpur-Patan,Pulchowk Rd,Smart-Hub,8,2349.553552264427
POS-02792,2023-03-22,Kathmandu-DurbarMarg,King's Way 101,4K-TV,2,3034.4918806062697
POS-02793,2023-06-08,Pokhara-Lakeside,Baidam Street 6,4K-TV,4,1959.3048895164848
POS-02794,2023-11-27,Lalitpur-Patan,Pulchowk Rd,VR-Headset,2,284.57260467451
POS-02795,2023-04-22,Kathmandu-DurbarMarg,King's Way 101,Solar-Battery,1,672.8957799463287
POS-02796,2023-01-18,Lalitpur-Patan,Pulchowk Rd,VR-Headset,7,4860.1612960363145
POS-02797,2023-02-02,Biratnagar-Main,Hospital Rd,4K-TV,1,1385.2132184169855
POS-02798,2023-08-19,Lalitpur-Patan,Pulchowk Rd,Drone-HD,3,847.0963937368783
POS-02799,2023-10-28,Kathmandu-DurbarMarg,King's Way 101,Solar-Battery,7,2683.76267940224
POS-02800,2023-12-19,Butwal-Chowk,Traffic Chowk E,Gaming-Console,9,327.69179479359445
POS-02801,2023-07-16,Butwal-Chowk,Traffic Chowk E,VR-Headset,8,1481.6601522706942
POS-02802,2023-05-16,Butwal-Chowk,Traffic Chowk E,Gaming-Console,7,1113.926432728698
POS-02803,2023-10-24,Biratnagar-Main,Hospital Rd,Smart-Hub,9,4825.144323485386
POS-02804,2023-02-01,Pokhara-Lakeside,Baidam Street 6,VR-Headset,7,3891.6350285161666
POS-02805,2023-01-17,Lalitpur-Patan,Pulchowk Rd,VR-Headset,2,1417.9989565463395
POS-02806,2023-06-12,Pokhara-Lakeside,Baidam Street 6,Drone-HD,9,2315.7744944412225
POS-02807,2023-02-15,Kathmandu-DurbarMarg,King's Way 101,Gaming-Console,1,3335.3303368701854
POS-02808,2023-02-26,Pokhara-Lakeside,Baidam Street 6,VR-Headset,8,3689.847693514934
POS-02809,2023-02-22,Kathmandu-DurbarMarg,King's Way 101,Solar-Battery,7,4972.276221449905
POS-02810,2023-11-19,Lalitpur-Patan,Pulchowk Rd,VR-Headset,7,3226.506651238618
POS-02811,2023-09-30,Kathmandu-DurbarMarg,King's Way 101,VR-Headset,1,1381.449177079569
POS-02812,2023-09-03,Pokhara-Lakeside,Baidam Street 6,Solar-Battery,7,3848.0780714598613
POS-02813,2023-11-26,Pokhara-Lakeside,Baidam Street 6,Gaming-Console,4,222.22458882277368
POS-02814,2023-11-01,Pokhara-Lakeside,Baidam Street 6,Gaming-Console,4,4703.359983928732
POS-02815,2023-03-18,Pokhara-Lakeside,Baidam Street 6,Drone-HD,1,226.75178606538606
POS-02816,2023-03-05,Biratnagar-Main,Hospital Rd,VR-Headset,9,1501.5662017728255
POS-02817,2023-02-16,Butwal-Chowk,Traffic Chowk E,Drone-HD,6,4364.590828007785
POS-02818,2023-03-08,Butwal-Chowk,Traffic Chowk E,Smart-Hub,9,361.0013263715372
POS-02819,2023-05-14,Kathmandu-DurbarMarg,King's Way 101,Smart-Hub,2,2685.899990046897
POS-02820,2023-08-02,Lalitpur-Patan,Pulchowk Rd,Gaming-Console,5,2331.476373122496
POS-02821,2023-06-21,Butwal-Chowk,Traffic Chowk E,4K-TV,4,2789.4117893526113
POS-02822,2023-12-12,Biratnagar-Main,Hospital Rd,Drone-HD,7,2554.2095675131354
POS-02823,2023-12-08,Butwal-Chowk,Traffic Chowk E,Smart-Hub,6,1493.099675229473
POS-02824,2023-06-21,Butwal-Chowk,Traffic Chowk E,Gaming-Console,2,4457.320445114536
POS-02825,2023-01-09,Butwal-Chowk,Traffic Chowk E,Smart-Hub,6,426.2756939922416
POS-02826,2023-12-14,Biratnagar-Main,Hospital Rd,Smart-Hub,7,3610.815403471802
POS-02827,2023-02-24,Butwal-Chowk,Traffic Chowk E,Smart-Hub,6,1147.643328772461
POS-02828,2023-09-29,Kathmandu-DurbarMarg,King's Way 101,Drone-HD,7,587.0347066891921
POS-02829,2023-04-04,Kathmandu-DurbarMarg,King's Way 101,Solar-Battery,1,4953.830319827174
POS-02830,2023-01-24,Pokhara-Lakeside,Baidam Street 6,Smart-Hub,8,124.23978822052456
POS-02831,2023-07-08,Butwal-Chowk,Traffic Chowk E,Gaming-Console,7,2181.220934064444
POS-02832,2023-03-28,Lalitpur-Patan,Pulchowk Rd,Gaming-Console,8,4250.571888842981
POS-02833,2023-08-21,Pokhara-Lakeside,Baidam Street 6,VR-Headset,7,1217.9864695003052
POS-02834,2023-01-20,Pokhara-Lakeside,Baidam Street 6,Solar-Battery,6,4724.750357977452
POS-02835,2023-10-29,Pokhara-Lakeside,Baidam Street 6,VR-Headset,6,2387.7906106879573
POS-02836,2023-08-05,Pokhara-Lakeside,Baidam Street 6,Drone-HD,3,178.931178462827
POS-02837,2023-06-14,Kathmandu-DurbarMarg,King's Way 101,Solar-Battery,5,857.1846938514018
POS-02838,2023-10-23,Biratnagar-Main,Hospital Rd,Smart-Hub,4,26.240216073078543
POS-02839,2023-06-11,Biratnagar-Main,Hospital Rd,4K-TV,9,1048.927513912182
POS-02840,2023-01-19,Butwal-Chowk,Traffic Chowk E,Drone-HD,8,1366.9383194511129
POS-02841,2023-10-28,Pokhara-Lakeside,Baidam Street 6,Solar-Battery,4,4293.916608138005
POS-02842,2023-09-01,Pokhara-Lakeside,Baidam Street 6,Gaming-Console,4,92.01169260853524
POS-02843,2023-06-08,Pokhara-Lakeside,Baidam Street 6,Solar-Battery,5,1297.1334685211987
POS-02844,2023-12-20,Lalitpur-Patan,Pulchowk Rd,Solar-Battery,8,2391.024765648277
POS-02845,2023-05-22,Kathmandu-DurbarMarg,King's Way 101,Solar-Battery,8,4786.751539983888
POS-02846,2023-06-03,Kathmandu-DurbarMarg,King's Way 101,4K-TV,8,1697.4123380347457
POS-02847,2023-07-06,Butwal-Chowk,Traffic Chowk E,Gaming-Console,2,1890.4705737576305
POS-02848,2023-02-05,Butwal-Chowk,Traffic Chowk E,Gaming-Console,8,3869.263499917142
POS-02849,2023-10-27,Pokhara-Lakeside,Baidam Street 6,Drone-HD,2,4455.824628808832
POS-02850,2023-04-21,Butwal-Chowk,Traffic Chowk E,Solar-Battery,4,846.2762553992301
POS-02851,2023-08-16,Butwal-Chowk,Traffic Chowk E,Solar-Battery,2,2249.851579328927
POS-02852,2023-01-26,Lalitpur-Patan,Pulchowk Rd,Gaming-Console,7,803.6277768291735
POS-02853,2023-06-24,Lalitpur-Patan,Pulchowk Rd,Gaming-Console,8,1681.6618338103349
POS-02854,2023-06-18,Butwal-Chowk,Traffic Chowk E,Gaming-Console,6,4840.045729342024
POS-02855,2023-05-23,Lalitpur-Patan,Pulchowk Rd,Gaming-Console,1,801.9587950864257
POS-02856,2023-03-07,Kathmandu-DurbarMarg,King's Way 101,4K-TV,2,1531.5714169273385
POS-02857,2023-04-29,Lalitpur-Patan,Pulchowk Rd,Drone-HD,8,4304.001751459301
POS-02858,2023-05-07,Butwal-Chowk,Traffic Chowk E,Smart-Hub,2,2296.443375395758
POS-02859,2023-07-23,Pokhara-Lakeside,Baidam Street 6,Gaming-Console,9,247.4990790524434
POS-02860,2023-10-05,Biratnagar-Main,Hospital Rd,4K-TV,5,2783.0875446200366
POS-02861,2023-02-18,Biratnagar-Main,Hospital Rd,Solar-Battery,8,2792.1931592840697
POS-02862,2023-12-20,Butwal-Chowk,Traffic Chowk E,4K-TV,4,109.88155381315161
POS-02863,2023-09-23,Butwal-Chowk,Traffic Chowk E,VR-Headset,3,4579.95643150996
POS-02864,2023-10-09,Pokhara-Lakeside,Baidam Street 6,Solar-Battery,2,3102.9646522420367
POS-02865,2023-11-11,Kathmandu-DurbarMarg,King's Way 101,Smart-Hub,6,2592.225130934333
POS-02866,2023-12-21,Pokhara-Lakeside,Baidam Street 6,Smart-Hub,8,249.0804183583112
POS-02867,2023-12-11,Biratnagar-Main,Hospital Rd,VR-Headset,3,3251.122888371392
POS-02868,2023-05-07,Kathmandu-DurbarMarg,King's Way 101,4K-TV,6,1534.782670260949
POS-02869,2023-10-15,Butwal-Chowk,Traffic Chowk E,Smart-Hub,5,786.6772780640338
POS-02870,2023-01-26,Butwal-Chowk,Traffic Chowk E,Solar-Battery,1,1876.114532554157
POS-02871,2023-07-27,Biratnagar-Main,Hospital Rd,Gaming-Console,6,4425.205738878717
POS-02872,2023-06-21,Kathmandu-DurbarMarg,King's Way 101,VR-Headset,9,1125.463098591426
POS-02873,2023-11-04,Butwal-Chowk,Traffic Chowk E,4K-TV,2,3813.589923166606
POS-02874,2023-11-28,Kathmandu-DurbarMarg,King's Way 101,Drone-HD,7,640.1667264518778
POS-02875,2023-06-20,Biratnagar-Main,Hospital Rd,Gaming-Console,5,1999.3983278627911
POS-02876,2023-11-12,Butwal-Chowk,Traffic Chowk E,Smart-Hub,8,4061.559929591416
POS-02877,2023-09-27,Pokhara-Lakeside,Baidam Street 6,Drone-HD,4,1043.3228500281878
POS-02878,2023-05-15,Biratnagar-Main,Hospital Rd,Solar-Battery,9,4082.7259425580523
POS-02879,2023-06-18,Pokhara-Lakeside,Baidam Street 6,Drone-HD,4,1040.6517252789047
POS-02880,2023-09-11,Pokhara-Lakeside,Baidam Street 6,Drone-HD,8,1119.9063929310068
POS-02881,2023-09-25,Pokhara-Lakeside,Baidam Street 6,Solar-Battery,2,2677.531348719813
POS-02882,2023-08-26,Butwal-Chowk,Traffic Chowk E,Drone-HD,1,2860.228723293527
POS-02883,2023-11-07,Biratnagar-Main,Hospital Rd,Gaming-Console,6,3267.036812162483
POS-02884,2023-01-16,Pokhara-Lakeside,Baidam Street 6,Gaming-Console,6,3228.7280900986
POS-02885,2023-11-22,Pokhara-Lakeside,Baidam Street 6,4K-TV,9,4886.374488558736
POS-02886,2023-12-09,Pokhara-Lakeside,Baidam Street 6,Smart-Hub,6,154.79943616859686
POS-02887,2023-02-02,Pokhara-Lakeside,Baidam Street 6,Gaming-Console,6,1200.6531305533424
POS-02888,2023-09-27,Butwal-Chowk,Traffic Chowk E,Gaming-Console,5,3433.28384464597
POS-02889,2023-02-10,Kathmandu-DurbarMarg,King's Way 101,Gaming-Console,9,1114.2469711205174
POS-02890,2023-01-23,Kathmandu-DurbarMarg,King's Way 101,Gaming-Console,6,242.76683944344632
POS-02891,2023-02-24,Lalitpur-Patan,Pulchowk Rd,Gaming-Console,6,2910.4824807082164
POS-02892,2023-04-28,Biratnagar-Main,Hospital Rd,VR-Headset,4,1247.8979184058521
POS-02893,2023-12-06,Lalitpur-Patan,Pulchowk Rd,Drone-HD,4,1956.9107967023497
POS-02894,2023-01-08,Pokhara-Lakeside,Baidam Street 6,VR-Headset,9,4663.260369777781
POS-02895,2023-09-05,Pokhara-Lakeside,Baidam Street 6,Drone-HD,6,396.4354101768311
POS-02896,2023-07-30,Butwal-Chowk,Traffic Chowk E,Smart-Hub,3,1628.412529949723
POS-02897,2023-03-25,Butwal-Chowk,Traffic Chowk E,Smart-Hub,2,4795.248514162856
POS-02898,2023-10-12,Butwal-Chowk,Traffic Chowk E,Drone-HD,5,461.58794666973927
POS-02899,2023-12-15,Pokhara-Lakeside,Baidam Street 6,Drone-HD,2,1027.2896211842137
POS-02900,2023-06-30,Kathmandu-DurbarMarg,King's Way 101,VR-Headset,4,2715.2745183292977
POS-02901,2023-04-02,Lalitpur-Patan,Pulchowk Rd,Solar-Battery,3,1401.6050497544318
POS-02902,2023-08-18,Biratnagar-Main,Hospital Rd,Drone-HD,3,1314.6836887947627
POS-02903,2023-03-28,Biratnagar-Main,Hospital Rd,4K-TV,7,3744.4003406544366
POS-02904,2023-05-20,Kathmandu-DurbarMarg,King's Way 101,Solar-Battery,5,2175.1403244715107
POS-02905,2023-08-01,Butwal-Chowk,Traffic Chowk E,VR-Headset,4,3667.9394644547633
POS-02906,2023-09-08,Kathmandu-DurbarMarg,King's Way 101,4K-TV,4,2305.136892185704
POS-02907,2023-05-21,Biratnagar-Main,Hospital Rd,VR-Headset,3,1888.0499188099213
POS-02908,2023-11-21,Pokhara-Lakeside,Baidam Street 6,Solar-Battery,1,2913.152436440099
POS-02909,2023-10-07,Biratnagar-Main,Hospital Rd,Solar-Battery,3,107.25222278000984
POS-02910,2023-09-21,Butwal-Chowk,Traffic Chowk E,Smart-Hub,5,2559.7246134830116
POS-02911,2023-11-30,Lalitpur-Patan,Pulchowk Rd,Solar-Battery,7,89.5406361396837
POS-02912,2023-11-23,Pokhara-Lakeside,Baidam Street 6,Gaming-Console,2,751.3967874685088
POS-02913,2023-04-08,Pokhara-Lakeside,Baidam Street 6,Solar-Battery,3,1602.831175157719
POS-02914,2023-12-22,Biratnagar-Main,Hospital Rd,VR-Headset,1,4320.088576284276
POS-02915,2023-06-07,Biratnagar-Main,Hospital Rd,Gaming-Console,2,3644.6436335762264
POS-02916,2023-06-18,Biratnagar-Main,Hospital Rd,Drone-HD,2,3377.6512078868004
POS-02917,2023-07-26,Pokhara-Lakeside,Baidam Street 6,Gaming-Console,9,2815.173645278641
POS-02918,2023-03-07,Kathmandu-DurbarMarg,King's Way 101,VR-Headset,9,1157.2162931602563
POS-02919,2023-06-22,Biratnagar-Main,Hospital Rd,Gaming-Console,8,4870.761877340921
POS-02920,2023-12-01,Biratnagar-Main,Hospital Rd,4K-TV,1,1802.1830818735507
POS-02921,2023-12-07,Pokhara-Lakeside,Baidam Street 6,Solar-Battery,7,3027.3427546393973
POS-02922,2023-03-31,Butwal-Chowk,Traffic Chowk E,Drone-HD,6,1363.99942196161
POS-02923,2023-02-02,Biratnagar-Main,Hospital Rd,Solar-Battery,7,1055.4416196703255
POS-02924,2023-05-11,Butwal-Chowk,Traffic Chowk E,Gaming-Console,4,3428.6906283360768
POS-02925,2023-11-08,Biratnagar-Main,Hospital Rd,Smart-Hub,9,1273.4172659651738
POS-02926,2023-10-08,Lalitpur-Patan,Pulchowk Rd,VR-Headset,4,1694.2137428374906
POS-02927,2023-08-23,Kathmandu-DurbarMarg,King's Way 101,4K-TV,8,2813.3691284935985
POS-02928,2023-05-10,Butwal-Chowk,Traffic Chowk E,Solar-Battery,2,4918.982066629074
POS-02929,2023-08-27,Kathmandu-DurbarMarg,King's Way 101,Smart-Hub,1,4423.8727141427335
POS-02930,2023-05-17,Pokhara-Lakeside,Baidam Street 6,Smart-Hub,7,980.9002851462676
POS-02931,2023-10-30,Lalitpur-Patan,Pulchowk Rd,Drone-HD,3,4275.3623199156345
POS-02932,2023-12-10,Lalitpur-Patan,Pulchowk Rd,4K-TV,4,2232.598128826483
POS-02933,2023-03-12,Kathmandu-DurbarMarg,King's Way 101,4K-TV,4,3484.222925147153
POS-02934,2023-04-06,Pokhara-Lakeside,Baidam Street 6,VR-Headset,7,1040.4586520722708
POS-02935,2023-08-18,Kathmandu-DurbarMarg,King's Way 101,Solar-Battery,3,4283.839536504705
POS-02936,2023-10-10,Lalitpur-Patan,Pulchowk Rd,Solar-Battery,2,4792.351606255123
POS-02937,2023-06-26,Lalitpur-Patan,Pulchowk Rd,Solar-Battery,7,360.2578486567278
POS-02938,2023-10-22,Butwal-Chowk,Traffic Chowk E,Solar-Battery,3,2366.3350483809622
POS-02939,2023-10-13,Kathmandu-DurbarMarg,King's Way 101,4K-TV,2,4277.118986937321
POS-02940,2023-11-12,Butwal-Chowk,Traffic Chowk E,Solar-Battery,6,4696.250679022829
POS-02941,2023-07-24,Butwal-Chowk,Traffic Chowk E,Solar-Battery,9,4199.364395453581
POS-02942,2023-11-19,Pokhara-Lakeside,Baidam Street 6,Smart-Hub,3,2975.730968898246
POS-02943,2023-08-29,Pokhara-Lakeside,Baidam Street 6,4K-TV,6,3072.9337341261275
POS-02944,2023-10-17,Pokhara-Lakeside,Baidam Street 6,VR-Headset,4,2038.8044340302285
POS-02945,2023-04-13,Pokhara-Lakeside,Baidam Street 6,4K-TV,7,668.8693400817218
POS-02946,2023-02-06,Biratnagar-Main,Hospital Rd,VR-Headset,8,700.0337824953411
POS-02947,2023-07-26,Pokhara-Lakeside,Baidam Street 6,VR-Headset,8,1388.2294163548363
POS-02948,2023-06-09,Pokhara-Lakeside,Baidam Street 6,4K-TV,9,4778.303651246256
POS-02949,2023-02-14,Pokhara-Lakeside,Baidam Street 6,Solar-Battery,2,4717.1760480216835
POS-02950,2023-09-18,Kathmandu-DurbarMarg,King's Way 101,VR-Headset,7,2138.92915737388
POS-02951,2023-12-15,Lalitpur-Patan,Pulchowk Rd,Gaming-Console,5,1525.6130930512002
POS-02952,2023-08-25,Biratnagar-Main,Hospital Rd,Solar-Battery,3,810.3757404474267
POS-02953,2023-09-01,Pokhara-Lakeside,Baidam Street 6,Drone-HD,3,1137.9894033367714
POS-02954,2023-02-04,Biratnagar-Main,Hospital Rd,Smart-Hub,9,736.3645366587932
POS-02955,2023-03-31,Biratnagar-Main,Hospital Rd,VR-Headset,7,3439.6440687537493
POS-02956,2023-05-18,Pokhara-Lakeside,Baidam Street 6,Solar-Battery,6,1623.997641039903
POS-02957,2023-05-29,Pokhara-Lakeside,Baidam Street 6,4K-TV,4,13.23615324442568
POS-02958,2023-12-24,Pokhara-Lakeside,Baidam Street 6,VR-Headset,3,1373.8837331256982
POS-02959,2023-08-21,Biratnagar-Main,Hospital Rd,Solar-Battery,2,3001.0148448450273
POS-02960,2023-05-01,Kathmandu-DurbarMarg,King's Way 101,Gaming-Console,8,1699.8301611931736
POS-02961,2023-08-17,Butwal-Chowk,Traffic Chowk E,Gaming-Console,4,2262.6516553777246
POS-02962,2023-04-28,Kathmandu-DurbarMarg,King's Way 101,VR-Headset,5,4373.4534744919465
POS-02963,2023-04-25,Kathmandu-DurbarMarg,King's Way 101,Smart-Hub,3,2478.8709174953115
POS-02964,2023-07-02,Butwal-Chowk,Traffic Chowk E,Gaming-Console,9,2203.3560038424853
POS-02965,2023-06-13,Butwal-Chowk,Traffic Chowk E,Smart-Hub,3,1640.4992713013455
POS-02966,2023-02-22,Lalitpur-Patan,Pulchowk Rd,Smart-Hub,6,339.40258821288256
POS-02967,2023-10-26,Pokhara-Lakeside,Baidam Street 6,Solar-Battery,2,1146.0809946485458
POS-02968,2023-10-02,Kathmandu-DurbarMarg,King's Way 101,Gaming-Console,1,1127.5573801941423
POS-02969,2023-01-18,Pokhara-Lakeside,Baidam Street 6,4K-TV,3,1190.603799171044
POS-02970,2023-07-17,Kathmandu-DurbarMarg,King's Way 101,Solar-Battery,5,1787.7681158469309
POS-02971,2023-07-12,Butwal-Chowk,Traffic Chowk E,Solar-Battery,6,812.1535857299672
POS-02972,2023-03-26,Kathmandu-DurbarMarg,King's Way 101,Smart-Hub,6,698.4522330468216
POS-02973,2023-05-10,Lalitpur-Patan,Pulchowk Rd,Drone-HD,1,3159.5613750502034
POS-02974,2023-08-31,Pokhara-Lakeside,Baidam Street 6,4K-TV,5,1512.9242352480271
POS-02975,2023-02-03,Pokhara-Lakeside,Baidam Street 6,Smart-Hub,4,1315.2325604354755
POS-02976,2023-08-12,Kathmandu-DurbarMarg,King's Way 101,Gaming-Console,8,3220.7288277965818
POS-02977,2023-02-02,Lalitpur-Patan,Pulchowk Rd,Gaming-Console,4,3710.642547515212
POS-02978,2023-05-21,Kathmandu-DurbarMarg,King's Way 101,Solar-Battery,5,4961.392794886125
POS-02979,2023-11-05,Biratnagar-Main,Hospital Rd,Smart-Hub,5,2926.2701055946677
POS-02980,2023-05-15,Butwal-Chowk,Traffic Chowk E,Gaming-Console,8,2891.140046885302
POS-02981,2023-05-14,Lalitpur-Patan,Pulchowk Rd,VR-Headset,8,410.2005680337975
POS-02982,2023-06-05,Lalitpur-Patan,Pulchowk Rd,4K-TV,5,568.1271403676736
POS-02983,2023-01-23,Kathmandu-DurbarMarg,King's Way 101,Drone-HD,7,2904.0939491907066
POS-02984,2023-03-26,Pokhara-Lakeside,Baidam Street 6,4K-TV,2,2323.312685025732
POS-02985,2023-02-03,Biratnagar-Main,Hospital Rd,Solar-Battery,1,2724.320534850368
POS-02986,2023-04-18,Biratnagar-Main,Hospital Rd,Gaming-Console,1,4611.043651342938
POS-02987,2023-04-06,Biratnagar-Main,Hospital Rd,Smart-Hub,9,217.58093929042758
POS-02988,2023-08-25,Kathmandu-DurbarMarg,King's Way 101,4K-TV,1,4103.375228091875
POS-02989,2023-07-27,Butwal-Chowk,Traffic Chowk E,Smart-Hub,1,2292.193851065284
POS-02990,2023-10-02,Biratnagar-Main,Hospital Rd,4K-TV,8,3079.8662313498367
POS-02991,2023-05-15,Biratnagar-Main,Hospital Rd,Drone-HD,5,4928.19554003115
POS-02992,2023-10-13,Butwal-Chowk,Traffic Chowk E,Drone-HD,8,2409.6463066168976
POS-02993,2023-11-26,Pokhara-Lakeside,Baidam Street 6,4K-TV,1,2006.4940029835261
POS-02994,2023-05-24,Lalitpur-Patan,Pulchowk Rd,Smart-Hub,7,3310.213699903838
POS-02995,2023-04-03,Kathmandu-DurbarMarg,King's Way 101,4K-TV,6,4358.045081627746
POS-02996,2023-12-14,Biratnagar-Main,Hospital Rd,Gaming-Console,4,2290.0605507442183
POS-02997,2023-12-24,Butwal-Chowk,Traffic Chowk E,VR-Headset,9,1908.2957004662937
POS-02998,2023-12-15,Pokhara-Lakeside,Baidam Street 6,Gaming-Console,7,4153.770996132126
POS-02999,2023-04-23,Lalitpur-Patan,Pulchowk Rd,Solar-Battery,6,3632.9429864980393
POS-03000,2023-03-18,Butwal-Chowk,Traffic Chowk E,Gaming-Console,9,2343.4298152510555
POS-03001,2023-06-21,Biratnagar-Main,Hospital Rd,4K-TV,2,4060.523801354924
POS-03002,2023-07-17,Butwal-Chowk,Traffic Chowk E,Drone-HD,2,3060.3862133785747
POS-03003,2023-08-12,Pokhara-Lakeside,Baidam Street 6,Gaming-Console,1,4923.476146232897
POS-03004,2023-01-24,Biratnagar-Main,Hospital Rd,Drone-HD,5,421.7929257380463
POS-03005,2023-10-04,Biratnagar-Main,Hospital Rd,Smart-Hub,7,4642.159302216071
POS-03006,2023-06-25,Biratnagar-Main,Hospital Rd,Gaming-Console,2,1243.2876341599115
POS-03007,2023-10-11,Lalitpur-Patan,Pulchowk Rd,Smart-Hub,5,4140.512445386306
POS-03008,2023-09-13,Kathmandu-DurbarMarg,King's Way 101,4K-TV,6,3456.708496379228
POS-03009,2023-04-10,Lalitpur-Patan,Pulchowk Rd,Solar-Battery,8,3262.4525073878985
POS-03010,2023-05-04,Lalitpur-Patan,Pulchowk Rd,Drone-HD,6,1870.8260806109406
POS-03011,2023-02-27,Pokhara-Lakeside,Baidam Street 6,Drone-HD,4,1973.1369042626752
POS-03012,2023-01-10,Biratnagar-Main,Hospital Rd,Drone-HD,3,1419.257874960409
POS-03013,2023-07-24,Pokhara-Lakeside,Baidam Street 6,Smart-Hub,4,4574.184301143351
POS-03014,2023-05-18,Lalitpur-Patan,Pulchowk Rd,Gaming-Console,5,3270.7787205979553
POS-03015,2023-07-16,Pokhara-Lakeside,Baidam Street 6,Solar-Battery,5,3737.3027343823105
POS-03016,2023-06-24,Biratnagar-Main,Hospital Rd,Gaming-Console,1,4231.705754936132
POS-03017,2023-11-20,Lalitpur-Patan,Pulchowk Rd,Solar-Battery,1,2545.3511892704596
POS-03018,2023-03-15,Kathmandu-DurbarMarg,King's Way 101,Drone-HD,4,3126.149272203324
POS-03019,2023-02-06,Butwal-Chowk,Traffic Chowk E,Solar-Battery,7,332.91435386969954
POS-03020,2023-02-26,Butwal-Chowk,Traffic Chowk E,VR-Headset,3,2263.485607024994
POS-03021,2023-01-28,Pokhara-Lakeside,Baidam Street 6,Smart-Hub,5,3973.473979729566
POS-03022,2023-01-27,Pokhara-Lakeside,Baidam Street 6,Gaming-Console,5,2911.4130022460395
POS-03023,2023-03-19,Lalitpur-Patan,Pulchowk Rd,VR-Headset,5,1142.2731719604733
POS-03024,2023-09-22,Biratnagar-Main,Hospital Rd,Drone-HD,6,684.6515261066702
POS-03025,2023-10-24,Biratnagar-Main,Hospital Rd,Solar-Battery,2,791.6790594137817
POS-03026,2023-05-15,Butwal-Chowk,Traffic Chowk E,VR-Headset,3,2140.557046271935
POS-03027,2023-06-17,Kathmandu-DurbarMarg,King's Way 101,Gaming-Console,6,310.3588936930509
POS-03028,2023-12-15,Kathmandu-DurbarMarg,King's Way 101,Drone-HD,5,2351.0628099767555
POS-03029,2023-11-01,Lalitpur-Patan,Pulchowk Rd,Gaming-Console,7,4917.120879555087
POS-03030,2023-04-17,Lalitpur-Patan,Pulchowk Rd,Smart-Hub,7,4923.107045123748
POS-03031,2023-01-18,Pokhara-Lakeside,Baidam Street 6,Gaming-Console,4,786.703815315098
POS-03032,2023-03-12,Lalitpur-Patan,Pulchowk Rd,Gaming-Console,1,519.1614330487505
POS-03033,2023-01-19,Lalitpur-Patan,Pulchowk Rd,Solar-Battery,4,1259.0351114161892
POS-03034,2023-01-28,Lalitpur-Patan,Pulchowk Rd,VR-Headset,6,3817.400701756188
POS-03035,2023-03-20,Kathmandu-DurbarMarg,King's Way 101,Solar-Battery,4,3106.9273973546497
POS-03036,2023-01-04,Pokhara-Lakeside,Baidam Street 6,VR-Headset,9,2590.030462823209
POS-03037,2023-03-27,Lalitpur-Patan,Pulchowk Rd,Smart-Hub,6,2994.2079379941283
POS-03038,2023-08-25,Lalitpur-Patan,Pulchowk Rd,Gaming-Console,5,2723.089403721767
POS-03039,2023-06-12,Butwal-Chowk,Traffic Chowk E,4K-TV,5,2283.7854559002344
POS-03040,2023-06-06,Kathmandu-DurbarMarg,King's Way 101,4K-TV,2,1599.2832554889167
POS-03041,2023-05-06,Biratnagar-Main,Hospital Rd,Solar-Battery,6,2236.9798963043636
POS-03042,2023-07-22,Pokhara-Lakeside,Baidam Street 6,Smart-Hub,9,4864.633588862711
POS-03043,2023-02-01,Pokhara-Lakeside,Baidam Street 6,VR-Headset,5,72.85001066030463
POS-03044,2023-05-08,Biratnagar-Main,Hospital Rd,4K-TV,6,72.36881223107346
POS-03045,2023-05-10,Kathmandu-DurbarMarg,King's Way 101,Gaming-Console,1,4850.929443866565
POS-03046,2023-10-24,Butwal-Chowk,Traffic Chowk E,Gaming-Console,2,1486.698917177648
POS-03047,2023-05-30,Pokhara-Lakeside,Baidam Street 6,Gaming-Console,9,4792.555562415404
POS-03048,2023-04-06,Lalitpur-Patan,Pulchowk Rd,Gaming-Console,4,2797.8457773245195
POS-03049,2023-10-26,Biratnagar-Main,Hospital Rd,Drone-HD,9,1209.4292483924005
POS-03050,2023-03-11,Pokhara-Lakeside,Baidam Street 6,Smart-Hub,4,1527.3444739396357
POS-03051,2023-04-02,Pokhara-Lakeside,Baidam Street 6,Drone-HD,3,4718.188618545856
POS-03052,2023-08-20,Pokhara-Lakeside,Baidam Street 6,Smart-Hub,3,-92.23480814188103
POS-03053,2023-06-28,Biratnagar-Main,Hospital Rd,Gaming-Console,7,2156.001741552307
POS-03054,2023-11-29,Biratnagar-Main,Hospital Rd,Drone-HD,2,2885.487811994993
POS-03055,2023-07-23,Pokhara-Lakeside,Baidam Street 6,4K-TV,8,2556.8569905767295
POS-03056,2023-03-11,Kathmandu-DurbarMarg,King's Way 101,Drone-HD,1,1771.251267814072
POS-03057,2023-09-29,Kathmandu-DurbarMarg,King's Way 101,Gaming-Console,2,4271.363708405195
POS-03058,2023-04-30,Kathmandu-DurbarMarg,King's Way 101,Drone-HD,8,1379.9370187696743
POS-03059,2023-02-20,Pokhara-Lakeside,Baidam Street 6,Solar-Battery,1,1386.7819096454834
POS-03060,2023-04-18,Kathmandu-DurbarMarg,King's Way 101,VR-Headset,7,3386.1513613445604
POS-03061,2023-11-15,Butwal-Chowk,Traffic Chowk E,VR-Headset,6,-38.55566641667898
POS-03062,2023-10-24,Biratnagar-Main,Hospital Rd,4K-TV,1,1027.6526755165933
POS-03063,2023-10-02,Pokhara-Lakeside,Baidam Street 6,VR-Headset,6,4080.4418133357503
POS-03064,2023-05-01,Kathmandu-DurbarMarg,King's Way 101,VR-Headset,3,1428.694253351156
POS-03065,2023-07-24,Biratnagar-Main,Hospital Rd,4K-TV,6,4127.539867065984
POS-03066,2023-04-29,Biratnagar-Main,Hospital Rd,Solar-Battery,2,1190.815094339874
POS-03067,2023-10-02,Pokhara-Lakeside,Baidam Street 6,VR-Headset,6,4073.537225341368
POS-03068,2023-08-04,Butwal-Chowk,Traffic Chowk E,VR-Headset,3,289.589611643415
POS-03069,2023-03-08,Lalitpur-Patan,Pulchowk Rd,4K-TV,8,4898.463703123526
POS-03070,2023-09-08,Butwal-Chowk,Traffic Chowk E,Drone-HD,3,1661.1499013485031
POS-03071,2023-03-13,Biratnagar-Main,Hospital Rd,Smart-Hub,5,4033.9552459599736
POS-03072,2023-05-06,Pokhara-Lakeside,Baidam Street 6,Gaming-Console,3,613.3150868742775
POS-03073,2023-02-15,Lalitpur-Patan,Pulchowk Rd,Smart-Hub,6,4393.148616045948
POS-03074,2023-01-01,Kathmandu-DurbarMarg,King's Way 101,Solar-Battery,5,3850.3176728347
POS-03075,2023-01-26,Biratnagar-Main,Hospital Rd,4K-TV,5,4271.898103513111
POS-03076,2023-04-01,Lalitpur-Patan,Pulchowk Rd,Gaming-Console,7,2280.8385625221845
POS-03077,2023-10-01,Kathmandu-DurbarMarg,King's Way 101,Drone-HD,6,105.24245539517179
POS-03078,2023-08-21,Biratnagar-Main,Hospital Rd,Solar-Battery,1,1862.151705511659
POS-03079,2023-06-29,Kathmandu-DurbarMarg,King's Way 101,Solar-Battery,5,4584.765194148556
POS-03080,2023-06-18,Kathmandu-DurbarMarg,King's Way 101,4K-TV,7,1728.2407990645079
POS-03081,2023-01-10,Pokhara-Lakeside,Baidam Street 6,Drone-HD,1,2096.2596431372426
POS-03082,2023-01-03,Biratnagar-Main,Hospital Rd,Solar-Battery,1,807.9390617104701
POS-03083,2023-12-07,Biratnagar-Main,Hospital Rd,4K-TV,2,1057.65897005982
POS-03084,2023-10-28,Kathmandu-DurbarMarg,King's Way 101,Drone-HD,2,4978.906775358356
POS-03085,2023-07-11,Lalitpur-Patan,Pulchowk Rd,Smart-Hub,3,4472.4814502622385
POS-03086,2023-10-21,Butwal-Chowk,Traffic Chowk E,Smart-Hub,5,3366.7307969958647
POS-03087,2023-10-02,Biratnagar-Main,Hospital Rd,Solar-Battery,1,3230.6314849048003
POS-03088,2023-05-06,Pokhara-Lakeside,Baidam Street 6,4K-TV,4,1634.2305515626063
POS-03089,2023-12-08,Kathmandu-DurbarMarg,King's Way 101,Drone-HD,9,757.4687772800964
POS-03090,2023-03-28,Biratnagar-Main,Hospital Rd,Solar-Battery,6,4904.91419346069
POS-03091,2023-01-07,Biratnagar-Main,Hospital Rd,Smart-Hub,7,4710.315163941814
POS-03092,2023-12-24,Kathmandu-DurbarMarg,King's Way 101,Solar-Battery,6,2797.2071351809586
POS-03093,2023-08-01,Lalitpur-Patan,Pulchowk Rd,4K-TV,8,959.9170483485891
POS-03094,2023-10-03,Pokhara-Lakeside,Baidam Street 6,VR-Headset,5,950.1692092734345
POS-03095,2023-11-21,Pokhara-Lakeside,Baidam Street 6,Drone-HD,6,856.5442673557731
POS-03096,2023-03-26,Biratnagar-Main,Hospital Rd,Solar-Battery,6,4319.864095694478
POS-03097,2023-03-31,Lalitpur-Patan,Pulchowk Rd,Drone-HD,1,985.5803165550174
POS-03098,2023-07-06,Butwal-Chowk,Traffic Chowk E,4K-TV,2,930.3743653948175
POS-03099,2023-05-26,Pokhara-Lakeside,Baidam Street 6,Drone-HD,3,4193.736892549637
POS-03100,2023-04-11,Kathmandu-DurbarMarg,King's Way 101,4K-TV,2,4795.448010629943
POS-03101,2023-10-01,Butwal-Chowk,Traffic Chowk E,Smart-Hub,3,401.77654292355766
POS-03102,2023-03-27,Kathmandu-DurbarMarg,King's Way 101,4K-TV,1,2374.025802553574
POS-03103,2023-04-22,Biratnagar-Main,Hospital Rd,VR-Headset,6,613.4197192498667
POS-03104,2023-08-28,Biratnagar-Main,Hospital Rd,VR-Headset,8,2080.2416903909234
POS-03105,2023-02-28,Butwal-Chowk,Traffic Chowk E,4K-TV,2,534.4697029760358
POS-03106,2023-03-27,Butwal-Chowk,Traffic Chowk E,Smart-Hub,1,294.56282043604114
POS-03107,2023-05-25,Lalitpur-Patan,Pulchowk Rd,Solar-Battery,3,3008.369871367417
POS-03108,2023-08-30,Kathmandu-DurbarMarg,King's Way 101,VR-Headset,2,1841.619510498253
POS-03109,2023-04-10,Biratnagar-Main,Hospital Rd,Drone-HD,1,1283.0494653296469
POS-03110,2023-04-14,Lalitpur-Patan,Pulchowk Rd,Smart-Hub,5,4553.164178205905
POS-03111,2023-05-22,Lalitpur-Patan,Pulchowk Rd,Solar-Battery,2,4723.466091500971
POS-03112,2023-07-13,Kathmandu-DurbarMarg,King's Way 101,Solar-Battery,5,3986.40079731587
POS-03113,2023-03-16,Lalitpur-Patan,Pulchowk Rd,VR-Headset,7,1611.7438061093785
POS-03114,2023-12-09,Biratnagar-Main,Hospital Rd,4K-TV,2,1502.133966828326
POS-03115,2023-12-13,Kathmandu-DurbarMarg,King's Way 101,Gaming-Console,2,3362.4543455271014
POS-03116,2023-01-19,Pokhara-Lakeside,Baidam Street 6,Smart-Hub,7,4978.682277252379
POS-03117,2023-11-10,Pokhara-Lakeside,Baidam Street 6,VR-Headset,3,3205.0096977025514
POS-03118,2023-05-21,Kathmandu-DurbarMarg,King's Way 101,Drone-HD,9,595.3875805870806
POS-03119,2023-08-27,Biratnagar-Main,Hospital Rd,Gaming-Console,2,3536.3950598779556
POS-03120,2023-10-02,Biratnagar-Main,Hospital Rd,VR-Headset,6,2605.50688434996
POS-03121,2023-03-11,Kathmandu-DurbarMarg,King's Way 101,Smart-Hub,2,4221.021254424439
POS-03122,2023-07-08,Butwal-Chowk,Traffic Chowk E,VR-Headset,7,2506.322812092405
POS-03123,2023-04-13,Lalitpur-Patan,Pulchowk Rd,Gaming-Console,6,2180.380722833581
POS-03124,2023-11-28,Butwal-Chowk,Traffic Chowk E,Drone-HD,8,1115.8664478460912
POS-03125,2023-11-28,Butwal-Chowk,Traffic Chowk E,4K-TV,7,2283.0965414286165
POS-03126,2023-11-26,Biratnagar-Main,Hospital Rd,VR-Headset,1,753.5279536273142
POS-03127,2023-09-09,Biratnagar-Main,Hospital Rd,Gaming-Console,5,3031.8747458448715
POS-03128,2023-06-28,Lalitpur-Patan,Pulchowk Rd,4K-TV,3,3169.2152389321973
POS-03129,2023-03-01,Kathmandu-DurbarMarg,King's Way 101,VR-Headset,2,491.63711834094306
POS-03130,2023-07-28,Pokhara-Lakeside,Baidam Street 6,4K-TV,3,4135.632009697877
POS-03131,2023-03-06,Butwal-Chowk,Traffic Chowk E,Gaming-Console,3,-78.07271506154531
POS-03132,2023-03-02,Lalitpur-Patan,Pulchowk Rd,Drone-HD,6,2167.375636815295
POS-03133,2023-04-19,Butwal-Chowk,Traffic Chowk E,Smart-Hub,6,117.50744418628642
POS-03134,2023-11-14,Butwal-Chowk,Traffic Chowk E,4K-TV,8,4741.872029912644
POS-03135,2023-05-16,Butwal-Chowk,Traffic Chowk E,4K-TV,8,1953.806148302272
POS-03136,2023-04-19,Pokhara-Lakeside,Baidam Street 6,Solar-Battery,6,4385.797692005062
POS-03137,2023-01-15,Biratnagar-Main,Hospital Rd,Gaming-Console,4,3722.8519732077057
POS-03138,2023-02-23,Biratnagar-Main,Hospital Rd,Drone-HD,9,1344.4915601153155
POS-03139,2023-03-24,Butwal-Chowk,Traffic Chowk E,VR-Headset,6,4390.052814110753
POS-03140,2023-05-28,Butwal-Chowk,Traffic Chowk E,Smart-Hub,6,243.7862046768792
POS-03141,2023-04-07,Lalitpur-Patan,Pulchowk Rd,Smart-Hub,8,4522.396917380736
POS-03142,2023-06-18,Lalitpur-Patan,Pulchowk Rd,VR-Headset,1,2750.1805634558173
POS-03143,2023-06-24,Biratnagar-Main,Hospital Rd,VR-Headset,4,2745.462212941632
POS-03144,2023-11-14,Butwal-Chowk,Traffic Chowk E,VR-Headset,6,2752.429922225706
POS-03145,2023-02-10,Butwal-Chowk,Traffic Chowk E,Gaming-Console,8,65.35195193059454
POS-03146,2023-08-08,Lalitpur-Patan,Pulchowk Rd,VR-Headset,2,2012.1337903040267
POS-03147,2023-04-02,Lalitpur-Patan,Pulchowk Rd,Smart-Hub,1,3327.3713575461966
POS-03148,2023-05-15,Butwal-Chowk,Traffic Chowk E,4K-TV,4,3285.610911870996
POS-03149,2023-09-09,Pokhara-Lakeside,Baidam Street 6,VR-Headset,8,3940.660043741718
POS-03150,2023-08-10,Butwal-Chowk,Traffic Chowk E,Gaming-Console,2,3458.01137809084
POS-03151,2023-12-13,Butwal-Chowk,Traffic Chowk E,Solar-Battery,6,3413.0975372683793
POS-03152,2023-02-05,Lalitpur-Patan,Pulchowk Rd,Smart-Hub,6,1000.3826986282845
POS-03153,2023-11-10,Biratnagar-Main,Hospital Rd,Smart-Hub,7,2459.9239327917303
POS-03154,2023-06-12,Biratnagar-Main,Hospital Rd,VR-Headset,9,2750.5554004250757
POS-03155,2023-11-04,Pokhara-Lakeside,Baidam Street 6,4K-TV,6,3931.531306723725
POS-03156,2023-07-11,Butwal-Chowk,Traffic Chowk E,Drone-HD,5,400.20129684637334
POS-03157,2023-05-01,Lalitpur-Patan,Pulchowk Rd,Smart-Hub,9,2897.64975569175
POS-03158,2023-12-04,Biratnagar-Main,Hospital Rd,Smart-Hub,5,4587.883213083583
POS-03159,2023-01-09,Biratnagar-Main,Hospital Rd,Smart-Hub,6,2443.0318481114336
POS-03160,2023-11-01,Kathmandu-DurbarMarg,King's Way 101,Smart-Hub,1,2596.7962359671983
POS-03161,2023-07-28,Butwal-Chowk,Traffic Chowk E,Solar-Battery,3,2382.291673549612
POS-03162,2023-06-10,Butwal-Chowk,Traffic Chowk E,Solar-Battery,9,4844.532552312028
POS-03163,2023-04-20,Butwal-Chowk,Traffic Chowk E,VR-Headset,1,249.28728239381826
POS-03164,2023-05-30,Pokhara-Lakeside,Baidam Street 6,Solar-Battery,3,751.5479172181266
POS-03165,2023-11-21,Butwal-Chowk,Traffic Chowk E,VR-Headset,9,1434.2624176592442
POS-03166,2023-09-12,Butwal-Chowk,Traffic Chowk E,VR-Headset,3,4931.702047289162
POS-03167,2023-10-27,Kathmandu-DurbarMarg,King's Way 101,Solar-Battery,3,3618.406698599383
POS-03168,2023-11-10,Lalitpur-Patan,Pulchowk Rd,Gaming-Console,4,3527.4506952906254
POS-03169,2023-09-29,Pokhara-Lakeside,Baidam Street 6,VR-Headset,2,840.2106620192214
POS-03170,2023-10-14,Butwal-Chowk,Traffic Chowk E,4K-TV,6,269.21603096653564
POS-03171,2023-02-02,Biratnagar-Main,Hospital Rd,Solar-Battery,1,2670.96452246169
POS-03172,2023-11-15,Biratnagar-Main,Hospital Rd,VR-Headset,6,2535.5354865528097
POS-03173,2023-03-10,Kathmandu-DurbarMarg,King's Way 101,Gaming-Console,1,2081.941383873095
POS-03174,2023-12-05,Kathmandu-DurbarMarg,King's Way 101,4K-TV,7,2532.4053585349598
POS-03175,2023-02-12,Butwal-Chowk,Traffic Chowk E,Gaming-Console,8,2085.399111691707
POS-03176,2023-06-29,Pokhara-Lakeside,Baidam Street 6,Gaming-Console,7,1224.4724094176386
POS-03177,2023-05-28,Lalitpur-Patan,Pulchowk Rd,Smart-Hub,7,3370.8512650241946
POS-03178,2023-03-13,Lalitpur-Patan,Pulchowk Rd,4K-TV,9,4515.176796857158
POS-03179,2023-04-12,Pokhara-Lakeside,Baidam Street 6,4K-TV,6,1842.2315904357022
POS-03180,2023-04-26,Lalitpur-Patan,Pulchowk Rd,VR-Headset,8,4998.511751243255
POS-03181,2023-05-18,Biratnagar-Main,Hospital Rd,Solar-Battery,9,3354.943262865661
POS-03182,2023-01-10,Biratnagar-Main,Hospital Rd,Drone-HD,5,3697.1147884494912
POS-03183,2023-01-20,Kathmandu-DurbarMarg,King's Way 101,Drone-HD,7,4448.82213094868
POS-03184,2023-03-30,Pokhara-Lakeside,Baidam Street 6,Solar-Battery,8,1869.4266466728288
POS-03185,2023-06-25,Butwal-Chowk,Traffic Chowk E,Gaming-Console,2,992.2513182546729
POS-03186,2023-10-18,Biratnagar-Main,Hospital Rd,Drone-HD,3,3150.015709592838
POS-03187,2023-03-20,Biratnagar-Main,Hospital Rd,Smart-Hub,7,-26.690266887960846
POS-03188,2023-03-03,Kathmandu-DurbarMarg,King's Way 101,Drone-HD,1,4431.727596608771
POS-03189,2023-05-06,Kathmandu-DurbarMarg,King's Way 101,Solar-Battery,5,4165.31300410081
POS-03190,2023-07-18,Butwal-Chowk,Traffic Chowk E,Solar-Battery,1,1918.509675302292
POS-03191,2023-10-03,Lalitpur-Patan,Pulchowk Rd,Drone-HD,1,2962.2342352181295
POS-03192,2023-02-18,Lalitpur-Patan,Pulchowk Rd,Drone-HD,2,3711.262097882832
POS-03193,2023-10-13,Biratnagar-Main,Hospital Rd,4K-TV,2,2988.7286408101127
POS-03194,2023-01-14,Kathmandu-DurbarMarg,King's Way 101,Solar-Battery,4,395.84226468876784
POS-03195,2023-04-17,Kathmandu-DurbarMarg,King's Way 101,Solar-Battery,7,1154.214227813963
POS-03196,2023-10-01,Biratnagar-Main,Hospital Rd,Drone-HD,7,657.8495685331413
POS-03197,2023-04-18,Kathmandu-DurbarMarg,King's Way 101,Solar-Battery,1,1922.6742385577072
POS-03198,2023-11-01,Lalitpur-Patan,Pulchowk Rd,Drone-HD,9,2598.687099926366
POS-03199,2023-02-20,Kathmandu-DurbarMarg,King's Way 101,Solar-Battery,6,2905.547141234498
POS-03200,2023-05-11,Butwal-Chowk,Traffic Chowk E,Smart-Hub,6,3296.714841847812
POS-03201,2023-05-04,Biratnagar-Main,Hospital Rd,Solar-Battery,6,623.3822766105915
POS-03202,2023-08-21,Lalitpur-Patan,Pulchowk Rd,Gaming-Console,7,4757.451301423289
POS-03203,2023-12-18,Pokhara-Lakeside,Baidam Street 6,Solar-Battery,7,3592.3370909535574
POS-03204,2023-01-02,Pokhara-Lakeside,Baidam Street 6,Drone-HD,9,2426.2677106408355
POS-03205,2023-11-12,Butwal-Chowk,Traffic Chowk E,Solar-Battery,3,4271.233822539554
POS-03206,2023-05-09,Butwal-Chowk,Traffic Chowk E,Gaming-Console,9,2037.7068588121801
POS-03207,2023-10-27,Butwal-Chowk,Traffic Chowk E,4K-TV,8,225.13919114823932
POS-03208,2023-11-15,Butwal-Chowk,Traffic Chowk E,Gaming-Console,5,4847.714731373731
POS-03209,2023-04-30,Biratnagar-Main,Hospital Rd,Gaming-Console,6,4937.307683075517
POS-03210,2023-12-21,Pokhara-Lakeside,Baidam Street 6,Gaming-Console,9,4550.272949508291
POS-03211,2023-01-24,Biratnagar-Main,Hospital Rd,Drone-HD,2,4723.165559367801
POS-03212,2023-12-08,Butwal-Chowk,Traffic Chowk E,4K-TV,5,4704.997272938239
POS-03213,2023-10-21,Kathmandu-DurbarMarg,King's Way 101,VR-Headset,3,18.45435737644867
POS-03214,2023-01-17,Biratnagar-Main,Hospital Rd,VR-Headset,9,1402.5254644855281
POS-03215,2023-10-07,Butwal-Chowk,Traffic Chowk E,4K-TV,4,1425.1526422124577
POS-03216,2023-01-30,Biratnagar-Main,Hospital Rd,4K-TV,4,2496.1896108346336
POS-03217,2023-05-16,Kathmandu-DurbarMarg,King's Way 101,Drone-HD,4,4689.5734680721525
POS-03218,2023-04-08,Lalitpur-Patan,Pulchowk Rd,Solar-Battery,8,2667.8273644790775
POS-03219,2023-04-06,Butwal-Chowk,Traffic Chowk E,Smart-Hub,6,3888.797932823319
POS-03220,2023-08-14,Kathmandu-DurbarMarg,King's Way 101,Gaming-Console,3,1208.7360561105168
POS-03221,2023-09-14,Kathmandu-DurbarMarg,King's Way 101,Gaming-Console,2,-74.85896519672347
POS-03222,2023-05-17,Lalitpur-Patan,Pulchowk Rd,VR-Headset,1,183.63099499777212
POS-03223,2023-10-22,Butwal-Chowk,Traffic Chowk E,Solar-Battery,1,1520.1278982570898
POS-03224,2023-01-15,Kathmandu-DurbarMarg,King's Way 101,4K-TV,3,3958.2216193573104
POS-03225,2023-07-09,Biratnagar-Main,Hospital Rd,Smart-Hub,4,4980.319750781979
POS-03226,2023-04-14,Kathmandu-DurbarMarg,King's Way 101,VR-Headset,2,-23.974005950702164
POS-03227,2023-02-19,Kathmandu-DurbarMarg,King's Way 101,4K-TV,6,1173.4279737712866
POS-03228,2023-12-05,Butwal-Chowk,Traffic Chowk E,Gaming-Console,4,3379.1042559622306
POS-03229,2023-09-17,Butwal-Chowk,Traffic Chowk E,VR-Headset,3,1720.6703086210484
POS-03230,2023-06-27,Kathmandu-DurbarMarg,King's Way 101,Smart-Hub,3,2875.8451954614775
POS-03231,2023-10-12,Biratnagar-Main,Hospital Rd,VR-Headset,6,1686.8931474138578
POS-03232,2023-06-17,Lalitpur-Patan,Pulchowk Rd,4K-TV,6,3858.4655463872764
POS-03233,2023-01-27,Biratnagar-Main,Hospital Rd,4K-TV,1,4890.162043740671
POS-03234,2023-01-12,Kathmandu-DurbarMarg,King's Way 101,Smart-Hub,3,4022.988440104379
POS-03235,2023-10-05,Biratnagar-Main,Hospital Rd,4K-TV,6,4497.865598357394
POS-03236,2023-01-06,Kathmandu-DurbarMarg,King's Way 101,4K-TV,3,-26.21278073308433
POS-03237,2023-07-05,Lalitpur-Patan,Pulchowk Rd,Smart-Hub,5,4823.866489285009
POS-03238,2023-10-08,Lalitpur-Patan,Pulchowk Rd,Gaming-Console,3,1645.4300784357197
POS-03239,2023-01-07,Kathmandu-DurbarMarg,King's Way 101,Gaming-Console,7,2167.1916083148917
POS-03240,2023-05-28,Butwal-Chowk,Traffic Chowk E,4K-TV,3,4121.745335810146
POS-03241,2023-08-31,Pokhara-Lakeside,Baidam Street 6,4K-TV,2,4709.867573284698
POS-03242,2023-07-26,Pokhara-Lakeside,Baidam Street 6,VR-Headset,7,2434.950812434235
POS-03243,2023-05-28,Kathmandu-DurbarMarg,King's Way 101,4K-TV,9,861.3725743428804
POS-03244,2023-09-03,Biratnagar-Main,Hospital Rd,Smart-Hub,8,2906.944810202583
POS-03245,2023-05-03,Biratnagar-Main,Hospital Rd,Drone-HD,9,846.592436432966
POS-03246,2023-09-03,Biratnagar-Main,Hospital Rd,Drone-HD,3,3648.726625333933
POS-03247,2023-08-02,Butwal-Chowk,Traffic Chowk E,Solar-Battery,7,2077.0625433683954
POS-03248,2023-12-20,Butwal-Chowk,Traffic Chowk E,Gaming-Console,2,2176.0433870505117
POS-03249,2023-04-14,Lalitpur-Patan,Pulchowk Rd,Smart-Hub,1,3969.128720199699
POS-03250,2023-07-05,Biratnagar-Main,Hospital Rd,Solar-Battery,6,1790.344289283709
POS-03251,2023-02-15,Biratnagar-Main,Hospital Rd,VR-Headset,4,3862.899550592074
POS-03252,2023-05-16,Butwal-Chowk,Traffic Chowk E,Smart-Hub,8,717.2653604157306
POS-03253,2023-06-22,Butwal-Chowk,Traffic Chowk E,Smart-Hub,4,189.87303621183594
POS-03254,2023-09-13,Lalitpur-Patan,Pulchowk Rd,Smart-Hub,3,912.2694451121349
POS-03255,2023-07-27,Kathmandu-DurbarMarg,King's Way 101,Solar-Battery,9,2195.9095749243456
POS-03256,2023-11-11,Kathmandu-DurbarMarg,King's Way 101,Gaming-Console,2,1456.906102438599
POS-03257,2023-05-26,Biratnagar-Main,Hospital Rd,Drone-HD,9,391.6797815672742
POS-03258,2023-09-02,Pokhara-Lakeside,Baidam Street 6,Gaming-Console,7,3894.3679526001906
POS-03259,2023-06-20,Biratnagar-Main,Hospital Rd,Gaming-Console,6,1843.1014070536703
POS-03260,2023-12-08,Pokhara-Lakeside,Baidam Street 6,Gaming-Console,3,383.2280365129671
POS-03261,2023-01-16,Butwal-Chowk,Traffic Chowk E,Drone-HD,7,4073.5920890825255
POS-03262,2023-06-11,Butwal-Chowk,Traffic Chowk E,Solar-Battery,1,4985.225819578177
POS-03263,2023-02-05,Kathmandu-DurbarMarg,King's Way 101,VR-Headset,4,83.32803742628738
POS-03264,2023-10-15,Kathmandu-DurbarMarg,King's Way 101,Smart-Hub,7,3200.918093609233
POS-03265,2023-05-31,Pokhara-Lakeside,Baidam Street 6,Drone-HD,6,863.1624898631852
POS-03266,2023-12-06,Pokhara-Lakeside,Baidam Street 6,Smart-Hub,2,3655.1346641407727
POS-03267,2023-09-24,Biratnagar-Main,Hospital Rd,Solar-Battery,6,4482.146445714611
POS-03268,2023-01-23,Biratnagar-Main,Hospital Rd,VR-Headset,4,4849.230609740361
POS-03269,2023-07-20,Kathmandu-DurbarMarg,King's Way 101,VR-Headset,2,1922.0930382395054
POS-03270,2023-06-07,Pokhara-Lakeside,Baidam Street 6,Smart-Hub,9,510.9419076373665
POS-03271,2023-05-04,Kathmandu-DurbarMarg,King's Way 101,VR-Headset,7,1365.8085406338832
POS-03272,2023-03-30,Pokhara-Lakeside,Baidam Street 6,Gaming-Console,3,2552.999075377926
POS-03273,2023-04-24,Lalitpur-Patan,Pulchowk Rd,Solar-Battery,1,3254.074664342911
POS-03274,2023-05-21,Lalitpur-Patan,Pulchowk Rd,4K-TV,9,95.33308453820322
POS-03275,2023-05-05,Butwal-Chowk,Traffic Chowk E,Gaming-Console,6,4629.424346207649
POS-03276,2023-10-08,Biratnagar-Main,Hospital Rd,4K-TV,3,756.5679541703805
POS-03277,2023-03-21,Pokhara-Lakeside,Baidam Street 6,Smart-Hub,7,2169.4271511586053
POS-03278,2023-05-22,Butwal-Chowk,Traffic Chowk E,VR-Headset,4,2793.5662238702535
POS-03279,2023-04-18,Kathmandu-DurbarMarg,King's Way 101,Drone-HD,7,704.8978639462855
POS-03280,2023-05-31,Butwal-Chowk,Traffic Chowk E,Solar-Battery,7,622.577867493147
POS-03281,2023-05-25,Kathmandu-DurbarMarg,King's Way 101,Smart-Hub,9,1607.4644209444407
POS-03282,2023-11-21,Pokhara-Lakeside,Baidam Street 6,VR-Headset,7,3557.6306521781034
POS-03283,2023-12-06,Biratnagar-Main,Hospital Rd,Solar-Battery,7,2679.1742010451035
POS-03284,2023-05-31,Kathmandu-DurbarMarg,King's Way 101,VR-Headset,5,1836.4983759266124
POS-03285,2023-04-27,Biratnagar-Main,Hospital Rd,4K-TV,9,1475.132836930995
POS-03286,2023-02-25,Lalitpur-Patan,Pulchowk Rd,Drone-HD,3,4781.5373647837505
POS-03287,2023-09-24,Butwal-Chowk,Traffic Chowk E,VR-Headset,7,3306.710411811408
POS-03288,2023-11-17,Kathmandu-DurbarMarg,King's Way 101,Drone-HD,2,4060.700695847423
POS-03289,2023-12-24,Pokhara-Lakeside,Baidam Street 6,Drone-HD,8,3831.0156942008553
POS-03290,2023-10-28,Biratnagar-Main,Hospital Rd,Solar-Battery,3,3382.9504703066796
POS-03291,2023-07-13,Biratnagar-Main,Hospital Rd,Drone-HD,7,4685.657262632654
POS-03292,2023-09-25,Kathmandu-DurbarMarg,King's Way 101,Smart-Hub,7,872.421848831954
POS-03293,2023-07-23,Butwal-Chowk,Traffic Chowk E,VR-Headset,9,3221.4684578128654
POS-03294,2023-03-20,Pokhara-Lakeside,Baidam Street 6,Smart-Hub,2,3008.9001940911767
POS-03295,2023-04-20,Lalitpur-Patan,Pulchowk Rd,Gaming-Console,3,2330.0916125982794
POS-03296,2023-09-09,Kathmandu-DurbarMarg,King's Way 101,Smart-Hub,8,2405.629807747364
POS-03297,2023-08-14,Kathmandu-DurbarMarg,King's Way 101,Smart-Hub,2,1378.5966854363637
POS-03298,2023-11-23,Biratnagar-Main,Hospital Rd,Gaming-Console,6,1994.5798137330403
POS-03299,2023-06-08,Biratnagar-Main,Hospital Rd,4K-TV,6,3543.814918786007
POS-03300,2023-10-27,Biratnagar-Main,Hospital Rd,VR-Headset,9,4122.03225076615
POS-03301,2023-08-31,Kathmandu-DurbarMarg,King's Way 101,Gaming-Console,5,2432.3908646674536
POS-03302,2023-11-23,Butwal-Chowk,Traffic Chowk E,Smart-Hub,6,1401.9691676435616
POS-03303,2023-07-29,Lalitpur-Patan,Pulchowk Rd,Drone-HD,5,531.3265108911954
POS-03304,2023-01-10,Butwal-Chowk,Traffic Chowk E,4K-TV,5,46.50619523306571
POS-03305,2023-11-13,Butwal-Chowk,Traffic Chowk E,VR-Headset,6,2197.173428079308
POS-03306,2023-11-02,Pokhara-Lakeside,Baidam Street 6,Gaming-Console,7,1932.2681873287308
POS-03307,2023-12-25,Kathmandu-DurbarMarg,King's Way 101,4K-TV,1,3830.43347264791
POS-03308,2023-11-08,Biratnagar-Main,Hospital Rd,VR-Headset,1,1696.772198355955
POS-03309,2023-11-17,Pokhara-Lakeside,Baidam Street 6,4K-TV,6,4140.171118472376
POS-03310,2023-06-23,Biratnagar-Main,Hospital Rd,Gaming-Console,6,1402.7775018340708
POS-03311,2023-06-02,Pokhara-Lakeside,Baidam Street 6,4K-TV,5,4272.746570279845
POS-03312,2023-06-13,Lalitpur-Patan,Pulchowk Rd,Smart-Hub,8,1690.6892904440044
POS-03313,2023-05-17,Pokhara-Lakeside,Baidam Street 6,4K-TV,4,3728.251623640872
POS-03314,2023-04-29,Biratnagar-Main,Hospital Rd,VR-Headset,6,1156.8888240124745
POS-03315,2023-07-13,Pokhara-Lakeside,Baidam Street 6,Drone-HD,9,2171.810901564235
POS-03316,2023-05-17,Lalitpur-Patan,Pulchowk Rd,4K-TV,8,3925.3815253704433
POS-03317,2023-07-29,Pokhara-Lakeside,Baidam Street 6,Solar-Battery,6,1005.3292453226566
POS-03318,2023-08-02,Kathmandu-DurbarMarg,King's Way 101,Gaming-Console,2,2397.332493668811
POS-03319,2023-10-29,Butwal-Chowk,Traffic Chowk E,4K-TV,4,2095.850435914085
POS-03320,2023-08-31,Biratnagar-Main,Hospital Rd,Drone-HD,9,4020.096217685481
POS-03321,2023-04-03,Biratnagar-Main,Hospital Rd,VR-Headset,1,196.6406006319914
POS-03322,2023-08-21,Kathmandu-DurbarMarg,King's Way 101,4K-TV,3,674.1391149836596
POS-03323,2023-06-11,Butwal-Chowk,Traffic Chowk E,Smart-Hub,9,932.3839632206868
POS-03324,2023-03-15,Kathmandu-DurbarMarg,King's Way 101,Solar-Battery,3,262.5150442586633
POS-03325,2023-08-22,Biratnagar-Main,Hospital Rd,VR-Headset,7,2073.9967943681268
POS-03326,2023-06-03,Biratnagar-Main,Hospital Rd,VR-Headset,3,3144.7666187624704
POS-03327,2023-10-31,Pokhara-Lakeside,Baidam Street 6,Solar-Battery,9,3019.942159224474
POS-03328,2023-04-14,Kathmandu-DurbarMarg,King's Way 101,Smart-Hub,3,723.6707828607533
POS-03329,2023-05-31,Pokhara-Lakeside,Baidam Street 6,4K-TV,5,238.57402358879318
POS-03330,2023-04-27,Pokhara-Lakeside,Baidam Street 6,4K-TV,2,3574.1916389899798
POS-03331,2023-05-30,Butwal-Chowk,Traffic Chowk E,Smart-Hub,1,3039.0955502490665
POS-03332,2023-09-26,Biratnagar-Main,Hospital Rd,Smart-Hub,2,3389.1734902988965
POS-03333,2023-10-21,Pokhara-Lakeside,Baidam Street 6,Gaming-Console,7,1827.9965266765157
POS-03334,2023-07-29,Biratnagar-Main,Hospital Rd,Gaming-Console,7,-89.59182944707953
POS-03335,2023-05-05,Butwal-Chowk,Traffic Chowk E,Smart-Hub,6,3411.6539821829874
POS-03336,2023-05-16,Kathmandu-DurbarMarg,King's Way 101,VR-Headset,3,153.38581979690306
POS-03337,2023-12-03,Pokhara-Lakeside,Baidam Street 6,Drone-HD,5,1836.8228049181323
POS-03338,2023-08-06,Kathmandu-DurbarMarg,King's Way 101,Solar-Battery,8,4163.82176775538
POS-03339,2023-05-21,Lalitpur-Patan,Pulchowk Rd,VR-Headset,9,4702.002997177665
POS-03340,2023-02-06,Butwal-Chowk,Traffic Chowk E,4K-TV,7,387.2086581221684
POS-03341,2023-09-01,Pokhara-Lakeside,Baidam Street 6,VR-Headset,8,4428.020757111562
POS-03342,2023-03-11,Pokhara-Lakeside,Baidam Street 6,Gaming-Console,4,10.833957480643875
POS-03343,2023-06-18,Butwal-Chowk,Traffic Chowk E,Smart-Hub,5,1512.5757008032488
POS-03344,2023-05-15,Pokhara-Lakeside,Baidam Street 6,4K-TV,6,2125.894095762475
POS-03345,2023-12-09,Kathmandu-DurbarMarg,King's Way 101,4K-TV,8,3894.3755411266307
POS-03346,2023-12-01,Biratnagar-Main,Hospital Rd,Solar-Battery,6,521.1931792288865
POS-03347,2023-06-23,Butwal-Chowk,Traffic Chowk E,Drone-HD,9,1829.194052086462
POS-03348,2023-01-12,Butwal-Chowk,Traffic Chowk E,4K-TV,8,811.4589200862797
POS-03349,2023-08-17,Kathmandu-DurbarMarg,King's Way 101,Drone-HD,8,3388.563529998626
POS-03350,2023-01-14,Butwal-Chowk,Traffic Chowk E,Gaming-Console,4,2344.82293143374
POS-03351,2023-11-26,Lalitpur-Patan,Pulchowk Rd,Gaming-Console,5,694.79791358383
POS-03352,2023-04-02,Lalitpur-Patan,Pulchowk Rd,Gaming-Console,6,4041.343540573849
POS-03353,2023-07-14,Lalitpur-Patan,Pulchowk Rd,Drone-HD,6,2863.755752933048
POS-03354,2023-01-07,Lalitpur-Patan,Pulchowk Rd,4K-TV,5,2548.619094958832
POS-03355,2023-08-30,Kathmandu-DurbarMarg,King's Way 101,Solar-Battery,2,3678.0101756948798
POS-03356,2023-03-27,Butwal-Chowk,Traffic Chowk E,Solar-Battery,8,2332.5774896371263
POS-03357,2023-07-23,Lalitpur-Patan,Pulchowk Rd,Gaming-Console,8,3180.201443979062
POS-03358,2023-10-11,Lalitpur-Patan,Pulchowk Rd,Solar-Battery,2,3666.472132556597
POS-03359,2023-02-04,Kathmandu-DurbarMarg,King's Way 101,Smart-Hub,4,634.2230420659054
POS-03360,2023-10-20,Kathmandu-DurbarMarg,King's Way 101,Solar-Battery,9,4863.896263353518
POS-03361,2023-07-11,Pokhara-Lakeside,Baidam Street 6,Drone-HD,4,1850.2180674065803
POS-03362,2023-04-27,Butwal-Chowk,Traffic Chowk E,Solar-Battery,5,1750.4917046366904
POS-03363,2023-07-08,Butwal-Chowk,Traffic Chowk E,Drone-HD,4,1975.8091423935598
POS-03364,2023-09-24,Butwal-Chowk,Traffic Chowk E,Solar-Battery,7,910.6980942543787
POS-03365,2023-04-24,Biratnagar-Main,Hospital Rd,4K-TV,7,2961.3627089059537
POS-03366,2023-04-11,Biratnagar-Main,Hospital Rd,Gaming-Console,5,2796.87904698762
POS-03367,2023-03-03,Biratnagar-Main,Hospital Rd,Solar-Battery,5,216.81712295360632
POS-03368,2023-07-27,Butwal-Chowk,Traffic Chowk E,Drone-HD,8,4823.536274586919
POS-03369,2023-08-06,Biratnagar-Main,Hospital Rd,4K-TV,1,162.24805788899806
POS-03370,2023-10-22,Butwal-Chowk,Traffic Chowk E,Smart-Hub,8,500.5292973994008
POS-03371,2023-08-11,Lalitpur-Patan,Pulchowk Rd,VR-Headset,9,1615.0178131723528
POS-03372,2023-04-29,Pokhara-Lakeside,Baidam Street 6,Smart-Hub,6,1543.3379352655306
POS-03373,2023-10-22,Pokhara-Lakeside,Baidam Street 6,Drone-HD,7,222.34851694416807
POS-03374,2023-06-06,Butwal-Chowk,Traffic Chowk E,Gaming-Console,9,3816.313871031816
POS-03375,2023-05-01,Pokhara-Lakeside,Baidam Street 6,4K-TV,2,4461.41261634643
POS-03376,2023-03-06,Biratnagar-Main,Hospital Rd,Drone-HD,2,2080.3634922117676
POS-03377,2023-08-22,Kathmandu-DurbarMarg,King's Way 101,Gaming-Console,5,2662.5485558844484
POS-03378,2023-02-22,Biratnagar-Main,Hospital Rd,4K-TV,8,795.9717468693844
POS-03379,2023-02-11,Biratnagar-Main,Hospital Rd,Gaming-Console,6,4588.5969491994
POS-03380,2023-05-19,Biratnagar-Main,Hospital Rd,4K-TV,9,4333.159262362682
POS-03381,2023-04-18,Kathmandu-DurbarMarg,King's Way 101,Drone-HD,4,877.4938781021611
POS-03382,2023-06-29,Biratnagar-Main,Hospital Rd,Drone-HD,6,4558.271124914115
POS-03383,2023-05-26,Pokhara-Lakeside,Baidam Street 6,4K-TV,4,1416.6376060221814
POS-03384,2023-07-05,Lalitpur-Patan,Pulchowk Rd,Drone-HD,1,2531.334460794036
POS-03385,2023-07-23,Lalitpur-Patan,Pulchowk Rd,Drone-HD,9,481.76427355001533
POS-03386,2023-11-30,Pokhara-Lakeside,Baidam Street 6,Drone-HD,1,2644.816131005476
POS-03387,2023-08-11,Butwal-Chowk,Traffic Chowk E,Gaming-Console,6,4301.855379912576
POS-03388,2023-08-29,Biratnagar-Main,Hospital Rd,4K-TV,5,98.28335588089837
POS-03389,2023-07-21,Biratnagar-Main,Hospital Rd,Gaming-Console,1,4833.67056794125
POS-03390,2023-07-05,Pokhara-Lakeside,Baidam Street 6,4K-TV,2,727.5324356174527
POS-03391,2023-08-29,Kathmandu-DurbarMarg,King's Way 101,Solar-Battery,4,2712.0106705526846
POS-03392,2023-08-30,Biratnagar-Main,Hospital Rd,4K-TV,1,-31.42496820123054
POS-03393,2023-06-19,Biratnagar-Main,Hospital Rd,Drone-HD,4,3781.445282982761
POS-03394,2023-07-19,Pokhara-Lakeside,Baidam Street 6,Gaming-Console,5,3214.9062374994323
POS-03395,2023-04-10,Lalitpur-Patan,Pulchowk Rd,VR-Headset,5,3869.303292163357
POS-03396,2023-01-10,Pokhara-Lakeside,Baidam Street 6,Solar-Battery,4,370.70688188830013
POS-03397,2023-01-30,Biratnagar-Main,Hospital Rd,Gaming-Console,6,4532.760986483719
POS-03398,2023-07-04,Butwal-Chowk,Traffic Chowk E,Smart-Hub,7,4373.097406749739
POS-03399,2023-03-23,Kathmandu-DurbarMarg,King's Way 101,4K-TV,1,3449.092325544048
POS-03400,2023-11-17,Kathmandu-DurbarMarg,King's Way 101,4K-TV,3,2409.3045332863435
POS-03401,2023-03-05,Pokhara-Lakeside,Baidam Street 6,Gaming-Console,6,4601.385532888583
POS-03402,2023-11-01,Kathmandu-DurbarMarg,King's Way 101,VR-Headset,1,2427.9128645275596
POS-03403,2023-12-26,Kathmandu-DurbarMarg,King's Way 101,4K-TV,2,669.2233447250765
POS-03404,2023-09-29,Butwal-Chowk,Traffic Chowk E,Drone-HD,3,3526.7811723540553
POS-03405,2023-12-07,Pokhara-Lakeside,Baidam Street 6,4K-TV,1,1040.592934549923
POS-03406,2023-01-23,Lalitpur-Patan,Pulchowk Rd,Solar-Battery,6,925.6805329240285
POS-03407,2023-09-28,Butwal-Chowk,Traffic Chowk E,Smart-Hub,5,1088.843077260877
POS-03408,2023-06-15,Butwal-Chowk,Traffic Chowk E,Smart-Hub,3,2706.328536607344
POS-03409,2023-10-03,Biratnagar-Main,Hospital Rd,Gaming-Console,1,4806.443533650969
POS-03410,2023-07-29,Lalitpur-Patan,Pulchowk Rd,Smart-Hub,1,1524.5414736393031
POS-03411,2023-03-15,Kathmandu-DurbarMarg,King's Way 101,Solar-Battery,5,230.16075219746392
POS-03412,2023-08-06,Biratnagar-Main,Hospital Rd,VR-Headset,7,2319.6935340828163
POS-03413,2023-02-02,Biratnagar-Main,Hospital Rd,4K-TV,3,233.3939215491551
POS-03414,2023-11-06,Biratnagar-Main,Hospital Rd,Solar-Battery,1,2491.4917438627867
POS-03415,2023-06-12,Biratnagar-Main,Hospital Rd,Solar-Battery,8,1523.070719904853
POS-03416,2023-01-05,Butwal-Chowk,Traffic Chowk E,Solar-Battery,9,3895.299288592332
POS-03417,2023-07-07,Kathmandu-DurbarMarg,King's Way 101,Drone-HD,3,1652.9022778155293
POS-03418,2023-06-07,Kathmandu-DurbarMarg,King's Way 101,4K-TV,4,2134.085621506474
POS-03419,2023-08-28,Butwal-Chowk,Traffic Chowk E,Gaming-Console,8,3935.667107284673
POS-03420,2023-05-16,Pokhara-Lakeside,Baidam Street 6,Drone-HD,4,3501.0225681803954
POS-03421,2023-03-25,Pokhara-Lakeside,Baidam Street 6,Smart-Hub,3,2415.8057431793554
POS-03422,2023-02-03,Biratnagar-Main,Hospital Rd,Gaming-Console,2,4248.318998898475
POS-03423,2023-06-30,Kathmandu-DurbarMarg,King's Way 101,Solar-Battery,5,322.0109320337633
POS-03424,2023-10-05,Lalitpur-Patan,Pulchowk Rd,4K-TV,3,939.780881731022
POS-03425,2023-09-06,Lalitpur-Patan,Pulchowk Rd,VR-Headset,7,551.3374118070772
POS-03426,2023-02-22,Biratnagar-Main,Hospital Rd,Solar-Battery,3,3364.9840589223186
POS-03427,2023-12-20,Butwal-Chowk,Traffic Chowk E,Gaming-Console,8,3818.8071541656063
POS-03428,2023-07-25,Pokhara-Lakeside,Baidam Street 6,Drone-HD,6,2671.684186573997
POS-03429,2023-07-11,Butwal-Chowk,Traffic Chowk E,Gaming-Console,1,1280.335695299134
POS-03430,2023-05-14,Kathmandu-DurbarMarg,King's Way 101,Solar-Battery,8,3564.9310888641776
POS-03431,2023-05-17,Biratnagar-Main,Hospital Rd,4K-TV,2,455.36239656374767
POS-03432,2023-02-28,Butwal-Chowk,Traffic Chowk E,VR-Headset,5,3319.3408779652013
POS-03433,2023-06-13,Butwal-Chowk,Traffic Chowk E,Drone-HD,3,3911.845532832515
POS-03434,2023-06-21,Biratnagar-Main,Hospital Rd,Gaming-Console,8,4328.08420439376
POS-03435,2023-10-24,Kathmandu-DurbarMarg,King's Way 101,VR-Headset,2,596.7734589223763
POS-03436,2023-07-23,Biratnagar-Main,Hospital Rd,Solar-Battery,4,1770.5894216980616
POS-03437,2023-08-25,Biratnagar-Main,Hospital Rd,Smart-Hub,9,3656.87985274794
POS-03438,2023-09-04,Lalitpur-Patan,Pulchowk Rd,Gaming-Console,1,4544.9341576942925
POS-03439,2023-02-18,Pokhara-Lakeside,Baidam Street 6,Smart-Hub,3,1765.3587421739237
POS-03440,2023-05-25,Lalitpur-Patan,Pulchowk Rd,Smart-Hub,9,3044.4220352571656
POS-03441,2023-04-23,Pokhara-Lakeside,Baidam Street 6,4K-TV,6,2483.7960812008905
POS-03442,2023-08-06,Lalitpur-Patan,Pulchowk Rd,Drone-HD,6,38.763624975042404
POS-03443,2023-05-26,Kathmandu-DurbarMarg,King's Way 101,Solar-Battery,6,4726.454697847119
POS-03444,2023-01-09,Butwal-Chowk,Traffic Chowk E,VR-Headset,1,3095.104070655209
POS-03445,2023-02-25,Pokhara-Lakeside,Baidam Street 6,Smart-Hub,2,1934.3223503784948
POS-03446,2023-06-23,Pokhara-Lakeside,Baidam Street 6,Solar-Battery,4,4401.858882000355
POS-03447,2023-04-18,Pokhara-Lakeside,Baidam Street 6,VR-Headset,6,2651.9160005637914
POS-03448,2023-02-25,Pokhara-Lakeside,Baidam Street 6,4K-TV,4,1918.5786275680375
POS-03449,2023-05-03,Butwal-Chowk,Traffic Chowk E,4K-TV,7,721.1091045265351
POS-03450,2023-11-22,Pokhara-Lakeside,Baidam Street 6,Gaming-Console,4,4848.694323269044
POS-03451,2023-04-20,Pokhara-Lakeside,Baidam Street 6,4K-TV,4,1336.2037231533304
POS-03452,2023-06-23,Pokhara-Lakeside,Baidam Street 6,Solar-Battery,4,72.03017627381001
POS-03453,2023-12-11,Kathmandu-DurbarMarg,King's Way 101,Drone-HD,2,1235.4041118468901
POS-03454,2023-08-19,Pokhara-Lakeside,Baidam Street 6,4K-TV,3,2147.9270270884695
POS-03455,2023-04-30,Butwal-Chowk,Traffic Chowk E,Drone-HD,2,3538.0933351853178
POS-03456,2023-04-25,Lalitpur-Patan,Pulchowk Rd,Solar-Battery,5,47.66483337766476
POS-03457,2023-11-10,Kathmandu-DurbarMarg,King's Way 101,VR-Headset,5,3103.6332756284096
POS-03458,2023-09-30,Biratnagar-Main,Hospital Rd,4K-TV,3,2044.5215477326392
POS-03459,2023-01-03,Butwal-Chowk,Traffic Chowk E,4K-TV,9,4568.2600968991155
POS-03460,2023-09-29,Pokhara-Lakeside,Baidam Street 6,Smart-Hub,9,4782.582722833663
POS-03461,2023-04-21,Kathmandu-DurbarMarg,King's Way 101,Drone-HD,1,2180.8191864587293
POS-03462,2023-09-18,Biratnagar-Main,Hospital Rd,Solar-Battery,1,4709.864561299681
POS-03463,2023-08-31,Kathmandu-DurbarMarg,King's Way 101,Gaming-Console,7,1672.7366745847442
POS-03464,2023-10-29,Pokhara-Lakeside,Baidam Street 6,4K-TV,9,1868.8241505673234
POS-03465,2023-05-08,Pokhara-Lakeside,Baidam Street 6,Drone-HD,9,4847.979827418545
POS-03466,2023-05-24,Butwal-Chowk,Traffic Chowk E,Gaming-Console,7,3976.846610984109
POS-03467,2023-11-29,Butwal-Chowk,Traffic Chowk E,VR-Headset,2,1408.7074275260463
POS-03468,2023-12-04,Butwal-Chowk,Traffic Chowk E,VR-Headset,3,3256.4961579075584
POS-03469,2023-04-23,Butwal-Chowk,Traffic Chowk E,Smart-Hub,1,1917.453411731365
POS-03470,2023-11-22,Pokhara-Lakeside,Baidam Street 6,Gaming-Console,5,4289.195488803372
POS-03471,2023-09-10,Biratnagar-Main,Hospital Rd,Smart-Hub,4,3176.187902150029
POS-03472,2023-02-05,Butwal-Chowk,Traffic Chowk E,Solar-Battery,2,2185.6260418179254
POS-03473,2023-09-21,Lalitpur-Patan,Pulchowk Rd,Smart-Hub,9,325.49937099899927
POS-03474,2023-12-10,Biratnagar-Main,Hospital Rd,Drone-HD,8,388.91378172759494
POS-03475,2023-09-30,Biratnagar-Main,Hospital Rd,Drone-HD,6,3261.8058116975208
POS-03476,2023-11-09,Lalitpur-Patan,Pulchowk Rd,Drone-HD,2,3192.012373161479
POS-03477,2023-10-01,Pokhara-Lakeside,Baidam Street 6,Gaming-Console,3,2210.7491775815324
POS-03478,2023-09-19,Pokhara-Lakeside,Baidam Street 6,4K-TV,2,242.2014251731198
POS-03479,2023-11-14,Lalitpur-Patan,Pulchowk Rd,Solar-Battery,4,74.53644557415961
POS-03480,2023-09-28,Butwal-Chowk,Traffic Chowk E,Drone-HD,4,4374.5046640900855
POS-03481,2023-02-15,Butwal-Chowk,Traffic Chowk E,Gaming-Console,2,4625.780679963463
POS-03482,2023-06-11,Lalitpur-Patan,Pulchowk Rd,4K-TV,6,63.681964708245744
POS-03483,2023-03-15,Kathmandu-DurbarMarg,King's Way 101,Gaming-Console,2,4882.614829471542
POS-03484,2023-07-05,Lalitpur-Patan,Pulchowk Rd,VR-Headset,9,9.94508682411977
POS-03485,2023-06-02,Lalitpur-Patan,Pulchowk Rd,Drone-HD,3,1004.4176328016065
POS-03486,2023-07-01,Lalitpur-Patan,Pulchowk Rd,Smart-Hub,1,2253.7757365535113
POS-03487,2023-12-15,Lalitpur-Patan,Pulchowk Rd,Gaming-Console,2,3955.6654641534865
POS-03488,2023-09-14,Butwal-Chowk,Traffic Chowk E,Drone-HD,9,1835.7164345485699
POS-03489,2023-10-13,Kathmandu-DurbarMarg,King's Way 101,Gaming-Console,4,3077.358042378259
POS-03490,2023-10-11,Butwal-Chowk,Traffic Chowk E,VR-Headset,9,373.96454540256445
POS-03491,2023-09-30,Biratnagar-Main,Hospital Rd,Solar-Battery,7,1966.0670406631739
POS-03492,2023-11-22,Butwal-Chowk,Traffic Chowk E,Gaming-Console,4,485.2620663971761
POS-03493,2023-09-10,Butwal-Chowk,Traffic Chowk E,VR-Headset,9,694.7966259146558
POS-03494,2023-02-20,Butwal-Chowk,Traffic Chowk E,Solar-Battery,3,128.37037141955702
POS-03495,2023-05-16,Pokhara-Lakeside,Baidam Street 6,VR-Headset,2,516.5723226774761
POS-03496,2023-10-30,Pokhara-Lakeside,Baidam Street 6,Smart-Hub,1,3140.3973390576703
POS-03497,2023-08-21,Kathmandu-DurbarMarg,King's Way 101,VR-Headset,3,4041.7467292340216
POS-03498,2023-01-14,Butwal-Chowk,Traffic Chowk E,VR-Headset,2,505.7098332593156
POS-03499,2023-03-09,Lalitpur-Patan,Pulchowk Rd,Smart-Hub,9,4993.002492305937
POS-03500,2023-05-09,Butwal-Chowk,Traffic Chowk E,Gaming-Console,1,1729.370901272885
POS-03501,2023-05-04,Kathmandu-DurbarMarg,King's Way 101,Drone-HD,2,4485.690389821431
POS-03502,2023-03-15,Kathmandu-DurbarMarg,King's Way 101,Smart-Hub,5,4777.612926908716
POS-03503,2023-03-07,Pokhara-Lakeside,Baidam Street 6,4K-TV,7,691.8172621109522
POS-03504,2023-06-16,Biratnagar-Main,Hospital Rd,4K-TV,6,2787.7171215968538
POS-03505,2023-01-18,Pokhara-Lakeside,Baidam Street 6,Gaming-Console,5,2670.007196403072
POS-03506,2023-04-11,Lalitpur-Patan,Pulchowk Rd,Drone-HD,8,2148.075741170349
POS-03507,2023-05-08,Kathmandu-DurbarMarg,King's Way 101,Drone-HD,3,4699.775254392611
POS-03508,2023-09-20,Kathmandu-DurbarMarg,King's Way 101,VR-Headset,2,291.64587883314306
POS-03509,2023-10-22,Lalitpur-Patan,Pulchowk Rd,VR-Headset,8,1637.918158527468
POS-03510,2023-07-11,Lalitpur-Patan,Pulchowk Rd,Gaming-Console,7,4588.449557915648
POS-03511,2023-12-14,Lalitpur-Patan,Pulchowk Rd,VR-Headset,4,3615.317441429612
POS-03512,2023-12-01,Pokhara-Lakeside,Baidam Street 6,Drone-HD,1,835.6704622646374
POS-03513,2023-05-29,Pokhara-Lakeside,Baidam Street 6,4K-TV,1,67.12912230622013
POS-03514,2023-05-14,Lalitpur-Patan,Pulchowk Rd,Gaming-Console,3,3103.671385730768
POS-03515,2023-03-10,Lalitpur-Patan,Pulchowk Rd,Smart-Hub,6,1275.0226574049711
POS-03516,2023-10-18,Lalitpur-Patan,Pulchowk Rd,Drone-HD,3,530.0999597594063
POS-03517,2023-05-22,Kathmandu-DurbarMarg,King's Way 101,Drone-HD,7,4762.025115717299
POS-03518,2023-12-15,Butwal-Chowk,Traffic Chowk E,4K-TV,7,4238.34184155916
POS-03519,2023-09-03,Pokhara-Lakeside,Baidam Street 6,Drone-HD,3,4999.745019730411
POS-03520,2023-04-04,Biratnagar-Main,Hospital Rd,4K-TV,2,127.07035719382543
POS-03521,2023-06-07,Pokhara-Lakeside,Baidam Street 6,4K-TV,7,1651.9478615344876
POS-03522,2023-01-31,Kathmandu-DurbarMarg,King's Way 101,Solar-Battery,9,2337.165209358441
POS-03523,2023-10-25,Pokhara-Lakeside,Baidam Street 6,Smart-Hub,1,1591.5838747756986
POS-03524,2023-01-29,Biratnagar-Main,Hospital Rd,Solar-Battery,8,4769.553008131945
POS-03525,2023-07-30,Pokhara-Lakeside,Baidam Street 6,Smart-Hub,5,2037.514432065272
POS-03526,2023-06-28,Pokhara-Lakeside,Baidam Street 6,Smart-Hub,7,231.32589903908791
POS-03527,2023-08-26,Butwal-Chowk,Traffic Chowk E,Solar-Battery,4,4385.227899675492
POS-03528,2023-06-08,Butwal-Chowk,Traffic Chowk E,4K-TV,4,3907.624120697444
POS-03529,2023-03-18,Butwal-Chowk,Traffic Chowk E,VR-Headset,3,4295.661568620256
POS-03530,2023-07-22,Biratnagar-Main,Hospital Rd,VR-Headset,6,406.2792667202542
POS-03531,2023-11-27,Lalitpur-Patan,Pulchowk Rd,Drone-HD,8,576.2609250031941
POS-03532,2023-10-07,Kathmandu-DurbarMarg,King's Way 101,Solar-Battery,6,2161.6063385659995
POS-03533,2023-02-09,Butwal-Chowk,Traffic Chowk E,Gaming-Console,1,529.6722839929267
POS-03534,2023-02-25,Kathmandu-DurbarMarg,King's Way 101,Smart-Hub,7,4708.568587434087
POS-03535,2023-04-26,Lalitpur-Patan,Pulchowk Rd,Smart-Hub,7,4574.205095271839
POS-03536,2023-10-27,Lalitpur-Patan,Pulchowk Rd,VR-Headset,3,2674.852675057345
POS-03537,2023-06-01,Kathmandu-DurbarMarg,King's Way 101,4K-TV,5,1339.1326705920712
POS-03538,2023-03-04,Pokhara-Lakeside,Baidam Street 6,Solar-Battery,2,4792.115808001165
POS-03539,2023-04-13,Biratnagar-Main,Hospital Rd,4K-TV,4,3011.0780149592483
POS-03540,2023-03-24,Kathmandu-DurbarMarg,King's Way 101,Gaming-Console,2,1764.0456622401468
POS-03541,2023-06-13,Kathmandu-DurbarMarg,King's Way 101,Smart-Hub,9,2459.144222695134
POS-03542,2023-01-08,Biratnagar-Main,Hospital Rd,VR-Headset,7,121.81137698527746
POS-03543,2023-08-14,Lalitpur-Patan,Pulchowk Rd,Gaming-Console,1,4365.251294748401
POS-03544,2023-11-25,Lalitpur-Patan,Pulchowk Rd,Solar-Battery,3,442.2032022553242
POS-03545,2023-01-31,Pokhara-Lakeside,Baidam Street 6,Drone-HD,4,434.10227244632256
POS-03546,2023-05-26,Kathmandu-DurbarMarg,King's Way 101,Solar-Battery,3,78.0681325161988
POS-03547,2023-03-06,Lalitpur-Patan,Pulchowk Rd,Solar-Battery,6,3255.7314651402867
POS-03548,2023-04-13,Lalitpur-Patan,Pulchowk Rd,Solar-Battery,5,3667.1351528598266
POS-03549,2023-11-12,Pokhara-Lakeside,Baidam Street 6,Drone-HD,1,984.4334025682203
POS-03550,2023-05-20,Butwal-Chowk,Traffic Chowk E,4K-TV,6,383.9724381416645
POS-03551,2023-11-27,Lalitpur-Patan,Pulchowk Rd,Gaming-Console,8,1337.180772839958
POS-03552,2023-11-08,Pokhara-Lakeside,Baidam Street 6,Smart-Hub,4,4477.023818266632
POS-03553,2023-03-29,Kathmandu-DurbarMarg,King's Way 101,4K-TV,1,2555.054875514141
POS-03554,2023-08-11,Butwal-Chowk,Traffic Chowk E,4K-TV,9,2290.0492834039346
POS-03555,2023-12-04,Biratnagar-Main,Hospital Rd,VR-Headset,3,2948.1192742816543
POS-03556,2023-07-09,Kathmandu-DurbarMarg,King's Way 101,4K-TV,7,1850.1590559360343
POS-03557,2023-11-27,Pokhara-Lakeside,Baidam Street 6,Smart-Hub,2,1116.354387736588
POS-03558,2023-11-26,Kathmandu-DurbarMarg,King's Way 101,Gaming-Console,3,3870.648614931228
POS-03559,2023-01-10,Kathmandu-DurbarMarg,King's Way 101,Smart-Hub,6,3681.442707625213
POS-03560,2023-07-14,Biratnagar-Main,Hospital Rd,Solar-Battery,1,556.4596182929856
POS-03561,2023-11-12,Biratnagar-Main,Hospital Rd,Smart-Hub,6,3997.2543197790437
POS-03562,2023-03-03,Pokhara-Lakeside,Baidam Street 6,VR-Headset,1,3800.6156875471706
POS-03563,2023-03-31,Lalitpur-Patan,Pulchowk Rd,VR-Headset,1,2397.1997529518417
POS-03564,2023-03-18,Lalitpur-Patan,Pulchowk Rd,Drone-HD,4,1034.7320421080954
POS-03565,2023-12-25,Lalitpur-Patan,Pulchowk Rd,VR-Headset,4,2427.2363037580094
POS-03566,2023-02-28,Lalitpur-Patan,Pulchowk Rd,Solar-Battery,5,2073.4224971615795
POS-03567,2023-08-28,Pokhara-Lakeside,Baidam Street 6,Drone-HD,1,2171.8555073328994
POS-03568,2023-01-21,Pokhara-Lakeside,Baidam Street 6,Drone-HD,2,4102.537970902666
POS-03569,2023-06-29,Lalitpur-Patan,Pulchowk Rd,Solar-Battery,5,4006.1213017802656
POS-03570,2023-08-19,Kathmandu-DurbarMarg,King's Way 101,VR-Headset,4,576.0466741100016
POS-03571,2023-01-19,Lalitpur-Patan,Pulchowk Rd,Drone-HD,7,2277.7600693290856
POS-03572,2023-11-26,Kathmandu-DurbarMarg,King's Way 101,Solar-Battery,1,2648.29949312001
POS-03573,2023-05-31,Pokhara-Lakeside,Baidam Street 6,VR-Headset,4,4032.832497707491
POS-03574,2023-10-24,Pokhara-Lakeside,Baidam Street 6,VR-Headset,4,403.51762822144326
POS-03575,2023-01-01,Biratnagar-Main,Hospital Rd,Drone-HD,1,4560.838392171177
POS-03576,2023-06-16,Kathmandu-DurbarMarg,King's Way 101,Smart-Hub,6,900.0863831831576
POS-03577,2023-11-02,Biratnagar-Main,Hospital Rd,Smart-Hub,5,3102.158236112275
POS-03578,2023-11-24,Pokhara-Lakeside,Baidam Street 6,Gaming-Console,5,1508.9887696358567
POS-03579,2023-12-24,Biratnagar-Main,Hospital Rd,4K-TV,7,1197.004090855412
POS-03580,2023-08-24,Kathmandu-DurbarMarg,King's Way 101,Solar-Battery,3,2722.001827346457
POS-03581,2023-07-12,Lalitpur-Patan,Pulchowk Rd,Drone-HD,5,2659.694482082915
POS-03582,2023-10-02,Lalitpur-Patan,Pulchowk Rd,VR-Headset,8,217.51316072647927
POS-03583,2023-06-13,Biratnagar-Main,Hospital Rd,VR-Headset,5,2949.7982910488336
POS-03584,2023-07-10,Biratnagar-Main,Hospital Rd,Smart-Hub,1,3923.774790593765
POS-03585,2023-07-27,Butwal-Chowk,Traffic Chowk E,VR-Headset,8,2225.2920837779643
POS-03586,2023-06-26,Kathmandu-DurbarMarg,King's Way 101,4K-TV,6,2044.6985051240663
POS-03587,2023-10-19,Biratnagar-Main,Hospital Rd,VR-Headset,2,2903.2014044329217
POS-03588,2023-01-11,Butwal-Chowk,Traffic Chowk E,Smart-Hub,9,4335.449891959855
POS-03589,2023-08-04,Butwal-Chowk,Traffic Chowk E,4K-TV,7,4472.89553553354
POS-03590,2023-02-07,Kathmandu-DurbarMarg,King's Way 101,4K-TV,6,2728.7312541188726
POS-03591,2023-10-20,Pokhara-Lakeside,Baidam Street 6,Smart-Hub,1,4853.368901938734
POS-03592,2023-06-21,Kathmandu-DurbarMarg,King's Way 101,Gaming-Console,6,1835.7446620329222
POS-03593,2023-10-09,Biratnagar-Main,Hospital Rd,Gaming-Console,3,3143.386593238094
POS-03594,2023-11-06,Lalitpur-Patan,Pulchowk Rd,Smart-Hub,3,4810.830747404041
POS-03595,2023-12-16,Biratnagar-Main,Hospital Rd,Solar-Battery,5,4970.376844613313
POS-03596,2023-06-22,Biratnagar-Main,Hospital Rd,VR-Headset,7,3865.3708886719173
POS-03597,2023-12-19,Butwal-Chowk,Traffic Chowk E,Gaming-Console,9,2851.919013899721
POS-03598,2023-03-03,Kathmandu-DurbarMarg,King's Way 101,VR-Headset,1,1673.156620437217
POS-03599,2023-09-15,Biratnagar-Main,Hospital Rd,Drone-HD,4,426.0192022765559
POS-03600,2023-06-19,Biratnagar-Main,Hospital Rd,4K-TV,7,2541.019020000956
POS-03601,2023-03-07,Lalitpur-Patan,Pulchowk Rd,Drone-HD,4,-81.83790471690621
POS-03602,2023-01-04,Kathmandu-DurbarMarg,King's Way 101,Drone-HD,7,1492.6170077402344
POS-03603,2023-08-23,Kathmandu-DurbarMarg,King's Way 101,Solar-Battery,5,3021.8070651429953
POS-03604,2023-03-18,Butwal-Chowk,Traffic Chowk E,Solar-Battery,2,2934.2305145727973
POS-03605,2023-11-21,Butwal-Chowk,Traffic Chowk E,Solar-Battery,6,2120.8490023369677
POS-03606,2023-05-19,Pokhara-Lakeside,Baidam Street 6,Gaming-Console,8,-83.91133203204608
POS-03607,2023-02-11,Lalitpur-Patan,Pulchowk Rd,Gaming-Console,6,450.65275125703624
POS-03608,2023-02-12,Biratnagar-Main,Hospital Rd,Solar-Battery,7,995.8282777546733
POS-03609,2023-03-10,Pokhara-Lakeside,Baidam Street 6,Gaming-Console,2,2740.140768484656
POS-03610,2023-06-24,Kathmandu-DurbarMarg,King's Way 101,Gaming-Console,9,3106.4610725618086
POS-03611,2023-12-09,Kathmandu-DurbarMarg,King's Way 101,Gaming-Console,7,230.3643399077656
POS-03612,2023-04-24,Butwal-Chowk,Traffic Chowk E,4K-TV,1,4662.112563600854
POS-03613,2023-12-03,Butwal-Chowk,Traffic Chowk E,VR-Headset,3,3825.707193193099
POS-03614,2023-02-10,Butwal-Chowk,Traffic Chowk E,4K-TV,5,1984.024413892294
POS-03615,2023-11-24,Butwal-Chowk,Traffic Chowk E,Gaming-Console,5,3193.0606011805553
POS-03616,2023-10-18,Kathmandu-DurbarMarg,King's Way 101,Solar-Battery,7,2587.0574065604615
POS-03617,2023-03-17,Lalitpur-Patan,Pulchowk Rd,4K-TV,5,4332.432271235847
POS-03618,2023-02-02,Kathmandu-DurbarMarg,King's Way 101,Gaming-Console,9,4565.532056437713
POS-03619,2023-11-03,Lalitpur-Patan,Pulchowk Rd,4K-TV,6,1986.1892185257666
POS-03620,2023-06-24,Kathmandu-DurbarMarg,King's Way 101,Solar-Battery,9,3543.375863214888
POS-03621,2023-11-21,Lalitpur-Patan,Pulchowk Rd,Solar-Battery,5,2097.669842444157
POS-03622,2023-05-27,Pokhara-Lakeside,Baidam Street 6,Solar-Battery,9,1322.8030886805857
POS-03623,2023-03-01,Lalitpur-Patan,Pulchowk Rd,Smart-Hub,2,4527.755312344653
POS-03624,2023-02-20,Lalitpur-Patan,Pulchowk Rd,Drone-HD,2,3381.6793248965523
POS-03625,2023-11-21,Butwal-Chowk,Traffic Chowk E,Smart-Hub,7,3311.1195633136936
POS-03626,2023-02-26,Butwal-Chowk,Traffic Chowk E,VR-Headset,5,4787.766358647026
POS-03627,2023-05-14,Butwal-Chowk,Traffic Chowk E,VR-Headset,7,4097.308193679436
POS-03628,2023-03-18,Biratnagar-Main,Hospital Rd,Smart-Hub,5,3513.5653628955224
POS-03629,2023-03-24,Lalitpur-Patan,Pulchowk Rd,Solar-Battery,2,2126.2259400519433
POS-03630,2023-08-10,Kathmandu-DurbarMarg,King's Way 101,4K-TV,1,642.3460021757038
POS-03631,2023-04-30,Butwal-Chowk,Traffic Chowk E,VR-Headset,3,4765.296132631621
POS-03632,2023-03-19,Biratnagar-Main,Hospital Rd,4K-TV,8,2033.7172231534514
POS-03633,2023-07-24,Lalitpur-Patan,Pulchowk Rd,Drone-HD,1,969.3352765952584
POS-03634,2023-04-23,Pokhara-Lakeside,Baidam Street 6,VR-Headset,2,1701.066353301144
POS-03635,2023-09-03,Pokhara-Lakeside,Baidam Street 6,Gaming-Console,5,2955.2309602697387
POS-03636,2023-07-27,Butwal-Chowk,Traffic Chowk E,Drone-HD,6,1464.5986480954423
POS-03637,2023-10-19,Butwal-Chowk,Traffic Chowk E,Solar-Battery,5,2995.8656347893643
POS-03638,2023-12-02,Butwal-Chowk,Traffic Chowk E,Smart-Hub,4,756.9443427292658
POS-03639,2023-06-19,Biratnagar-Main,Hospital Rd,VR-Headset,2,312.24207110993416
POS-03640,2023-04-13,Pokhara-Lakeside,Baidam Street 6,4K-TV,8,1372.6076656205857
POS-03641,2023-08-31,Biratnagar-Main,Hospital Rd,Solar-Battery,3,2747.467996948399
POS-03642,2023-05-10,Kathmandu-DurbarMarg,King's Way 101,4K-TV,9,1016.6655824218251
POS-03643,2023-05-21,Pokhara-Lakeside,Baidam Street 6,4K-TV,3,1481.589088753532
POS-03644,2023-02-25,Kathmandu-DurbarMarg,King's Way 101,4K-TV,7,4566.7641063324345
POS-03645,2023-06-19,Biratnagar-Main,Hospital Rd,Gaming-Console,7,-93.98110507284039
POS-03646,2023-09-11,Pokhara-Lakeside,Baidam Street 6,Smart-Hub,5,483.4453190953742
POS-03647,2023-07-12,Lalitpur-Patan,Pulchowk Rd,Drone-HD,3,886.8357921909047
POS-03648,2023-10-28,Kathmandu-DurbarMarg,King's Way 101,Solar-Battery,3,1457.488747179812
POS-03649,2023-07-10,Kathmandu-DurbarMarg,King's Way 101,VR-Headset,3,379.13121680529616
POS-03650,2023-03-16,Biratnagar-Main,Hospital Rd,Solar-Battery,2,80.28059637202227
POS-03651,2023-05-26,Biratnagar-Main,Hospital Rd,Gaming-Console,7,3420.300693839193
POS-03652,2023-12-19,Butwal-Chowk,Traffic Chowk E,4K-TV,9,4529.4742627163505
POS-03653,2023-08-18,Lalitpur-Patan,Pulchowk Rd,Drone-HD,1,2265.9086501892234
POS-03654,2023-08-01,Kathmandu-DurbarMarg,King's Way 101,Smart-Hub,8,3736.8772226144133
POS-03655,2023-11-23,Lalitpur-Patan,Pulchowk Rd,Gaming-Console,6,4707.157016017991
POS-03656,2023-11-29,Pokhara-Lakeside,Baidam Street 6,VR-Headset,6,2895.3595266886205
POS-03657,2023-07-07,Pokhara-Lakeside,Baidam Street 6,Gaming-Console,9,1979.691375281297
POS-03658,2023-08-08,Pokhara-Lakeside,Baidam Street 6,VR-Headset,9,2424.766104055811
POS-03659,2023-12-10,Lalitpur-Patan,Pulchowk Rd,Smart-Hub,6,1428.35682060108
POS-03660,2023-07-01,Biratnagar-Main,Hospital Rd,Drone-HD,7,1372.2067352670365
POS-03661,2023-06-21,Kathmandu-DurbarMarg,King's Way 101,Solar-Battery,6,3701.2540215153435
POS-03662,2023-05-15,Kathmandu-DurbarMarg,King's Way 101,Drone-HD,1,4918.326832430886
POS-03663,2023-05-17,Kathmandu-DurbarMarg,King's Way 101,4K-TV,1,3719.815344380288
POS-03664,2023-06-17,Butwal-Chowk,Traffic Chowk E,Smart-Hub,3,2387.1982689051288
POS-03665,2023-01-27,Lalitpur-Patan,Pulchowk Rd,Solar-Battery,5,2429.4853039506665
POS-03666,2023-07-22,Biratnagar-Main,Hospital Rd,4K-TV,9,2571.0996481423194
POS-03667,2023-08-18,Butwal-Chowk,Traffic Chowk E,4K-TV,8,122.03969183833155
POS-03668,2023-01-20,Pokhara-Lakeside,Baidam Street 6,Drone-HD,1,4618.751338142046
POS-03669,2023-07-27,Lalitpur-Patan,Pulchowk Rd,4K-TV,5,330.9951165788733
POS-03670,2023-10-10,Lalitpur-Patan,Pulchowk Rd,Solar-Battery,9,2273.4334865253677
POS-03671,2023-12-04,Biratnagar-Main,Hospital Rd,4K-TV,7,3515.394709766202
POS-03672,2023-12-15,Butwal-Chowk,Traffic Chowk E,VR-Headset,9,1109.9372250284055
POS-03673,2023-05-31,Butwal-Chowk,Traffic Chowk E,Smart-Hub,9,3070.977787444649
POS-03674,2023-09-06,Lalitpur-Patan,Pulchowk Rd,VR-Headset,7,3790.3499005244125
POS-03675,2023-12-26,Kathmandu-DurbarMarg,King's Way 101,Smart-Hub,5,2668.6843933888103
POS-03676,2023-10-05,Lalitpur-Patan,Pulchowk Rd,Drone-HD,1,3836.836617793084
POS-03677,2023-05-10,Lalitpur-Patan,Pulchowk Rd,Solar-Battery,1,1724.2297294857162
POS-03678,2023-05-16,Lalitpur-Patan,Pulchowk Rd,Drone-HD,1,581.237708767192
POS-03679,2023-03-12,Lalitpur-Patan,Pulchowk Rd,4K-TV,6,1788.5961066188813
POS-03680,2023-06-03,Biratnagar-Main,Hospital Rd,Smart-Hub,2,2208.6548465973656
POS-03681,2023-01-11,Kathmandu-DurbarMarg,King's Way 101,VR-Headset,5,495.57920844714056
POS-03682,2023-05-25,Pokhara-Lakeside,Baidam Street 6,Solar-Battery,1,2942.822419523708
POS-03683,2023-10-25,Butwal-Chowk,Traffic Chowk E,Solar-Battery,1,2121.764212647693
POS-03684,2023-11-04,Biratnagar-Main,Hospital Rd,Smart-Hub,2,2660.7072658334428
POS-03685,2023-05-23,Kathmandu-DurbarMarg,King's Way 101,VR-Headset,5,3959.1934062637133
POS-03686,2023-06-26,Lalitpur-Patan,Pulchowk Rd,Drone-HD,1,1966.4585156020175
POS-03687,2023-01-10,Butwal-Chowk,Traffic Chowk E,Drone-HD,8,4523.863296067515
POS-03688,2023-08-14,Biratnagar-Main,Hospital Rd,4K-TV,5,1291.9624543056723
POS-03689,2023-08-11,Lalitpur-Patan,Pulchowk Rd,Smart-Hub,4,3203.872523121344
POS-03690,2023-12-08,Pokhara-Lakeside,Baidam Street 6,VR-Headset,7,2295.891186009157
POS-03691,2023-06-25,Biratnagar-Main,Hospital Rd,Gaming-Console,2,371.9515363566823
POS-03692,2023-08-06,Pokhara-Lakeside,Baidam Street 6,Smart-Hub,2,606.7381257493394
POS-03693,2023-09-10,Butwal-Chowk,Traffic Chowk E,Solar-Battery,5,3076.6438723748283
POS-03694,2023-11-01,Lalitpur-Patan,Pulchowk Rd,4K-TV,8,2499.63204633522
POS-03695,2023-01-29,Kathmandu-DurbarMarg,King's Way 101,Drone-HD,2,1213.368865089286
POS-03696,2023-06-11,Pokhara-Lakeside,Baidam Street 6,Solar-Battery,7,583.1363195198627
POS-03697,2023-10-11,Butwal-Chowk,Traffic Chowk E,Solar-Battery,7,2145.179240923891
POS-03698,2023-12-24,Pokhara-Lakeside,Baidam Street 6,Gaming-Console,5,2388.1797684913463
POS-03699,2023-03-15,Biratnagar-Main,Hospital Rd,Drone-HD,6,61.0425422611026
POS-03700,2023-03-21,Lalitpur-Patan,Pulchowk Rd,VR-Headset,5,4232.540992365389
POS-03701,2023-07-15,Pokhara-Lakeside,Baidam Street 6,Smart-Hub,1,2710.5242338478606
POS-03702,2023-06-17,Kathmandu-DurbarMarg,King's Way 101,Gaming-Console,1,4249.2791816684485
POS-03703,2023-07-17,Pokhara-Lakeside,Baidam Street 6,Solar-Battery,6,1849.9934758410104
POS-03704,2023-11-30,Kathmandu-DurbarMarg,King's Way 101,4K-TV,5,4736.531271856544
POS-03705,2023-08-11,Biratnagar-Main,Hospital Rd,4K-TV,5,3962.1886936719998
POS-03706,2023-09-28,Butwal-Chowk,Traffic Chowk E,Gaming-Console,8,1893.4157385002834
POS-03707,2023-01-15,Pokhara-Lakeside,Baidam Street 6,Drone-HD,4,2090.6552072367626
POS-03708,2023-04-25,Biratnagar-Main,Hospital Rd,Drone-HD,4,63.49028195396593
POS-03709,2023-07-27,Biratnagar-Main,Hospital Rd,Drone-HD,5,3557.76810819413
POS-03710,2023-10-04,Lalitpur-Patan,Pulchowk Rd,Smart-Hub,6,661.5531412052491
POS-03711,2023-08-16,Lalitpur-Patan,Pulchowk Rd,4K-TV,7,342.03510481148476
POS-03712,2023-05-19,Lalitpur-Patan,Pulchowk Rd,Smart-Hub,6,4088.4758575467495
POS-03713,2023-07-10,Pokhara-Lakeside,Baidam Street 6,Smart-Hub,2,2530.652063558979
POS-03714,2023-04-17,Lalitpur-Patan,Pulchowk Rd,Drone-HD,6,4057.5870904344065
POS-03715,2023-06-10,Lalitpur-Patan,Pulchowk Rd,Gaming-Console,4,2015.4928303520946
POS-03716,2023-05-17,Butwal-Chowk,Traffic Chowk E,Drone-HD,6,813.7526799375646
POS-03717,2023-02-21,Lalitpur-Patan,Pulchowk Rd,Solar-Battery,3,1994.6367178515034
POS-03718,2023-05-12,Lalitpur-Patan,Pulchowk Rd,Smart-Hub,4,589.1924313378869
POS-03719,2023-09-24,Pokhara-Lakeside,Baidam Street 6,Drone-HD,2,4844.294867833456
POS-03720,2023-07-18,Lalitpur-Patan,Pulchowk Rd,Gaming-Console,6,10.133479085700259
POS-03721,2023-09-13,Biratnagar-Main,Hospital Rd,VR-Headset,4,4047.036860626654
POS-03722,2023-12-13,Pokhara-Lakeside,Baidam Street 6,VR-Headset,1,768.3039650735991
POS-03723,2023-06-23,Biratnagar-Main,Hospital Rd,Solar-Battery,9,3825.03292279515
POS-03724,2023-06-01,Butwal-Chowk,Traffic Chowk E,Solar-Battery,3,3746.7368370083254
POS-03725,2023-08-30,Pokhara-Lakeside,Baidam Street 6,VR-Headset,1,48.49130965727906
POS-03726,2023-01-08,Kathmandu-DurbarMarg,King's Way 101,VR-Headset,2,604.888230927699
POS-03727,2023-09-09,Lalitpur-Patan,Pulchowk Rd,Smart-Hub,1,1408.0149896954913
POS-03728,2023-02-18,Lalitpur-Patan,Pulchowk Rd,Solar-Battery,6,540.9762038424802
POS-03729,2023-10-14,Pokhara-Lakeside,Baidam Street 6,Solar-Battery,3,-49.103411678747754
POS-03730,2023-02-17,Kathmandu-DurbarMarg,King's Way 101,Smart-Hub,6,1937.4001087453971
POS-03731,2023-09-18,Pokhara-Lakeside,Baidam Street 6,4K-TV,9,1555.0607433751375
POS-03732,2023-06-04,Kathmandu-DurbarMarg,King's Way 101,VR-Headset,4,261.1869006493064
POS-03733,2023-11-25,Biratnagar-Main,Hospital Rd,Gaming-Console,9,4710.286436873788
POS-03734,2023-05-06,Lalitpur-Patan,Pulchowk Rd,Smart-Hub,5,1737.649512296899
POS-03735,2023-12-11,Kathmandu-DurbarMarg,King's Way 101,Drone-HD,1,3078.218310559439
POS-03736,2023-02-23,Kathmandu-DurbarMarg,King's Way 101,Drone-HD,6,2318.868315293701
POS-03737,2023-01-24,Kathmandu-DurbarMarg,King's Way 101,Solar-Battery,1,2418.035557190447
POS-03738,2023-10-03,Kathmandu-DurbarMarg,King's Way 101,Drone-HD,7,1946.8661301012369
POS-03739,2023-05-08,Pokhara-Lakeside,Baidam Street 6,4K-TV,1,2864.0594447474514
POS-03740,2023-09-30,Butwal-Chowk,Traffic Chowk E,4K-TV,8,221.0144910280108
POS-03741,2023-02-28,Biratnagar-Main,Hospital Rd,Solar-Battery,6,3.233088928136368
POS-03742,2023-05-04,Lalitpur-Patan,Pulchowk Rd,4K-TV,5,4542.860038304109
POS-03743,2023-05-27,Kathmandu-DurbarMarg,King's Way 101,Drone-HD,3,728.5625220960061
POS-03744,2023-09-29,Lalitpur-Patan,Pulchowk Rd,Smart-Hub,9,4466.102376083955
POS-03745,2023-09-30,Biratnagar-Main,Hospital Rd,Gaming-Console,3,1636.406946638546
POS-03746,2023-03-30,Biratnagar-Main,Hospital Rd,Drone-HD,8,3247.8727163825506
POS-03747,2023-02-12,Lalitpur-Patan,Pulchowk Rd,4K-TV,7,3080.1957035432392
POS-03748,2023-10-30,Butwal-Chowk,Traffic Chowk E,Solar-Battery,7,3902.401800636123
POS-03749,2023-10-02,Kathmandu-DurbarMarg,King's Way 101,VR-Headset,5,3372.608901012586
POS-03750,2023-08-21,Butwal-Chowk,Traffic Chowk E,VR-Headset,9,2159.7554456879
POS-03751,2023-08-04,Biratnagar-Main,Hospital Rd,Solar-Battery,8,2918.541520807097
POS-03752,2023-03-29,Butwal-Chowk,Traffic Chowk E,Drone-HD,1,570.1305997026157
POS-03753,2023-10-01,Biratnagar-Main,Hospital Rd,4K-TV,6,2969.034380705598
POS-03754,2023-10-17,Lalitpur-Patan,Pulchowk Rd,Smart-Hub,1,2004.5460408142567
POS-03755,2023-10-28,Biratnagar-Main,Hospital Rd,4K-TV,3,4441.912723452936
POS-03756,2023-05-01,Butwal-Chowk,Traffic Chowk E,Drone-HD,2,2280.249573228368
POS-03757,2023-11-12,Kathmandu-DurbarMarg,King's Way 101,4K-TV,8,2590.806432556877
POS-03758,2023-05-20,Biratnagar-Main,Hospital Rd,Smart-Hub,9,4020.837297819572
POS-03759,2023-02-01,Butwal-Chowk,Traffic Chowk E,Drone-HD,4,507.217742629403
POS-03760,2023-03-30,Biratnagar-Main,Hospital Rd,Gaming-Console,7,572.3159017573689
POS-03761,2023-03-03,Butwal-Chowk,Traffic Chowk E,4K-TV,3,3923.820238238812
POS-03762,2023-04-20,Kathmandu-DurbarMarg,King's Way 101,Smart-Hub,6,2025.3254457163202
POS-03763,2023-02-24,Biratnagar-Main,Hospital Rd,Solar-Battery,3,3885.556999662057
POS-03764,2023-03-13,Butwal-Chowk,Traffic Chowk E,VR-Headset,2,3359.870915811172
POS-03765,2023-05-25,Biratnagar-Main,Hospital Rd,Smart-Hub,2,3416.8489822035904
POS-03766,2023-02-20,Kathmandu-DurbarMarg,King's Way 101,4K-TV,5,3261.785161569106
POS-03767,2023-07-03,Lalitpur-Patan,Pulchowk Rd,4K-TV,4,1470.2975758775226
POS-03768,2023-05-30,Butwal-Chowk,Traffic Chowk E,Solar-Battery,2,3529.7919406460787
POS-03769,2023-03-31,Pokhara-Lakeside,Baidam Street 6,4K-TV,7,3555.641347087854
POS-03770,2023-09-16,Lalitpur-Patan,Pulchowk Rd,4K-TV,3,727.9104384645728
POS-03771,2023-09-24,Biratnagar-Main,Hospital Rd,Smart-Hub,9,3913.6537051882387
POS-03772,2023-09-01,Pokhara-Lakeside,Baidam Street 6,Solar-Battery,2,1276.2788451885667
POS-03773,2023-11-19,Pokhara-Lakeside,Baidam Street 6,VR-Headset,5,2477.391649389383
POS-03774,2023-09-22,Pokhara-Lakeside,Baidam Street 6,4K-TV,5,3347.8008043994705
POS-03775,2023-06-11,Kathmandu-DurbarMarg,King's Way 101,Drone-HD,9,2263.7939921701577
POS-03776,2023-03-15,Biratnagar-Main,Hospital Rd,Gaming-Console,2,4596.162435356855
POS-03777,2023-06-06,Lalitpur-Patan,Pulchowk Rd,4K-TV,9,4852.948401237021
POS-03778,2023-06-23,Butwal-Chowk,Traffic Chowk E,Solar-Battery,7,3129.335628621681
POS-03779,2023-02-04,Kathmandu-DurbarMarg,King's Way 101,Gaming-Console,3,-6.100021672816226
POS-03780,2023-01-30,Biratnagar-Main,Hospital Rd,Smart-Hub,1,3917.933071875255
POS-03781,2023-03-03,Pokhara-Lakeside,Baidam Street 6,4K-TV,1,623.6216527610036
POS-03782,2023-07-22,Pokhara-Lakeside,Baidam Street 6,Gaming-Console,6,2071.3946655600475
POS-03783,2023-06-01,Kathmandu-DurbarMarg,King's Way 101,4K-TV,3,494.3909579092939
POS-03784,2023-04-19,Biratnagar-Main,Hospital Rd,VR-Headset,4,221.5656692742881
POS-03785,2023-08-15,Biratnagar-Main,Hospital Rd,Solar-Battery,2,2338.606131149305
POS-03786,2023-05-03,Biratnagar-Main,Hospital Rd,Smart-Hub,7,4327.256263072564
POS-03787,2023-06-07,Pokhara-Lakeside,Baidam Street 6,Solar-Battery,9,2927.9659994126046
POS-03788,2023-10-28,Lalitpur-Patan,Pulchowk Rd,Gaming-Console,1,952.0603801152495
POS-03789,2023-04-03,Lalitpur-Patan,Pulchowk Rd,Drone-HD,8,669.5839272519257
POS-03790,2023-09-14,Biratnagar-Main,Hospital Rd,Gaming-Console,3,3300.9033107022765
POS-03791,2023-03-22,Kathmandu-DurbarMarg,King's Way 101,Gaming-Console,2,4068.7398463674263
POS-03792,2023-03-27,Lalitpur-Patan,Pulchowk Rd,Smart-Hub,7,4627.692145604128
POS-03793,2023-05-30,Kathmandu-DurbarMarg,King's Way 101,Drone-HD,6,2039.7157604324452
POS-03794,2023-03-11,Butwal-Chowk,Traffic Chowk E,VR-Headset,3,2615.0410695188116
POS-03795,2023-12-15,Kathmandu-DurbarMarg,King's Way 101,Gaming-Console,1,129.60533029191797
POS-03796,2023-11-11,Lalitpur-Patan,Pulchowk Rd,VR-Headset,4,733.4467200037601
POS-03797,2023-05-02,Pokhara-Lakeside,Baidam Street 6,Gaming-Console,5,4336.076372663229
POS-03798,2023-08-02,Kathmandu-DurbarMarg,King's Way 101,4K-TV,3,4991.852611411231
POS-03799,2023-03-14,Lalitpur-Patan,Pulchowk Rd,4K-TV,5,1364.63154628451
POS-03800,2023-08-09,Biratnagar-Main,Hospital Rd,Drone-HD,2,1402.8446269518909
POS-03801,2023-01-07,Butwal-Chowk,Traffic Chowk E,Gaming-Console,9,4825.547610059662
POS-03802,2023-09-25,Biratnagar-Main,Hospital Rd,Solar-Battery,9,1190.7741431132613
POS-03803,2023-06-07,Lalitpur-Patan,Pulchowk Rd,Solar-Battery,9,2838.4962880384446
POS-03804,2023-04-11,Biratnagar-Main,Hospital Rd,Smart-Hub,1,293.5449273605743
POS-03805,2023-08-24,Biratnagar-Main,Hospital Rd,VR-Headset,9,1332.1302665653857
POS-03806,2023-02-19,Butwal-Chowk,Traffic Chowk E,VR-Headset,7,1261.3599396968034
POS-03807,2023-06-20,Pokhara-Lakeside,Baidam Street 6,Drone-HD,2,2910.310169554478
POS-03808,2023-07-23,Kathmandu-DurbarMarg,King's Way 101,Drone-HD,4,4859.633299806826
POS-03809,2023-10-03,Butwal-Chowk,Traffic Chowk E,Gaming-Console,5,1798.4652080418232
POS-03810,2023-08-31,Kathmandu-DurbarMarg,King's Way 101,Drone-HD,7,2783.021618532307
POS-03811,2023-10-15,Butwal-Chowk,Traffic Chowk E,Smart-Hub,5,2176.4893938743107
POS-03812,2023-09-28,Lalitpur-Patan,Pulchowk Rd,Gaming-Console,5,92.78037996066351
POS-03813,2023-09-16,Butwal-Chowk,Traffic Chowk E,Drone-HD,6,2747.805109456547
POS-03814,2023-11-26,Pokhara-Lakeside,Baidam Street 6,Gaming-Console,3,291.5955963725037
POS-03815,2023-06-28,Kathmandu-DurbarMarg,King's Way 101,VR-Headset,2,2155.6558963996417
POS-03816,2023-01-28,Butwal-Chowk,Traffic Chowk E,Drone-HD,5,4273.61897915932
POS-03817,2023-03-08,Butwal-Chowk,Traffic Chowk E,Smart-Hub,6,2092.988866522253
POS-03818,2023-06-23,Kathmandu-DurbarMarg,King's Way 101,4K-TV,6,2890.3172509135866
POS-03819,2023-07-11,Butwal-Chowk,Traffic Chowk E,Gaming-Console,5,4664.055409852005
POS-03820,2023-09-22,Butwal-Chowk,Traffic Chowk E,VR-Headset,6,3931.96036029358
POS-03821,2023-02-21,Kathmandu-DurbarMarg,King's Way 101,VR-Headset,6,2461.0675511500212
POS-03822,2023-02-10,Pokhara-Lakeside,Baidam Street 6,Solar-Battery,6,934.9289569265072
POS-03823,2023-01-30,Lalitpur-Patan,Pulchowk Rd,Gaming-Console,4,1106.9552472710427
POS-03824,2023-08-28,Kathmandu-DurbarMarg,King's Way 101,VR-Headset,2,1106.7013602739155
POS-03825,2023-05-04,Butwal-Chowk,Traffic Chowk E,Drone-HD,8,115.56745530854212
POS-03826,2023-09-05,Pokhara-Lakeside,Baidam Street 6,Solar-Battery,1,4483.878015063456
POS-03827,2023-05-14,Biratnagar-Main,Hospital Rd,Solar-Battery,8,2260.9484809412565
POS-03828,2023-10-30,Butwal-Chowk,Traffic Chowk E,Drone-HD,7,1289.1671078613913
POS-03829,2023-08-08,Lalitpur-Patan,Pulchowk Rd,VR-Headset,1,2872.6652161448815
POS-03830,2023-03-03,Lalitpur-Patan,Pulchowk Rd,4K-TV,7,2051.2534055746723
POS-03831,2023-09-23,Biratnagar-Main,Hospital Rd,4K-TV,6,883.415424873764
POS-03832,2023-09-15,Biratnagar-Main,Hospital Rd,4K-TV,9,3240.517223478515
POS-03833,2023-11-10,Biratnagar-Main,Hospital Rd,4K-TV,1,2403.8590137789197
POS-03834,2023-05-19,Butwal-Chowk,Traffic Chowk E,4K-TV,3,4132.840924937724
POS-03835,2023-04-21,Kathmandu-DurbarMarg,King's Way 101,Smart-Hub,5,2315.935411310936
POS-03836,2023-08-03,Biratnagar-Main,Hospital Rd,Drone-HD,9,4954.327654377342
POS-03837,2023-11-20,Lalitpur-Patan,Pulchowk Rd,Smart-Hub,8,1680.4851500693085
POS-03838,2023-07-31,Kathmandu-DurbarMarg,King's Way 101,Solar-Battery,1,4855.5223262019645
POS-03839,2023-03-10,Biratnagar-Main,Hospital Rd,VR-Headset,1,1168.291103632998
POS-03840,2023-11-24,Kathmandu-DurbarMarg,King's Way 101,4K-TV,4,673.5998399470357
POS-03841,2023-10-25,Lalitpur-Patan,Pulchowk Rd,Solar-Battery,3,2562.171641435347
POS-03842,2023-09-19,Butwal-Chowk,Traffic Chowk E,4K-TV,6,3912.9834993403674
POS-03843,2023-12-02,Kathmandu-DurbarMarg,King's Way 101,4K-TV,6,2341.430258801894
POS-03844,2023-10-02,Butwal-Chowk,Traffic Chowk E,Gaming-Console,7,1803.7454448554392
POS-03845,2023-11-09,Pokhara-Lakeside,Baidam Street 6,Solar-Battery,1,2822.069491459197
POS-03846,2023-10-05,Butwal-Chowk,Traffic Chowk E,4K-TV,8,3144.595194760168
POS-03847,2023-05-07,Kathmandu-DurbarMarg,King's Way 101,Smart-Hub,1,1942.98609945762
POS-03848,2023-08-18,Butwal-Chowk,Traffic Chowk E,Drone-HD,1,3003.21686931711
POS-03849,2023-07-18,Lalitpur-Patan,Pulchowk Rd,Smart-Hub,8,3443.9488166536694
POS-03850,2023-06-25,Kathmandu-DurbarMarg,King's Way 101,Gaming-Console,2,1916.8268044987828
POS-03851,2023-06-09,Kathmandu-DurbarMarg,King's Way 101,Drone-HD,6,727.8306997260162
POS-03852,2023-12-26,Butwal-Chowk,Traffic Chowk E,Gaming-Console,3,654.6133719098331
POS-03853,2023-03-02,Biratnagar-Main,Hospital Rd,Smart-Hub,5,4427.804837633909
POS-03854,2023-12-20,Butwal-Chowk,Traffic Chowk E,Drone-HD,5,3779.305140051693
POS-03855,2023-10-25,Lalitpur-Patan,Pulchowk Rd,Solar-Battery,9,3627.3300946213453
POS-03856,2023-10-04,Kathmandu-DurbarMarg,King's Way 101,Drone-HD,9,4955.107368436975
POS-03857,2023-10-11,Pokhara-Lakeside,Baidam Street 6,4K-TV,4,202.85542798930686
POS-03858,2023-09-06,Lalitpur-Patan,Pulchowk Rd,Drone-HD,3,4891.575988659547
POS-03859,2023-09-20,Kathmandu-DurbarMarg,King's Way 101,VR-Headset,7,2179.123731189505
POS-03860,2023-07-04,Lalitpur-Patan,Pulchowk Rd,4K-TV,7,1206.7802724869703
POS-03861,2023-10-25,Butwal-Chowk,Traffic Chowk E,Gaming-Console,7,965.8519829614706
POS-03862,2023-02-22,Biratnagar-Main,Hospital Rd,Smart-Hub,9,3619.169387195757
POS-03863,2023-01-07,Butwal-Chowk,Traffic Chowk E,4K-TV,2,-66.75333763554084
POS-03864,2023-11-28,Lalitpur-Patan,Pulchowk Rd,4K-TV,3,1039.081007711362
POS-03865,2023-06-06,Biratnagar-Main,Hospital Rd,Solar-Battery,4,-80.06077427706006
POS-03866,2023-08-03,Lalitpur-Patan,Pulchowk Rd,4K-TV,7,1484.750893972844
POS-03867,2023-07-27,Biratnagar-Main,Hospital Rd,Smart-Hub,8,3780.316465722769
POS-03868,2023-04-26,Lalitpur-Patan,Pulchowk Rd,Solar-Battery,4,2488.300332669969
POS-03869,2023-02-05,Pokhara-Lakeside,Baidam Street 6,Solar-Battery,8,2069.1011530923106
POS-03870,2023-11-14,Lalitpur-Patan,Pulchowk Rd,4K-TV,4,3100.195989666216
POS-03871,2023-05-04,Pokhara-Lakeside,Baidam Street 6,4K-TV,8,1789.9013652905642
POS-03872,2023-07-15,Pokhara-Lakeside,Baidam Street 6,VR-Headset,2,3885.2816186581495
POS-03873,2023-03-10,Kathmandu-DurbarMarg,King's Way 101,Drone-HD,6,2527.3338528289783
POS-03874,2023-08-07,Kathmandu-DurbarMarg,King's Way 101,Drone-HD,5,980.625850206748
POS-03875,2023-04-15,Butwal-Chowk,Traffic Chowk E,Drone-HD,3,3445.755367008212
POS-03876,2023-04-27,Biratnagar-Main,Hospital Rd,Drone-HD,5,2798.400040580015
POS-03877,2023-07-25,Lalitpur-Patan,Pulchowk Rd,4K-TV,9,4560.975165324046
POS-03878,2023-04-20,Kathmandu-DurbarMarg,King's Way 101,Smart-Hub,2,3936.7836650696863
POS-03879,2023-06-29,Pokhara-Lakeside,Baidam Street 6,4K-TV,5,3800.972359646288
POS-03880,2023-05-23,Biratnagar-Main,Hospital Rd,VR-Headset,1,2071.2373456799955
POS-03881,2023-09-02,Biratnagar-Main,Hospital Rd,VR-Headset,9,1809.668345195219
POS-03882,2023-05-29,Lalitpur-Patan,Pulchowk Rd,Drone-HD,4,1264.0180134633642
POS-03883,2023-02-27,Pokhara-Lakeside,Baidam Street 6,Smart-Hub,8,1390.6716446173425
POS-03884,2023-07-31,Biratnagar-Main,Hospital Rd,Drone-HD,4,-49.10438236192659
POS-03885,2023-03-12,Butwal-Chowk,Traffic Chowk E,Solar-Battery,2,2097.6728259568376
POS-03886,2023-03-08,Butwal-Chowk,Traffic Chowk E,Gaming-Console,6,-78.54649396821748
POS-03887,2023-08-02,Lalitpur-Patan,Pulchowk Rd,4K-TV,9,349.15081890582513
POS-03888,2023-06-01,Biratnagar-Main,Hospital Rd,4K-TV,5,1750.6747005230548
POS-03889,2023-04-27,Biratnagar-Main,Hospital Rd,4K-TV,1,1079.0090500509998
POS-03890,2023-11-10,Butwal-Chowk,Traffic Chowk E,VR-Headset,4,2761.2179516733036
POS-03891,2023-02-16,Pokhara-Lakeside,Baidam Street 6,Gaming-Console,5,265.3819834660965
POS-03892,2023-06-04,Biratnagar-Main,Hospital Rd,Solar-Battery,6,4101.443761571502
POS-03893,2023-05-12,Pokhara-Lakeside,Baidam Street 6,Gaming-Console,1,2303.6158994141615
POS-03894,2023-05-24,Butwal-Chowk,Traffic Chowk E,Drone-HD,5,1910.3039638524117
POS-03895,2023-11-17,Lalitpur-Patan,Pulchowk Rd,4K-TV,9,554.7513584278867
POS-03896,2023-05-24,Lalitpur-Patan,Pulchowk Rd,Drone-HD,2,2698.1625386612645
POS-03897,2023-01-10,Kathmandu-DurbarMarg,King's Way 101,Smart-Hub,4,2745.5249989871036
POS-03898,2023-07-27,Kathmandu-DurbarMarg,King's Way 101,Gaming-Console,6,371.84800214982477
POS-03899,2023-02-12,Biratnagar-Main,Hospital Rd,Smart-Hub,2,4476.648254210434
POS-03900,2023-08-25,Biratnagar-Main,Hospital Rd,Gaming-Console,2,1110.7109065955083
POS-03901,2023-02-12,Butwal-Chowk,Traffic Chowk E,VR-Headset,9,1711.0820684840673
POS-03902,2023-07-16,Biratnagar-Main,Hospital Rd,Gaming-Console,8,3138.37833941622
POS-03903,2023-09-22,Pokhara-Lakeside,Baidam Street 6,4K-TV,9,2072.0163919890924
POS-03904,2023-06-03,Biratnagar-Main,Hospital Rd,4K-TV,7,4155.831092236292
POS-03905,2023-08-24,Butwal-Chowk,Traffic Chowk E,VR-Headset,7,3272.5154301921357
POS-03906,2023-10-23,Lalitpur-Patan,Pulchowk Rd,Smart-Hub,2,3592.892035793145
POS-03907,2023-07-17,Butwal-Chowk,Traffic Chowk E,Solar-Battery,4,2758.0747566295377
POS-03908,2023-05-22,Butwal-Chowk,Traffic Chowk E,4K-TV,1,-49.39757144285776
POS-03909,2023-12-07,Butwal-Chowk,Traffic Chowk E,Smart-Hub,8,2021.803838129344
POS-03910,2023-04-30,Butwal-Chowk,Traffic Chowk E,Drone-HD,3,2078.924002672203
POS-03911,2023-05-03,Kathmandu-DurbarMarg,King's Way 101,Solar-Battery,3,2425.1638539581577
POS-03912,2023-02-12,Pokhara-Lakeside,Baidam Street 6,Gaming-Console,9,3542.2430029445018
POS-03913,2023-02-27,Lalitpur-Patan,Pulchowk Rd,4K-TV,4,1086.4462851526805
POS-03914,2023-08-30,Kathmandu-DurbarMarg,King's Way 101,Drone-HD,8,2791.538684020801
POS-03915,2023-08-01,Biratnagar-Main,Hospital Rd,VR-Headset,5,-6.381109961040934
POS-03916,2023-03-22,Kathmandu-DurbarMarg,King's Way 101,Solar-Battery,4,2452.44800168787
POS-03917,2023-01-02,Kathmandu-DurbarMarg,King's Way 101,Smart-Hub,1,3511.707616871788
POS-03918,2023-12-20,Biratnagar-Main,Hospital Rd,Solar-Battery,7,4071.6195127233987
POS-03919,2023-09-06,Lalitpur-Patan,Pulchowk Rd,4K-TV,8,645.4549023303265
POS-03920,2023-12-09,Kathmandu-DurbarMarg,King's Way 101,4K-TV,8,2581.7307070392894
POS-03921,2023-01-28,Biratnagar-Main,Hospital Rd,4K-TV,5,1117.7535406604452
POS-03922,2023-03-21,Lalitpur-Patan,Pulchowk Rd,4K-TV,9,2110.909044579304
POS-03923,2023-12-12,Lalitpur-Patan,Pulchowk Rd,4K-TV,9,884.8208947928143
POS-03924,2023-11-21,Pokhara-Lakeside,Baidam Street 6,4K-TV,5,252.95201967136478
POS-03925,2023-10-20,Biratnagar-Main,Hospital Rd,4K-TV,6,4801.886750851128
POS-03926,2023-08-04,Pokhara-Lakeside,Baidam Street 6,VR-Headset,1,1564.1396265715573
POS-03927,2023-04-27,Butwal-Chowk,Traffic Chowk E,Drone-HD,8,3431.309474623907
POS-03928,2023-09-13,Kathmandu-DurbarMarg,King's Way 101,Drone-HD,9,1436.6066173674112
POS-03929,2023-07-18,Butwal-Chowk,Traffic Chowk E,Solar-Battery,5,2669.7630072329684
POS-03930,2023-05-15,Pokhara-Lakeside,Baidam Street 6,Solar-Battery,6,1127.3782903303243
POS-03931,2023-03-09,Biratnagar-Main,Hospital Rd,Gaming-Console,8,3625.4048177787267
POS-03932,2023-10-17,Kathmandu-DurbarMarg,King's Way 101,4K-TV,3,677.6555148386631
POS-03933,2023-07-02,Butwal-Chowk,Traffic Chowk E,Gaming-Console,3,4562.368389381804
POS-03934,2023-12-10,Kathmandu-DurbarMarg,King's Way 101,Drone-HD,4,4118.990528344361
POS-03935,2023-12-18,Lalitpur-Patan,Pulchowk Rd,VR-Headset,8,1527.440204979204
POS-03936,2023-10-10,Pokhara-Lakeside,Baidam Street 6,4K-TV,7,180.7419604259884
POS-03937,2023-11-17,Lalitpur-Patan,Pulchowk Rd,Gaming-Console,1,-13.501824721718265
POS-03938,2023-01-11,Pokhara-Lakeside,Baidam Street 6,Smart-Hub,2,1674.8770420326418
POS-03939,2023-08-01,Kathmandu-DurbarMarg,King's Way 101,4K-TV,8,2971.7887965881487
POS-03940,2023-09-30,Butwal-Chowk,Traffic Chowk E,Drone-HD,2,773.6449578176798
POS-03941,2023-09-23,Kathmandu-DurbarMarg,King's Way 101,Gaming-Console,9,3064.4768046137274
POS-03942,2023-05-19,Biratnagar-Main,Hospital Rd,Smart-Hub,4,4168.448060514579
POS-03943,2023-11-15,Biratnagar-Main,Hospital Rd,4K-TV,6,1439.2594009760742
POS-03944,2023-03-18,Pokhara-Lakeside,Baidam Street 6,Solar-Battery,9,2573.4671796780867
POS-03945,2023-04-05,Kathmandu-DurbarMarg,King's Way 101,Smart-Hub,9,3663.755530912549
POS-03946,2023-12-05,Biratnagar-Main,Hospital Rd,Smart-Hub,2,2120.4101583042684
POS-03947,2023-08-13,Pokhara-Lakeside,Baidam Street 6,Smart-Hub,8,862.0925710924073
POS-03948,2023-07-30,Kathmandu-DurbarMarg,King's Way 101,4K-TV,5,1340.6362346418919
POS-03949,2023-01-26,Lalitpur-Patan,Pulchowk Rd,Gaming-Console,4,3170.995486891378
POS-03950,2023-01-29,Kathmandu-DurbarMarg,King's Way 101,4K-TV,4,1903.6133246971742
POS-03951,2023-09-22,Biratnagar-Main,Hospital Rd,Solar-Battery,7,2486.1935010237703
POS-03952,2023-04-23,Kathmandu-DurbarMarg,King's Way 101,4K-TV,6,3252.462395119313
POS-03953,2023-09-04,Pokhara-Lakeside,Baidam Street 6,4K-TV,2,1497.2175108395718
POS-03954,2023-03-07,Lalitpur-Patan,Pulchowk Rd,Smart-Hub,6,329.43247100673193
POS-03955,2023-09-05,Biratnagar-Main,Hospital Rd,Drone-HD,4,4950.6893780401215
POS-03956,2023-09-09,Pokhara-Lakeside,Baidam Street 6,Solar-Battery,2,2690.9716307254434
POS-03957,2023-09-26,Lalitpur-Patan,Pulchowk Rd,Drone-HD,6,3438.322338163886
POS-03958,2023-03-19,Butwal-Chowk,Traffic Chowk E,Gaming-Console,7,-88.64353421727323
POS-03959,2023-08-30,Kathmandu-DurbarMarg,King's Way 101,Gaming-Console,1,4425.185610333578
POS-03960,2023-10-13,Butwal-Chowk,Traffic Chowk E,Solar-Battery,3,4546.466126035269
POS-03961,2023-07-11,Lalitpur-Patan,Pulchowk Rd,Drone-HD,8,518.6922624654384
POS-03962,2023-02-03,Biratnagar-Main,Hospital Rd,Drone-HD,4,2277.4489436768467
POS-03963,2023-07-02,Butwal-Chowk,Traffic Chowk E,4K-TV,8,1667.3261416469984
POS-03964,2023-02-26,Biratnagar-Main,Hospital Rd,VR-Headset,6,1263.6514486113183
POS-03965,2023-05-22,Butwal-Chowk,Traffic Chowk E,Drone-HD,1,1182.2083252427656
POS-03966,2023-09-30,Biratnagar-Main,Hospital Rd,Drone-HD,6,1843.659231525196
POS-03967,2023-02-11,Biratnagar-Main,Hospital Rd,Gaming-Console,9,4950.505622946807
POS-03968,2023-06-01,Kathmandu-DurbarMarg,King's Way 101,Solar-Battery,9,1292.6767446084436
POS-03969,2023-12-07,Lalitpur-Patan,Pulchowk Rd,VR-Headset,6,3917.4516171643777
POS-03970,2023-04-10,Lalitpur-Patan,Pulchowk Rd,VR-Headset,4,1976.9690704846016
POS-03971,2023-11-16,Pokhara-Lakeside,Baidam Street 6,4K-TV,4,4988.239650061898
POS-03972,2023-02-26,Lalitpur-Patan,Pulchowk Rd,Drone-HD,8,2691.135199200812
POS-03973,2023-08-26,Lalitpur-Patan,Pulchowk Rd,Solar-Battery,8,1977.8825718225798
POS-03974,2023-03-05,Lalitpur-Patan,Pulchowk Rd,Gaming-Console,2,4901.825308886649
POS-03975,2023-08-20,Butwal-Chowk,Traffic Chowk E,VR-Headset,1,2931.266143142029
POS-03976,2023-10-16,Butwal-Chowk,Traffic Chowk E,Solar-Battery,7,2368.071804098043
POS-03977,2023-08-29,Pokhara-Lakeside,Baidam Street 6,Drone-HD,1,3848.783713355687
POS-03978,2023-04-24,Biratnagar-Main,Hospital Rd,Drone-HD,8,3444.7377862852322
POS-03979,2023-03-29,Pokhara-Lakeside,Baidam Street 6,4K-TV,7,4425.6018399494
POS-03980,2023-12-18,Biratnagar-Main,Hospital Rd,VR-Headset,3,1887.1803660109435
POS-03981,2023-07-29,Butwal-Chowk,Traffic Chowk E,Smart-Hub,3,3268.4000531036645
POS-03982,2023-07-24,Butwal-Chowk,Traffic Chowk E,Gaming-Console,6,4895.388553081757
POS-03983,2023-05-11,Lalitpur-Patan,Pulchowk Rd,Smart-Hub,1,3565.9311041060478
POS-03984,2023-12-01,Pokhara-Lakeside,Baidam Street 6,VR-Headset,5,1751.798713033159
POS-03985,2023-08-26,Kathmandu-DurbarMarg,King's Way 101,VR-Headset,8,3933.8915332824226
POS-03986,2023-06-01,Biratnagar-Main,Hospital Rd,Solar-Battery,4,4862.249168576063
POS-03987,2023-07-05,Biratnagar-Main,Hospital Rd,Gaming-Console,9,700.5716912106966
POS-03988,2023-03-15,Biratnagar-Main,Hospital Rd,VR-Headset,9,345.3121384355526
POS-03989,2023-10-11,Butwal-Chowk,Traffic Chowk E,Gaming-Console,8,1171.884153441037
POS-03990,2023-05-16,Pokhara-Lakeside,Baidam Street 6,Solar-Battery,2,1011.1118260725532
POS-03991,2023-06-20,Pokhara-Lakeside,Baidam Street 6,4K-TV,1,4117.911976003377
POS-03992,2023-05-31,Lalitpur-Patan,Pulchowk Rd,Drone-HD,7,4063.2469267254355
POS-03993,2023-05-20,Lalitpur-Patan,Pulchowk Rd,VR-Headset,8,2826.9495102411306
POS-03994,2023-12-19,Pokhara-Lakeside,Baidam Street 6,Solar-Battery,1,391.7490646040102
POS-03995,2023-07-29,Biratnagar-Main,Hospital Rd,4K-TV,2,4113.523047191428
POS-03996,2023-07-14,Pokhara-Lakeside,Baidam Street 6,Drone-HD,6,3702.7089542623885
POS-03997,2023-11-07,Lalitpur-Patan,Pulchowk Rd,Smart-Hub,7,2185.775869478735
POS-03998,2023-08-30,Pokhara-Lakeside,Baidam Street 6,Smart-Hub,2,256.94302888389564
POS-03999,2023-08-25,Kathmandu-DurbarMarg,King's Way 101,Gaming-Console,2,2975.8740923456644
POS-04000,2023-04-28,Pokhara-Lakeside,Baidam Street 6,4K-TV,3,2150.083131615147
POS-04001,2023-04-21,Butwal-Chowk,Traffic Chowk E,Solar-Battery,4,4577.461302050383
POS-04002,2023-08-10,Lalitpur-Patan,Pulchowk Rd,Solar-Battery,1,88.39767371894925
POS-04003,2023-11-04,Pokhara-Lakeside,Baidam Street 6,4K-TV,5,3757.157692152828
POS-04004,2023-06-14,Pokhara-Lakeside,Baidam Street 6,Smart-Hub,9,4211.556087887315
POS-04005,2023-10-01,Pokhara-Lakeside,Baidam Street 6,4K-TV,7,3184.6168435881827
POS-04006,2023-07-18,Biratnagar-Main,Hospital Rd,Gaming-Console,8,1450.8621603999682
POS-04007,2023-07-04,Lalitpur-Patan,Pulchowk Rd,Smart-Hub,8,1687.309024779143
POS-04008,2023-06-03,Butwal-Chowk,Traffic Chowk E,VR-Headset,1,1621.4491996157453
POS-04009,2023-02-16,Biratnagar-Main,Hospital Rd,Drone-HD,3,3116.456427621218
POS-04010,2023-07-31,Butwal-Chowk,Traffic Chowk E,VR-Headset,5,1186.974754860285
POS-04011,2023-07-18,Lalitpur-Patan,Pulchowk Rd,Smart-Hub,8,-66.39411092317654
POS-04012,2023-01-17,Butwal-Chowk,Traffic Chowk E,Drone-HD,8,238.83021100992391
POS-04013,2023-10-03,Butwal-Chowk,Traffic Chowk E,Drone-HD,7,588.1845469301512
POS-04014,2023-07-24,Biratnagar-Main,Hospital Rd,VR-Headset,1,2323.43390554703
POS-04015,2023-06-24,Biratnagar-Main,Hospital Rd,Smart-Hub,9,2300.4131035051346
POS-04016,2023-02-01,Kathmandu-DurbarMarg,King's Way 101,Solar-Battery,6,27.64351173670653
POS-04017,2023-02-12,Butwal-Chowk,Traffic Chowk E,Gaming-Console,5,100.87501258042136
POS-04018,2023-10-27,Lalitpur-Patan,Pulchowk Rd,Gaming-Console,2,1455.8388214593222
POS-04019,2023-05-16,Butwal-Chowk,Traffic Chowk E,Drone-HD,4,3445.130419146647
POS-04020,2023-12-26,Butwal-Chowk,Traffic Chowk E,Solar-Battery,1,628.8796063503895
POS-04021,2023-09-13,Kathmandu-DurbarMarg,King's Way 101,Gaming-Console,9,184.3458039534608
POS-04022,2023-08-09,Pokhara-Lakeside,Baidam Street 6,VR-Headset,4,4483.661015322565
POS-04023,2023-06-09,Biratnagar-Main,Hospital Rd,VR-Headset,5,2816.0943508049313
POS-04024,2023-03-16,Biratnagar-Main,Hospital Rd,4K-TV,1,2747.5374508047903
POS-04025,2023-11-10,Lalitpur-Patan,Pulchowk Rd,VR-Headset,9,2951.005023271291
POS-04026,2023-02-08,Lalitpur-Patan,Pulchowk Rd,VR-Headset,3,3147.114656002921
POS-04027,2023-09-19,Kathmandu-DurbarMarg,King's Way 101,Gaming-Console,4,2586.4815900978947
POS-04028,2023-11-30,Lalitpur-Patan,Pulchowk Rd,4K-TV,7,1129.9563512086393
POS-04029,2023-11-09,Butwal-Chowk,Traffic Chowk E,Gaming-Console,1,3572.999707826358
POS-04030,2023-04-27,Lalitpur-Patan,Pulchowk Rd,VR-Headset,3,4922.163014015168
POS-04031,2023-03-08,Pokhara-Lakeside,Baidam Street 6,Drone-HD,2,1112.776014357419
POS-04032,2023-05-18,Biratnagar-Main,Hospital Rd,4K-TV,4,3796.93834174735
POS-04033,2023-11-20,Kathmandu-DurbarMarg,King's Way 101,Gaming-Console,7,2057.5315273165716
POS-04034,2023-06-21,Lalitpur-Patan,Pulchowk Rd,VR-Headset,7,1623.4850519867905
POS-04035,2023-04-03,Lalitpur-Patan,Pulchowk Rd,Smart-Hub,8,2238.8609450912977
POS-04036,2023-01-23,Lalitpur-Patan,Pulchowk Rd,Gaming-Console,3,3804.2577087928453
POS-04037,2023-12-03,Pokhara-Lakeside,Baidam Street 6,4K-TV,3,3057.0232106187186
POS-04038,2023-12-04,Pokhara-Lakeside,Baidam Street 6,Solar-Battery,5,3526.2623068803987
POS-04039,2023-07-31,Lalitpur-Patan,Pulchowk Rd,Smart-Hub,9,2821.740311007425
POS-04040,2023-05-29,Pokhara-Lakeside,Baidam Street 6,Gaming-Console,6,1400.5479949139692
POS-04041,2023-11-14,Pokhara-Lakeside,Baidam Street 6,Smart-Hub,9,1881.2799284428163
POS-04042,2023-05-19,Butwal-Chowk,Traffic Chowk E,Drone-HD,2,3215.853603567954
POS-04043,2023-10-12,Kathmandu-DurbarMarg,King's Way 101,Solar-Battery,7,1219.116331508068
POS-04044,2023-12-12,Lalitpur-Patan,Pulchowk Rd,Smart-Hub,5,-82.02455506572812
POS-04045,2023-11-10,Pokhara-Lakeside,Baidam Street 6,4K-TV,5,216.3587499483511
POS-04046,2023-05-10,Biratnagar-Main,Hospital Rd,Drone-HD,7,161.18183813520375
POS-04047,2023-07-23,Biratnagar-Main,Hospital Rd,Drone-HD,8,4572.287951240512
POS-04048,2023-11-19,Lalitpur-Patan,Pulchowk Rd,Smart-Hub,3,847.7756758833038
POS-04049,2023-12-18,Pokhara-Lakeside,Baidam Street 6,Gaming-Console,7,82.27280191881573
POS-04050,2023-11-24,Kathmandu-DurbarMarg,King's Way 101,4K-TV,1,1931.7235259075944
POS-04051,2023-11-12,Biratnagar-Main,Hospital Rd,4K-TV,9,2742.210659729015
POS-04052,2023-10-27,Butwal-Chowk,Traffic Chowk E,VR-Headset,1,1585.8141871260896
POS-04053,2023-11-01,Lalitpur-Patan,Pulchowk Rd,Solar-Battery,6,1516.9800687181466
POS-04054,2023-09-20,Pokhara-Lakeside,Baidam Street 6,Smart-Hub,4,4323.024888903197
POS-04055,2023-01-31,Pokhara-Lakeside,Baidam Street 6,Smart-Hub,9,1080.4103578714764
POS-04056,2023-09-01,Pokhara-Lakeside,Baidam Street 6,4K-TV,5,548.6447292370285
POS-04057,2023-11-06,Kathmandu-DurbarMarg,King's Way 101,4K-TV,4,4437.07729533993
POS-04058,2023-12-05,Biratnagar-Main,Hospital Rd,4K-TV,2,1422.3251916124068
POS-04059,2023-08-27,Pokhara-Lakeside,Baidam Street 6,4K-TV,3,3090.66465421292
POS-04060,2023-12-18,Lalitpur-Patan,Pulchowk Rd,VR-Headset,3,1006.3557910781155
POS-04061,2023-04-23,Pokhara-Lakeside,Baidam Street 6,Solar-Battery,2,3271.3976821888637
POS-04062,2023-10-22,Kathmandu-DurbarMarg,King's Way 101,VR-Headset,9,4705.9544719806845
POS-04063,2023-07-30,Kathmandu-DurbarMarg,King's Way 101,Gaming-Console,5,127.71363054000031
POS-04064,2023-12-17,Pokhara-Lakeside,Baidam Street 6,Gaming-Console,4,3215.264310929014
POS-04065,2023-01-16,Kathmandu-DurbarMarg,King's Way 101,VR-Headset,4,2202.9063129146275
POS-04066,2023-04-21,Biratnagar-Main,Hospital Rd,4K-TV,2,4264.961156067033
POS-04067,2023-08-03,Biratnagar-Main,Hospital Rd,Solar-Battery,7,1510.425676488595
POS-04068,2023-03-21,Pokhara-Lakeside,Baidam Street 6,Smart-Hub,7,437.5577743752649
POS-04069,2023-10-26,Kathmandu-DurbarMarg,King's Way 101,Smart-Hub,7,3120.24061763032
POS-04070,2023-10-06,Pokhara-Lakeside,Baidam Street 6,Gaming-Console,8,2657.4284216728774
POS-04071,2023-01-16,Biratnagar-Main,Hospital Rd,Drone-HD,3,2328.8474560312698
POS-04072,2023-03-09,Kathmandu-DurbarMarg,King's Way 101,4K-TV,1,3059.463800969116
POS-04073,2023-01-20,Butwal-Chowk,Traffic Chowk E,Smart-Hub,7,1300.5695344211026
POS-04074,2023-01-27,Kathmandu-DurbarMarg,King's Way 101,Smart-Hub,8,4702.799148794503
POS-04075,2023-06-03,Lalitpur-Patan,Pulchowk Rd,Solar-Battery,1,4529.963463259561
POS-04076,2023-07-28,Butwal-Chowk,Traffic Chowk E,Solar-Battery,7,1164.6252124387129
POS-04077,2023-07-24,Pokhara-Lakeside,Baidam Street 6,4K-TV,4,1889.1185810523405
POS-04078,2023-07-26,Lalitpur-Patan,Pulchowk Rd,VR-Headset,5,1439.0645663233659
POS-04079,2023-01-03,Pokhara-Lakeside,Baidam Street 6,4K-TV,5,1591.2201040076434
POS-04080,2023-08-26,Butwal-Chowk,Traffic Chowk E,Gaming-Console,1,2445.491877878978
POS-04081,2023-12-01,Kathmandu-DurbarMarg,King's Way 101,Smart-Hub,5,4909.759421098687
POS-04082,2023-09-28,Kathmandu-DurbarMarg,King's Way 101,4K-TV,4,2787.5217853495296
POS-04083,2023-02-17,Kathmandu-DurbarMarg,King's Way 101,Gaming-Console,4,2618.048681837247
POS-04084,2023-02-26,Lalitpur-Patan,Pulchowk Rd,4K-TV,7,2699.7712475317994
POS-04085,2023-12-07,Kathmandu-DurbarMarg,King's Way 101,VR-Headset,1,549.7070407363249
POS-04086,2023-10-25,Kathmandu-DurbarMarg,King's Way 101,Solar-Battery,5,1614.103948434089
POS-04087,2023-10-30,Kathmandu-DurbarMarg,King's Way 101,Smart-Hub,5,1527.5325445956973
POS-04088,2023-08-30,Pokhara-Lakeside,Baidam Street 6,Smart-Hub,6,1815.8606807764393
POS-04089,2023-12-25,Biratnagar-Main,Hospital Rd,VR-Headset,2,2473.4451263610986
POS-04090,2023-08-22,Pokhara-Lakeside,Baidam Street 6,Solar-Battery,8,88.89360887164887
POS-04091,2023-03-14,Kathmandu-DurbarMarg,King's Way 101,Solar-Battery,7,4381.706432790192
POS-04092,2023-12-20,Lalitpur-Patan,Pulchowk Rd,Smart-Hub,7,2396.3525008757856
POS-04093,2023-11-20,Lalitpur-Patan,Pulchowk Rd,Smart-Hub,2,3227.315101515035
POS-04094,2023-01-26,Biratnagar-Main,Hospital Rd,Gaming-Console,3,67.07646889310291
POS-04095,2023-05-06,Kathmandu-DurbarMarg,King's Way 101,VR-Headset,2,1579.9100572104717
POS-04096,2023-06-01,Pokhara-Lakeside,Baidam Street 6,Drone-HD,5,4300.054252936607
POS-04097,2023-11-23,Kathmandu-DurbarMarg,King's Way 101,Drone-HD,5,269.9855241751085
POS-04098,2023-09-22,Kathmandu-DurbarMarg,King's Way 101,Drone-HD,5,3208.3053104927703
POS-04099,2023-07-30,Lalitpur-Patan,Pulchowk Rd,VR-Headset,7,1749.4957906671777
POS-04100,2023-03-12,Biratnagar-Main,Hospital Rd,Solar-Battery,3,3662.9232768516545
POS-04101,2023-09-07,Pokhara-Lakeside,Baidam Street 6,Solar-Battery,9,1427.008840936731
POS-04102,2023-05-23,Butwal-Chowk,Traffic Chowk E,4K-TV,7,693.350094624276
POS-04103,2023-03-04,Butwal-Chowk,Traffic Chowk E,Drone-HD,5,3060.453446864416
POS-04104,2023-11-28,Pokhara-Lakeside,Baidam Street 6,Gaming-Console,6,3755.549754444754
POS-04105,2023-09-07,Butwal-Chowk,Traffic Chowk E,Smart-Hub,2,480.1979904218084
POS-04106,2023-11-12,Kathmandu-DurbarMarg,King's Way 101,Solar-Battery,7,1767.7742540399556
POS-04107,2023-12-05,Pokhara-Lakeside,Baidam Street 6,Gaming-Console,6,1652.0990307342875
POS-04108,2023-04-21,Lalitpur-Patan,Pulchowk Rd,Drone-HD,7,4972.962034693591
POS-04109,2023-08-28,Pokhara-Lakeside,Baidam Street 6,Solar-Battery,1,2823.162817366257
POS-04110,2023-04-22,Butwal-Chowk,Traffic Chowk E,4K-TV,4,2241.201058307045
POS-04111,2023-02-11,Butwal-Chowk,Traffic Chowk E,Drone-HD,7,4020.1731105794097
POS-04112,2023-10-02,Pokhara-Lakeside,Baidam Street 6,4K-TV,4,2366.5295930021257
POS-04113,2023-07-27,Biratnagar-Main,Hospital Rd,Smart-Hub,2,2028.2915316590033
POS-04114,2023-02-15,Butwal-Chowk,Traffic Chowk E,Smart-Hub,4,18.898706683281844
POS-04115,2023-10-09,Kathmandu-DurbarMarg,King's Way 101,Drone-HD,6,975.4672947222452
POS-04116,2023-08-11,Butwal-Chowk,Traffic Chowk E,Drone-HD,7,2571.457057600192
POS-04117,2023-01-13,Lalitpur-Patan,Pulchowk Rd,VR-Headset,2,1242.9105710326255
POS-04118,2023-07-22,Lalitpur-Patan,Pulchowk Rd,Solar-Battery,6,4583.350019584806
POS-04119,2023-07-01,Butwal-Chowk,Traffic Chowk E,Gaming-Console,5,22.829195124637636
POS-04120,2023-11-02,Lalitpur-Patan,Pulchowk Rd,VR-Headset,9,3778.5672003463587
POS-04121,2023-04-19,Butwal-Chowk,Traffic Chowk E,VR-Headset,8,1574.0443510686814
POS-04122,2023-12-12,Kathmandu-DurbarMarg,King's Way 101,Solar-Battery,8,3770.5556382405493
POS-04123,2023-09-04,Butwal-Chowk,Traffic Chowk E,Solar-Battery,8,868.0638513104178
POS-04124,2023-10-06,Biratnagar-Main,Hospital Rd,Gaming-Console,3,3679.039859494002
POS-04125,2023-05-14,Pokhara-Lakeside,Baidam Street 6,Gaming-Console,5,3753.6579051157537
POS-04126,2023-03-16,Butwal-Chowk,Traffic Chowk E,4K-TV,7,238.49099882909354
POS-04127,2023-07-21,Biratnagar-Main,Hospital Rd,Smart-Hub,1,477.1613501006933
POS-04128,2023-03-13,Lalitpur-Patan,Pulchowk Rd,Gaming-Console,1,2494.286738652032
POS-04129,2023-05-21,Biratnagar-Main,Hospital Rd,Smart-Hub,7,4578.351774691213
POS-04130,2023-12-20,Kathmandu-DurbarMarg,King's Way 101,Drone-HD,4,3122.050259267037
POS-04131,2023-06-14,Lalitpur-Patan,Pulchowk Rd,4K-TV,9,2139.348630213554
POS-04132,2023-03-04,Pokhara-Lakeside,Baidam Street 6,VR-Headset,2,4464.736504634304
POS-04133,2023-01-29,Butwal-Chowk,Traffic Chowk E,VR-Headset,6,4412.356186048835
POS-04134,2023-01-09,Kathmandu-DurbarMarg,King's Way 101,Gaming-Console,6,1059.8916442450525
POS-04135,2023-11-24,Lalitpur-Patan,Pulchowk Rd,Drone-HD,9,165.94622268931357
POS-04136,2023-06-13,Pokhara-Lakeside,Baidam Street 6,VR-Headset,2,1135.0924369396337
POS-04137,2023-09-19,Kathmandu-DurbarMarg,King's Way 101,Smart-Hub,1,1158.0107463966494
POS-04138,2023-10-13,Pokhara-Lakeside,Baidam Street 6,Smart-Hub,3,4214.49912010442
POS-04139,2023-07-27,Butwal-Chowk,Traffic Chowk E,Solar-Battery,4,3603.4416288977336
POS-04140,2023-08-12,Biratnagar-Main,Hospital Rd,Drone-HD,4,1365.6066587531077
POS-04141,2023-01-08,Biratnagar-Main,Hospital Rd,Gaming-Console,5,3503.6785110704095
POS-04142,2023-07-18,Biratnagar-Main,Hospital Rd,4K-TV,1,2451.4608594635565
POS-04143,2023-01-14,Pokhara-Lakeside,Baidam Street 6,Smart-Hub,7,4341.341887095366
POS-04144,2023-02-27,Biratnagar-Main,Hospital Rd,Smart-Hub,6,3228.1276735769616
POS-04145,2023-09-01,Kathmandu-DurbarMarg,King's Way 101,Smart-Hub,3,3814.158016022405
POS-04146,2023-03-02,Kathmandu-DurbarMarg,King's Way 101,VR-Headset,6,2806.2914451394045
POS-04147,2023-03-10,Butwal-Chowk,Traffic Chowk E,4K-TV,8,4261.585423966171
POS-04148,2023-10-03,Pokhara-Lakeside,Baidam Street 6,Drone-HD,4,4367.528140198869
POS-04149,2023-12-02,Kathmandu-DurbarMarg,King's Way 101,4K-TV,5,2547.166504155487
POS-04150,2023-01-23,Pokhara-Lakeside,Baidam Street 6,VR-Headset,8,1183.1526674724332
POS-04151,2023-08-24,Kathmandu-DurbarMarg,King's Way 101,Solar-Battery,3,1857.310187453067
POS-04152,2023-06-19,Butwal-Chowk,Traffic Chowk E,Solar-Battery,7,1961.6998565575582
POS-04153,2023-11-20,Lalitpur-Patan,Pulchowk Rd,Smart-Hub,7,4955.4299812748395
POS-04154,2023-10-05,Pokhara-Lakeside,Baidam Street 6,Drone-HD,3,2864.2978921518197
POS-04155,2023-12-15,Butwal-Chowk,Traffic Chowk E,VR-Headset,8,1260.1296460059707
POS-04156,2023-09-04,Butwal-Chowk,Traffic Chowk E,Smart-Hub,1,4152.3164081863515
POS-04157,2023-06-24,Butwal-Chowk,Traffic Chowk E,Drone-HD,7,1173.1671117929345
POS-04158,2023-10-13,Biratnagar-Main,Hospital Rd,4K-TV,2,503.8465315323326
POS-04159,2023-11-27,Butwal-Chowk,Traffic Chowk E,Drone-HD,6,1160.2885168223381
POS-04160,2023-06-14,Lalitpur-Patan,Pulchowk Rd,4K-TV,5,1542.0308993917477
POS-04161,2023-12-21,Butwal-Chowk,Traffic Chowk E,Solar-Battery,5,2479.457123305097
POS-04162,2023-04-26,Pokhara-Lakeside,Baidam Street 6,VR-Headset,4,563.2805737446881
POS-04163,2023-02-23,Biratnagar-Main,Hospital Rd,Smart-Hub,3,3997.7404731509278
POS-04164,2023-04-02,Biratnagar-Main,Hospital Rd,Smart-Hub,7,4190.2579894303
POS-04165,2023-06-10,Butwal-Chowk,Traffic Chowk E,Smart-Hub,5,2161.353837566477
POS-04166,2023-11-10,Butwal-Chowk,Traffic Chowk E,Solar-Battery,2,146.70070336794834
POS-04167,2023-07-12,Kathmandu-DurbarMarg,King's Way 101,Drone-HD,1,2454.9622621506965
POS-04168,2023-07-18,Biratnagar-Main,Hospital Rd,Drone-HD,5,92.69989838954314
POS-04169,2023-11-18,Biratnagar-Main,Hospital Rd,4K-TV,2,3037.407571071832
POS-04170,2023-07-02,Butwal-Chowk,Traffic Chowk E,Gaming-Console,7,398.73408062922124
POS-04171,2023-11-17,Biratnagar-Main,Hospital Rd,VR-Headset,2,2911.9227767537905
POS-04172,2023-03-27,Pokhara-Lakeside,Baidam Street 6,Gaming-Console,8,889.1762027775947
POS-04173,2023-01-02,Kathmandu-DurbarMarg,King's Way 101,VR-Headset,5,2055.28084437191
POS-04174,2023-04-28,Lalitpur-Patan,Pulchowk Rd,Smart-Hub,3,832.2823353799487
POS-04175,2023-04-04,Biratnagar-Main,Hospital Rd,Drone-HD,7,1348.8679497534645
POS-04176,2023-07-15,Lalitpur-Patan,Pulchowk Rd,Drone-HD,3,1665.7154363725833
POS-04177,2023-06-17,Butwal-Chowk,Traffic Chowk E,Smart-Hub,8,1020.1638142171712
POS-04178,2023-03-08,Pokhara-Lakeside,Baidam Street 6,Solar-Battery,7,3112.028016001626
POS-04179,2023-10-14,Kathmandu-DurbarMarg,King's Way 101,Solar-Battery,9,3681.46503082887
POS-04180,2023-08-26,Lalitpur-Patan,Pulchowk Rd,VR-Headset,5,681.3414550015456
POS-04181,2023-10-03,Butwal-Chowk,Traffic Chowk E,4K-TV,9,911.229730855863
POS-04182,2023-06-04,Butwal-Chowk,Traffic Chowk E,Gaming-Console,1,4118.877189514504
POS-04183,2023-03-18,Pokhara-Lakeside,Baidam Street 6,Smart-Hub,2,2885.3587861444
POS-04184,2023-08-21,Butwal-Chowk,Traffic Chowk E,Solar-Battery,8,4780.484787151007
POS-04185,2023-08-03,Butwal-Chowk,Traffic Chowk E,VR-Headset,7,4264.099851240943
POS-04186,2023-11-18,Lalitpur-Patan,Pulchowk Rd,VR-Headset,4,2227.814591688956
POS-04187,2023-05-06,Biratnagar-Main,Hospital Rd,Solar-Battery,7,1383.3342249033753
POS-04188,2023-11-19,Kathmandu-DurbarMarg,King's Way 101,VR-Headset,3,4589.189023221113
POS-04189,2023-09-01,Biratnagar-Main,Hospital Rd,Solar-Battery,8,2497.1849793329347
POS-04190,2023-10-16,Biratnagar-Main,Hospital Rd,VR-Headset,8,3227.454027904425
POS-04191,2023-01-12,Pokhara-Lakeside,Baidam Street 6,VR-Headset,5,4262.410596217274
POS-04192,2023-01-06,Kathmandu-DurbarMarg,King's Way 101,Gaming-Console,8,4322.636256761314
POS-04193,2023-04-06,Lalitpur-Patan,Pulchowk Rd,4K-TV,1,2274.5436266232423
POS-04194,2023-01-24,Pokhara-Lakeside,Baidam Street 6,VR-Headset,6,1840.5832578352968
POS-04195,2023-11-26,Lalitpur-Patan,Pulchowk Rd,Solar-Battery,1,2384.0902272379585
POS-04196,2023-02-07,Pokhara-Lakeside,Baidam Street 6,Gaming-Console,9,338.45857150887423
POS-04197,2023-05-02,Pokhara-Lakeside,Baidam Street 6,Smart-Hub,2,4164.973294351336
POS-04198,2023-05-09,Pokhara-Lakeside,Baidam Street 6,Drone-HD,9,1134.9754438038415
POS-04199,2023-06-16,Biratnagar-Main,Hospital Rd,Solar-Battery,6,500.92945227987445
POS-04200,2023-01-26,Lalitpur-Patan,Pulchowk Rd,Gaming-Console,2,2194.1160832225232
POS-04201,2023-12-15,Kathmandu-DurbarMarg,King's Way 101,Gaming-Console,6,1475.4174456060375
POS-04202,2023-04-09,Biratnagar-Main,Hospital Rd,Solar-Battery,1,3074.8671126425793
POS-04203,2023-06-19,Kathmandu-DurbarMarg,King's Way 101,Smart-Hub,7,3092.962124097381
POS-04204,2023-06-18,Kathmandu-DurbarMarg,King's Way 101,Solar-Battery,9,1760.458850958097
POS-04205,2023-03-31,Pokhara-Lakeside,Baidam Street 6,Solar-Battery,2,1952.4203142034198
POS-04206,2023-07-15,Lalitpur-Patan,Pulchowk Rd,Drone-HD,6,3085.3944259375003
POS-04207,2023-07-26,Butwal-Chowk,Traffic Chowk E,VR-Headset,2,3067.409868195716
POS-04208,2023-12-10,Biratnagar-Main,Hospital Rd,Drone-HD,6,2917.2707497114025
POS-04209,2023-01-22,Biratnagar-Main,Hospital Rd,Drone-HD,3,425.94091198824253
POS-04210,2023-04-04,Butwal-Chowk,Traffic Chowk E,Drone-HD,9,4342.98539838328
POS-04211,2023-11-15,Kathmandu-DurbarMarg,King's Way 101,VR-Headset,5,848.2540751535411
POS-04212,2023-06-06,Kathmandu-DurbarMarg,King's Way 101,Smart-Hub,9,2425.093046817553
POS-04213,2023-07-09,Kathmandu-DurbarMarg,King's Way 101,Gaming-Console,1,2298.943725491635
POS-04214,2023-09-16,Butwal-Chowk,Traffic Chowk E,Smart-Hub,1,740.8687578128206
POS-04215,2023-02-27,Pokhara-Lakeside,Baidam Street 6,Drone-HD,2,2652.6065316172526
POS-04216,2023-04-14,Butwal-Chowk,Traffic Chowk E,Smart-Hub,4,4025.2415941234494
POS-04217,2023-07-18,Lalitpur-Patan,Pulchowk Rd,Solar-Battery,2,3841.1573201146252
POS-04218,2023-01-25,Butwal-Chowk,Traffic Chowk E,VR-Headset,2,325.39973875154783
POS-04219,2023-09-15,Kathmandu-DurbarMarg,King's Way 101,Drone-HD,7,837.3683387181117
POS-04220,2023-09-27,Butwal-Chowk,Traffic Chowk E,Solar-Battery,5,2128.5936840928002
POS-04221,2023-02-24,Lalitpur-Patan,Pulchowk Rd,Drone-HD,8,3396.0404983485023
POS-04222,2023-03-02,Kathmandu-DurbarMarg,King's Way 101,VR-Headset,6,2465.65742612106
POS-04223,2023-06-20,Lalitpur-Patan,Pulchowk Rd,Drone-HD,8,3891.18044106591
POS-04224,2023-12-20,Butwal-Chowk,Traffic Chowk E,Gaming-Console,4,2859.492077314815
POS-04225,2023-09-19,Pokhara-Lakeside,Baidam Street 6,4K-TV,8,2203.5063145856484
POS-04226,2023-11-20,Butwal-Chowk,Traffic Chowk E,Gaming-Console,9,7.919843824051924
POS-04227,2023-07-22,Biratnagar-Main,Hospital Rd,Smart-Hub,3,1047.128954244542
POS-04228,2023-04-06,Butwal-Chowk,Traffic Chowk E,Gaming-Console,3,920.9561615863768
POS-04229,2023-03-14,Biratnagar-Main,Hospital Rd,Drone-HD,7,2478.3254409565416
POS-04230,2023-04-13,Kathmandu-DurbarMarg,King's Way 101,Drone-HD,5,2857.7465991955605
POS-04231,2023-09-24,Pokhara-Lakeside,Baidam Street 6,VR-Headset,9,3735.755062956586
POS-04232,2023-05-06,Butwal-Chowk,Traffic Chowk E,Drone-HD,4,4927.270866188395
POS-04233,2023-01-27,Biratnagar-Main,Hospital Rd,VR-Headset,4,512.0340030590016
POS-04234,2023-04-27,Butwal-Chowk,Traffic Chowk E,Gaming-Console,8,727.043223025924
POS-04235,2023-11-20,Kathmandu-DurbarMarg,King's Way 101,Solar-Battery,4,1358.1555233535166
POS-04236,2023-12-26,Lalitpur-Patan,Pulchowk Rd,Smart-Hub,8,4791.581844089602
POS-04237,2023-09-07,Kathmandu-DurbarMarg,King's Way 101,Smart-Hub,4,1368.1862214272628
POS-04238,2023-11-22,Butwal-Chowk,Traffic Chowk E,VR-Headset,3,848.9131322609308
POS-04239,2023-08-08,Kathmandu-DurbarMarg,King's Way 101,4K-TV,6,1021.8735435486713
POS-04240,2023-10-13,Biratnagar-Main,Hospital Rd,Solar-Battery,7,3312.7468957498436
POS-04241,2023-07-16,Biratnagar-Main,Hospital Rd,Solar-Battery,6,1052.966329036981
POS-04242,2023-07-03,Biratnagar-Main,Hospital Rd,Gaming-Console,4,1564.3743333702205
POS-04243,2023-11-15,Pokhara-Lakeside,Baidam Street 6,4K-TV,9,1206.378123173385
POS-04244,2023-07-28,Lalitpur-Patan,Pulchowk Rd,Smart-Hub,2,4582.952487408823
POS-04245,2023-02-09,Biratnagar-Main,Hospital Rd,Smart-Hub,5,4482.065579166801
POS-04246,2023-06-12,Pokhara-Lakeside,Baidam Street 6,VR-Headset,3,2509.1309468785994
POS-04247,2023-11-06,Butwal-Chowk,Traffic Chowk E,Gaming-Console,8,1514.3381137088795
POS-04248,2023-08-24,Pokhara-Lakeside,Baidam Street 6,VR-Headset,2,2566.313875771042
POS-04249,2023-09-12,Pokhara-Lakeside,Baidam Street 6,Drone-HD,2,3624.4345875162867
POS-04250,2023-10-31,Butwal-Chowk,Traffic Chowk E,Drone-HD,9,3813.5998202317055
POS-04251,2023-10-27,Lalitpur-Patan,Pulchowk Rd,Gaming-Console,9,4741.067294317396
POS-04252,2023-02-14,Biratnagar-Main,Hospital Rd,Solar-Battery,3,2303.7724059377947
POS-04253,2023-10-26,Butwal-Chowk,Traffic Chowk E,Gaming-Console,4,306.0183438167788
POS-04254,2023-08-07,Kathmandu-DurbarMarg,King's Way 101,Gaming-Console,3,4927.566667320156
POS-04255,2023-06-13,Butwal-Chowk,Traffic Chowk E,VR-Headset,6,4952.093111520771
POS-04256,2023-09-08,Lalitpur-Patan,Pulchowk Rd,Solar-Battery,3,1122.165893756186
POS-04257,2023-01-08,Kathmandu-DurbarMarg,King's Way 101,4K-TV,2,1284.52127633272
POS-04258,2023-09-29,Kathmandu-DurbarMarg,King's Way 101,Drone-HD,4,573.4796194831018
POS-04259,2023-10-21,Kathmandu-DurbarMarg,King's Way 101,Gaming-Console,6,1470.2666225649343
POS-04260,2023-05-30,Butwal-Chowk,Traffic Chowk E,VR-Headset,1,3487.085204178234
POS-04261,2023-12-16,Butwal-Chowk,Traffic Chowk E,Gaming-Console,7,725.3401494556175
POS-04262,2023-10-05,Kathmandu-DurbarMarg,King's Way 101,4K-TV,6,1845.3428559818437
POS-04263,2023-07-06,Pokhara-Lakeside,Baidam Street 6,Smart-Hub,6,3305.8735876008977
POS-04264,2023-01-30,Butwal-Chowk,Traffic Chowk E,Smart-Hub,2,1089.2266401619374
POS-04265,2023-11-03,Kathmandu-DurbarMarg,King's Way 101,Solar-Battery,5,4019.1129169027945
POS-04266,2023-04-09,Butwal-Chowk,Traffic Chowk E,4K-TV,4,4681.331642059705
POS-04267,2023-10-16,Lalitpur-Patan,Pulchowk Rd,4K-TV,2,4845.924013742842
POS-04268,2023-04-25,Lalitpur-Patan,Pulchowk Rd,Drone-HD,6,4200.058747224043
POS-04269,2023-01-05,Butwal-Chowk,Traffic Chowk E,Solar-Battery,5,3577.3501338928872
POS-04270,2023-06-14,Kathmandu-DurbarMarg,King's Way 101,Drone-HD,6,2590.6657980224895
POS-04271,2023-09-24,Pokhara-Lakeside,Baidam Street 6,Drone-HD,5,1418.718432500859
POS-04272,2023-03-02,Butwal-Chowk,Traffic Chowk E,VR-Headset,8,1278.8288689687697
POS-04273,2023-10-11,Lalitpur-Patan,Pulchowk Rd,Solar-Battery,3,3203.6363299583945
POS-04274,2023-01-23,Biratnagar-Main,Hospital Rd,Gaming-Console,5,3807.3971601014678
POS-04275,2023-02-11,Butwal-Chowk,Traffic Chowk E,VR-Headset,2,460.81002402892193
POS-04276,2023-12-23,Biratnagar-Main,Hospital Rd,Smart-Hub,4,3811.054017016225
POS-04277,2023-01-24,Kathmandu-DurbarMarg,King's Way 101,Drone-HD,8,598.0922036502499
POS-04278,2023-10-23,Biratnagar-Main,Hospital Rd,VR-Headset,7,4321.627056808077
POS-04279,2023-02-15,Lalitpur-Patan,Pulchowk Rd,Solar-Battery,8,4928.431658791689
POS-04280,2023-10-26,Kathmandu-DurbarMarg,King's Way 101,VR-Headset,8,2767.9669246622166
POS-04281,2023-02-28,Butwal-Chowk,Traffic Chowk E,4K-TV,4,4977.498083050572
POS-04282,2023-03-14,Butwal-Chowk,Traffic Chowk E,4K-TV,8,2027.593768765657
POS-04283,2023-03-09,Lalitpur-Patan,Pulchowk Rd,4K-TV,4,2556.8774451542663
POS-04284,2023-06-01,Lalitpur-Patan,Pulchowk Rd,4K-TV,4,3281.483300312973
POS-04285,2023-04-13,Lalitpur-Patan,Pulchowk Rd,Solar-Battery,9,1986.0571458272252
POS-04286,2023-12-26,Butwal-Chowk,Traffic Chowk E,Smart-Hub,6,3829.9499288053134
POS-04287,2023-10-21,Lalitpur-Patan,Pulchowk Rd,Gaming-Console,8,314.1418864807529
POS-04288,2023-03-13,Pokhara-Lakeside,Baidam Street 6,4K-TV,4,3303.5040009478266
POS-04289,2023-11-24,Biratnagar-Main,Hospital Rd,Drone-HD,6,3777.8585475957384
POS-04290,2023-03-19,Kathmandu-DurbarMarg,King's Way 101,Solar-Battery,5,4680.2474955188945
POS-04291,2023-03-02,Kathmandu-DurbarMarg,King's Way 101,Smart-Hub,4,127.66457046812039
POS-04292,2023-07-22,Pokhara-Lakeside,Baidam Street 6,VR-Headset,8,3448.1039982730404
POS-04293,2023-08-19,Pokhara-Lakeside,Baidam Street 6,4K-TV,6,227.63196123926593
POS-04294,2023-08-24,Butwal-Chowk,Traffic Chowk E,Drone-HD,8,1903.2495520524149
POS-04295,2023-09-26,Pokhara-Lakeside,Baidam Street 6,Drone-HD,1,4321.277264312353
POS-04296,2023-06-12,Lalitpur-Patan,Pulchowk Rd,Drone-HD,4,4403.323484307873
POS-04297,2023-06-21,Lalitpur-Patan,Pulchowk Rd,Drone-HD,4,1297.215596261604
POS-04298,2023-10-04,Kathmandu-DurbarMarg,King's Way 101,Gaming-Console,2,2339.928266273196
POS-04299,2023-12-10,Biratnagar-Main,Hospital Rd,Smart-Hub,8,2521.8549796889856
POS-04300,2023-04-26,Kathmandu-DurbarMarg,King's Way 101,Gaming-Console,7,691.5717424585821
POS-04301,2023-04-22,Kathmandu-DurbarMarg,King's Way 101,Drone-HD,1,4954.657990818023
POS-04302,2023-10-21,Lalitpur-Patan,Pulchowk Rd,VR-Headset,6,1473.8326743493972
POS-04303,2023-06-09,Biratnagar-Main,Hospital Rd,4K-TV,8,3698.3947983762678
POS-04304,2023-01-27,Biratnagar-Main,Hospital Rd,Smart-Hub,7,2581.678485940875
POS-04305,2023-09-01,Biratnagar-Main,Hospital Rd,4K-TV,7,907.816871043066
POS-04306,2023-09-09,Kathmandu-DurbarMarg,King's Way 101,Solar-Battery,7,433.0805070232383
POS-04307,2023-05-03,Butwal-Chowk,Traffic Chowk E,Solar-Battery,1,1316.3506949974442
POS-04308,2023-10-13,Kathmandu-DurbarMarg,King's Way 101,VR-Headset,8,466.05917054975725
POS-04309,2023-07-17,Lalitpur-Patan,Pulchowk Rd,Drone-HD,1,2543.139459080894
POS-04310,2023-02-18,Lalitpur-Patan,Pulchowk Rd,VR-Headset,1,4696.797305291345
POS-04311,2023-05-22,Butwal-Chowk,Traffic Chowk E,VR-Headset,3,724.4372504433052
POS-04312,2023-05-15,Butwal-Chowk,Traffic Chowk E,Smart-Hub,9,2197.3857317114284
POS-04313,2023-08-14,Kathmandu-DurbarMarg,King's Way 101,Solar-Battery,5,380.0864802024942
POS-04314,2023-05-04,Lalitpur-Patan,Pulchowk Rd,Solar-Battery,6,3347.965132651859
POS-04315,2023-11-23,Kathmandu-DurbarMarg,King's Way 101,4K-TV,8,928.6210664857092
POS-04316,2023-09-13,Lalitpur-Patan,Pulchowk Rd,Gaming-Console,9,1120.1701702881503
POS-04317,2023-07-28,Pokhara-Lakeside,Baidam Street 6,Solar-Battery,4,2781.557879054843
POS-04318,2023-01-01,Lalitpur-Patan,Pulchowk Rd,Gaming-Console,8,3040.0165805956003
POS-04319,2023-04-28,Lalitpur-Patan,Pulchowk Rd,Gaming-Console,5,927.3853537795069
POS-04320,2023-02-05,Lalitpur-Patan,Pulchowk Rd,4K-TV,5,3469.501155993032
POS-04321,2023-01-14,Biratnagar-Main,Hospital Rd,VR-Headset,5,4166.572266321004
POS-04322,2023-01-07,Pokhara-Lakeside,Baidam Street 6,Gaming-Console,2,3965.6160259715175
POS-04323,2023-01-02,Pokhara-Lakeside,Baidam Street 6,VR-Headset,4,2235.8024588379817
POS-04324,2023-12-26,Lalitpur-Patan,Pulchowk Rd,VR-Headset,4,1282.2305430203216
POS-04325,2023-09-08,Biratnagar-Main,Hospital Rd,Smart-Hub,6,4469.5958117926975
POS-04326,2023-12-12,Butwal-Chowk,Traffic Chowk E,Gaming-Console,6,4220.067227850906
POS-04327,2023-03-07,Lalitpur-Patan,Pulchowk Rd,Drone-HD,1,3586.69554966599
POS-04328,2023-11-25,Biratnagar-Main,Hospital Rd,4K-TV,1,1687.2512239684936
POS-04329,2023-07-12,Lalitpur-Patan,Pulchowk Rd,Drone-HD,2,2633.623776832033
POS-04330,2023-08-30,Pokhara-Lakeside,Baidam Street 6,Drone-HD,1,3505.328826122901
POS-04331,2023-07-31,Butwal-Chowk,Traffic Chowk E,Drone-HD,6,697.476801658677
POS-04332,2023-04-27,Pokhara-Lakeside,Baidam Street 6,Solar-Battery,2,1770.8653563271887
POS-04333,2023-01-07,Butwal-Chowk,Traffic Chowk E,Gaming-Console,9,1382.3454167002735
POS-04334,2023-05-21,Pokhara-Lakeside,Baidam Street 6,4K-TV,6,1467.6088618100137
POS-04335,2023-10-08,Pokhara-Lakeside,Baidam Street 6,Gaming-Console,8,3552.385093500378
POS-04336,2023-01-17,Biratnagar-Main,Hospital Rd,Gaming-Console,3,852.96364183363
POS-04337,2023-06-10,Pokhara-Lakeside,Baidam Street 6,Gaming-Console,4,3337.6978523381863
POS-04338,2023-06-22,Kathmandu-DurbarMarg,King's Way 101,Drone-HD,2,2962.8789494177627
POS-04339,2023-02-23,Butwal-Chowk,Traffic Chowk E,4K-TV,2,2827.74400254355
POS-04340,2023-05-05,Biratnagar-Main,Hospital Rd,Solar-Battery,6,2986.9415410296347
POS-04341,2023-08-07,Butwal-Chowk,Traffic Chowk E,Drone-HD,6,441.43958813531515
POS-04342,2023-07-24,Pokhara-Lakeside,Baidam Street 6,Drone-HD,5,3106.8110814104593
POS-04343,2023-03-17,Biratnagar-Main,Hospital Rd,Drone-HD,8,4418.828807193184
POS-04344,2023-12-13,Biratnagar-Main,Hospital Rd,Smart-Hub,4,960.7302267230241
POS-04345,2023-11-07,Lalitpur-Patan,Pulchowk Rd,Solar-Battery,9,3710.217879984619
POS-04346,2023-10-14,Lalitpur-Patan,Pulchowk Rd,VR-Headset,5,131.2223049808749
POS-04347,2023-12-12,Pokhara-Lakeside,Baidam Street 6,VR-Headset,9,3217.486216450197
POS-04348,2023-03-18,Biratnagar-Main,Hospital Rd,Solar-Battery,9,2775.958090152479
POS-04349,2023-07-24,Lalitpur-Patan,Pulchowk Rd,Gaming-Console,5,4566.113104372121
POS-04350,2023-08-10,Biratnagar-Main,Hospital Rd,Drone-HD,8,3391.893526378523
POS-04351,2023-04-12,Kathmandu-DurbarMarg,King's Way 101,4K-TV,3,3907.434706344139
POS-04352,2023-04-16,Lalitpur-Patan,Pulchowk Rd,VR-Headset,2,3573.173810224356
POS-04353,2023-10-17,Biratnagar-Main,Hospital Rd,Smart-Hub,9,1832.8155513627623
POS-04354,2023-05-05,Lalitpur-Patan,Pulchowk Rd,Gaming-Console,3,2885.3928695823834
POS-04355,2023-09-04,Pokhara-Lakeside,Baidam Street 6,Smart-Hub,7,1650.57363472336
POS-04356,2023-04-07,Kathmandu-DurbarMarg,King's Way 101,Smart-Hub,2,4647.818916764933
POS-04357,2023-04-19,Lalitpur-Patan,Pulchowk Rd,VR-Headset,9,2086.9673904501174
POS-04358,2023-02-09,Pokhara-Lakeside,Baidam Street 6,4K-TV,2,806.5277117031869
POS-04359,2023-09-30,Pokhara-Lakeside,Baidam Street 6,4K-TV,4,4191.684240992453
POS-04360,2023-04-04,Lalitpur-Patan,Pulchowk Rd,4K-TV,7,2456.2066833390554
POS-04361,2023-08-02,Biratnagar-Main,Hospital Rd,Smart-Hub,3,468.73996347206446
POS-04362,2023-05-27,Pokhara-Lakeside,Baidam Street 6,VR-Headset,6,3046.2759702061653
POS-04363,2023-06-15,Pokhara-Lakeside,Baidam Street 6,Drone-HD,7,3005.480749210906
POS-04364,2023-07-03,Biratnagar-Main,Hospital Rd,Drone-HD,7,4552.5699122014585
POS-04365,2023-04-03,Biratnagar-Main,Hospital Rd,VR-Headset,7,3174.6590092601264
POS-04366,2023-07-21,Kathmandu-DurbarMarg,King's Way 101,Drone-HD,8,2090.381336666721
POS-04367,2023-08-21,Lalitpur-Patan,Pulchowk Rd,Smart-Hub,5,2634.7758053666903
POS-04368,2023-08-02,Pokhara-Lakeside,Baidam Street 6,Drone-HD,3,199.8406810189997
POS-04369,2023-05-21,Lalitpur-Patan,Pulchowk Rd,Drone-HD,8,1316.7741158759766
POS-04370,2023-09-04,Lalitpur-Patan,Pulchowk Rd,Solar-Battery,8,1751.017630278856
POS-04371,2023-01-17,Lalitpur-Patan,Pulchowk Rd,Solar-Battery,7,3213.4348705756634
POS-04372,2023-12-26,Pokhara-Lakeside,Baidam Street 6,Solar-Battery,3,3471.8915703482235
POS-04373,2023-10-13,Biratnagar-Main,Hospital Rd,4K-TV,7,107.78278231115473
POS-04374,2023-04-28,Kathmandu-DurbarMarg,King's Way 101,Smart-Hub,9,4009.567690125572
POS-04375,2023-06-01,Kathmandu-DurbarMarg,King's Way 101,VR-Headset,8,53.51007665744555
POS-04376,2023-05-31,Kathmandu-DurbarMarg,King's Way 101,Gaming-Console,9,2094.9208834800816
POS-04377,2023-04-10,Butwal-Chowk,Traffic Chowk E,Drone-HD,7,957.1246381210788
POS-04378,2023-04-25,Lalitpur-Patan,Pulchowk Rd,VR-Headset,3,222.7905523554344
POS-04379,2023-10-11,Butwal-Chowk,Traffic Chowk E,4K-TV,5,4928.801864127572
POS-04380,2023-06-12,Biratnagar-Main,Hospital Rd,Gaming-Console,6,1274.42518123775
POS-04381,2023-12-11,Kathmandu-DurbarMarg,King's Way 101,VR-Headset,9,3719.252991764452
POS-04382,2023-04-15,Butwal-Chowk,Traffic Chowk E,4K-TV,6,2821.2489298394885
POS-04383,2023-10-17,Kathmandu-DurbarMarg,King's Way 101,Gaming-Console,7,2279.912919458839
POS-04384,2023-09-22,Pokhara-Lakeside,Baidam Street 6,Solar-Battery,2,1500.739993380697
POS-04385,2023-08-16,Butwal-Chowk,Traffic Chowk E,VR-Headset,1,2109.8368082630213
POS-04386,2023-01-25,Biratnagar-Main,Hospital Rd,VR-Headset,9,3068.407502959842
POS-04387,2023-12-24,Pokhara-Lakeside,Baidam Street 6,Gaming-Console,3,2333.592694015789
POS-04388,2023-05-22,Pokhara-Lakeside,Baidam Street 6,Smart-Hub,7,-43.836724952116
POS-04389,2023-04-29,Biratnagar-Main,Hospital Rd,Smart-Hub,6,2026.9984602210366
POS-04390,2023-05-27,Kathmandu-DurbarMarg,King's Way 101,4K-TV,8,3344.657064758344
POS-04391,2023-07-13,Biratnagar-Main,Hospital Rd,Smart-Hub,3,2059.3253915586697
POS-04392,2023-10-12,Lalitpur-Patan,Pulchowk Rd,VR-Headset,6,-28.150108296560177
POS-04393,2023-05-27,Lalitpur-Patan,Pulchowk Rd,Drone-HD,8,2347.8638530416138
POS-04394,2023-09-01,Biratnagar-Main,Hospital Rd,Smart-Hub,3,1962.0056433382715
POS-04395,2023-07-29,Biratnagar-Main,Hospital Rd,Drone-HD,4,2889.9252531996453
POS-04396,2023-10-16,Lalitpur-Patan,Pulchowk Rd,Gaming-Console,9,1020.5057181267791
POS-04397,2023-03-29,Biratnagar-Main,Hospital Rd,4K-TV,8,2687.486398224764
POS-04398,2023-10-05,Pokhara-Lakeside,Baidam Street 6,Solar-Battery,5,3226.4816274918967
POS-04399,2023-04-20,Biratnagar-Main,Hospital Rd,Solar-Battery,1,2639.2095349827805
POS-04400,2023-08-17,Butwal-Chowk,Traffic Chowk E,VR-Headset,4,1225.3630791791277
POS-04401,2023-10-10,Biratnagar-Main,Hospital Rd,Gaming-Console,3,3501.6869753595292
POS-04402,2023-03-11,Biratnagar-Main,Hospital Rd,Solar-Battery,5,205.69930995685053
POS-04403,2023-05-25,Butwal-Chowk,Traffic Chowk E,Drone-HD,1,3437.1238814502804
POS-04404,2023-01-15,Butwal-Chowk,Traffic Chowk E,Drone-HD,5,1442.211026491862
POS-04405,2023-12-04,Pokhara-Lakeside,Baidam Street 6,Drone-HD,1,1433.0941939868949
POS-04406,2023-11-24,Butwal-Chowk,Traffic Chowk E,Smart-Hub,5,2976.151886094394
POS-04407,2023-05-22,Lalitpur-Patan,Pulchowk Rd,Gaming-Console,9,3851.6346638029563
POS-04408,2023-07-07,Kathmandu-DurbarMarg,King's Way 101,4K-TV,1,2968.4616217663474
POS-04409,2023-09-03,Kathmandu-DurbarMarg,King's Way 101,Solar-Battery,5,3850.725642182192
POS-04410,2023-07-28,Butwal-Chowk,Traffic Chowk E,4K-TV,7,934.7092833888621
POS-04411,2023-01-02,Biratnagar-Main,Hospital Rd,Gaming-Console,6,4209.393419453404
POS-04412,2023-06-19,Pokhara-Lakeside,Baidam Street 6,VR-Headset,5,782.587577648704
POS-04413,2023-05-13,Pokhara-Lakeside,Baidam Street 6,Solar-Battery,8,474.00887792859123
POS-04414,2023-11-13,Pokhara-Lakeside,Baidam Street 6,Gaming-Console,7,1463.9338662946573
POS-04415,2023-05-05,Lalitpur-Patan,Pulchowk Rd,VR-Headset,2,1772.2298802235387
POS-04416,2023-10-08,Pokhara-Lakeside,Baidam Street 6,Smart-Hub,8,3777.8948899656075
POS-04417,2023-07-14,Butwal-Chowk,Traffic Chowk E,Gaming-Console,4,1145.0003726472569
POS-04418,2023-08-27,Pokhara-Lakeside,Baidam Street 6,Smart-Hub,6,1557.8949747930976
POS-04419,2023-09-05,Biratnagar-Main,Hospital Rd,Solar-Battery,6,3651.162779836612
POS-04420,2023-06-22,Butwal-Chowk,Traffic Chowk E,4K-TV,5,1737.2166795643257
POS-04421,2023-10-17,Biratnagar-Main,Hospital Rd,VR-Headset,6,4409.979831829788
POS-04422,2023-06-01,Butwal-Chowk,Traffic Chowk E,Gaming-Console,8,4641.926260370836
POS-04423,2023-10-04,Pokhara-Lakeside,Baidam Street 6,4K-TV,8,2700.6154275260624
POS-04424,2023-12-10,Lalitpur-Patan,Pulchowk Rd,Drone-HD,8,632.6708078225677
POS-04425,2023-10-10,Pokhara-Lakeside,Baidam Street 6,Solar-Battery,3,4584.720429724198
POS-04426,2023-01-26,Biratnagar-Main,Hospital Rd,Gaming-Console,1,2495.5970700456355
POS-04427,2023-05-17,Biratnagar-Main,Hospital Rd,Gaming-Console,6,2961.384469781761
POS-04428,2023-11-12,Biratnagar-Main,Hospital Rd,Drone-HD,3,2680.759171741713
POS-04429,2023-04-17,Butwal-Chowk,Traffic Chowk E,4K-TV,8,4713.515967692574
POS-04430,2023-06-20,Pokhara-Lakeside,Baidam Street 6,Solar-Battery,1,4748.471717593859
POS-04431,2023-02-03,Pokhara-Lakeside,Baidam Street 6,VR-Headset,2,4663.5468609285235
POS-04432,2023-06-05,Butwal-Chowk,Traffic Chowk E,Drone-HD,7,1561.338469040573
POS-04433,2023-06-17,Butwal-Chowk,Traffic Chowk E,Drone-HD,2,2149.1659289657673
POS-04434,2023-02-07,Lalitpur-Patan,Pulchowk Rd,Smart-Hub,2,3993.4225198686186
POS-04435,2023-02-24,Butwal-Chowk,Traffic Chowk E,Drone-HD,3,4036.7100243535087
POS-04436,2023-08-11,Pokhara-Lakeside,Baidam Street 6,Gaming-Console,6,1528.0455279277407
POS-04437,2023-03-07,Butwal-Chowk,Traffic Chowk E,Gaming-Console,5,1475.3212434062877
POS-04438,2023-09-30,Biratnagar-Main,Hospital Rd,4K-TV,9,1193.292438917743
POS-04439,2023-04-28,Biratnagar-Main,Hospital Rd,Gaming-Console,7,919.4723414652118
POS-04440,2023-10-26,Kathmandu-DurbarMarg,King's Way 101,Solar-Battery,2,1843.1982848838481
POS-04441,2023-05-09,Butwal-Chowk,Traffic Chowk E,Solar-Battery,3,1621.0219855859564
POS-04442,2023-03-01,Kathmandu-DurbarMarg,King's Way 101,4K-TV,4,3618.9152514123443
POS-04443,2023-11-07,Biratnagar-Main,Hospital Rd,VR-Headset,4,1988.6573390590042
POS-04444,2023-12-26,Butwal-Chowk,Traffic Chowk E,Solar-Battery,1,2821.392844218657
POS-04445,2023-11-17,Pokhara-Lakeside,Baidam Street 6,Gaming-Console,4,2677.288409093915
POS-04446,2023-03-12,Lalitpur-Patan,Pulchowk Rd,Drone-HD,6,3647.7792332556005
POS-04447,2023-06-27,Butwal-Chowk,Traffic Chowk E,Solar-Battery,1,2260.40993804502
POS-04448,2023-12-04,Lalitpur-Patan,Pulchowk Rd,4K-TV,5,2938.190689733101
POS-04449,2023-05-22,Butwal-Chowk,Traffic Chowk E,Drone-HD,7,1656.8985262769222
POS-04450,2023-06-15,Biratnagar-Main,Hospital Rd,4K-TV,5,1709.360744173482
POS-04451,2023-08-18,Pokhara-Lakeside,Baidam Street 6,Solar-Battery,7,1487.7532959936825
POS-04452,2023-12-03,Biratnagar-Main,Hospital Rd,4K-TV,1,3780.5994074800633
POS-04453,2023-02-26,Butwal-Chowk,Traffic Chowk E,Smart-Hub,8,3592.2736874533384
POS-04454,2023-09-10,Butwal-Chowk,Traffic Chowk E,Smart-Hub,6,1313.527314874233
POS-04455,2023-05-26,Pokhara-Lakeside,Baidam Street 6,Smart-Hub,7,1335.188415862004
POS-04456,2023-02-10,Kathmandu-DurbarMarg,King's Way 101,Solar-Battery,6,1035.5292927969372
POS-04457,2023-03-14,Pokhara-Lakeside,Baidam Street 6,Gaming-Console,6,2089.0157984128887
POS-04458,2023-01-03,Biratnagar-Main,Hospital Rd,Gaming-Console,3,3788.749549305699
POS-04459,2023-12-23,Kathmandu-DurbarMarg,King's Way 101,Smart-Hub,5,3251.5336244695404
POS-04460,2023-02-18,Pokhara-Lakeside,Baidam Street 6,Smart-Hub,4,4867.454543259345
POS-04461,2023-12-02,Lalitpur-Patan,Pulchowk Rd,4K-TV,1,223.57464466275263
POS-04462,2023-03-22,Pokhara-Lakeside,Baidam Street 6,Solar-Battery,9,3057.1238251604873
POS-04463,2023-11-24,Biratnagar-Main,Hospital Rd,4K-TV,5,242.56556512565436
POS-04464,2023-07-26,Kathmandu-DurbarMarg,King's Way 101,Gaming-Console,6,3586.6844434643335
POS-04465,2023-11-27,Kathmandu-DurbarMarg,King's Way 101,Smart-Hub,9,1286.1658150043866
POS-04466,2023-08-14,Biratnagar-Main,Hospital Rd,VR-Headset,5,2923.784242135377
POS-04467,2023-05-13,Kathmandu-DurbarMarg,King's Way 101,Gaming-Console,1,2930.0698847119797
POS-04468,2023-02-11,Butwal-Chowk,Traffic Chowk E,VR-Headset,7,-23.239977643047865
POS-04469,2023-05-01,Butwal-Chowk,Traffic Chowk E,4K-TV,6,4669.660735564292
POS-04470,2023-10-19,Biratnagar-Main,Hospital Rd,Smart-Hub,1,3884.3565545577067
POS-04471,2023-07-21,Biratnagar-Main,Hospital Rd,Smart-Hub,7,4806.880441446196
POS-04472,2023-04-03,Biratnagar-Main,Hospital Rd,4K-TV,1,469.4402617747601
POS-04473,2023-02-20,Lalitpur-Patan,Pulchowk Rd,Solar-Battery,8,2511.516312720656
POS-04474,2023-11-20,Pokhara-Lakeside,Baidam Street 6,Smart-Hub,7,3444.428568234043
POS-04475,2023-10-18,Pokhara-Lakeside,Baidam Street 6,4K-TV,1,920.5907797660889
POS-04476,2023-09-27,Biratnagar-Main,Hospital Rd,Smart-Hub,7,796.799761129754
POS-04477,2023-10-17,Biratnagar-Main,Hospital Rd,Drone-HD,1,1967.6883221760045
POS-04478,2023-05-10,Pokhara-Lakeside,Baidam Street 6,Gaming-Console,8,3362.0052956808445
POS-04479,2023-06-12,Lalitpur-Patan,Pulchowk Rd,Gaming-Console,7,1307.512915474149
POS-04480,2023-03-10,Biratnagar-Main,Hospital Rd,Drone-HD,2,1591.8324101160342
POS-04481,2023-12-02,Butwal-Chowk,Traffic Chowk E,Solar-Battery,9,3189.6642859439808
POS-04482,2023-10-04,Kathmandu-DurbarMarg,King's Way 101,4K-TV,1,4270.496570873769
POS-04483,2023-02-20,Biratnagar-Main,Hospital Rd,4K-TV,1,3149.615884057522
POS-04484,2023-03-02,Kathmandu-DurbarMarg,King's Way 101,Gaming-Console,4,853.0054039775027
POS-04485,2023-10-23,Butwal-Chowk,Traffic Chowk E,Smart-Hub,9,976.0794602236265
POS-04486,2023-08-10,Biratnagar-Main,Hospital Rd,Solar-Battery,8,1891.672771761002
POS-04487,2023-03-17,Kathmandu-DurbarMarg,King's Way 101,VR-Headset,3,4238.094355110457
POS-04488,2023-12-24,Pokhara-Lakeside,Baidam Street 6,Drone-HD,4,3090.813542308398
POS-04489,2023-07-04,Lalitpur-Patan,Pulchowk Rd,Smart-Hub,7,2137.8422749517604
POS-04490,2023-03-21,Lalitpur-Patan,Pulchowk Rd,Drone-HD,5,-29.797462714926226
POS-04491,2023-09-27,Pokhara-Lakeside,Baidam Street 6,VR-Headset,7,3552.0499717998623
POS-04492,2023-09-24,Kathmandu-DurbarMarg,King's Way 101,Gaming-Console,9,4025.540585802006
POS-04493,2023-09-29,Butwal-Chowk,Traffic Chowk E,Smart-Hub,2,38.17407589799916
POS-04494,2023-08-24,Lalitpur-Patan,Pulchowk Rd,4K-TV,4,4434.180796954575
POS-04495,2023-02-17,Biratnagar-Main,Hospital Rd,Solar-Battery,8,2309.6378039217893
POS-04496,2023-01-08,Lalitpur-Patan,Pulchowk Rd,Gaming-Console,8,3977.6811714976307
POS-04497,2023-09-08,Lalitpur-Patan,Pulchowk Rd,4K-TV,9,598.3790547620113
POS-04498,2023-01-18,Lalitpur-Patan,Pulchowk Rd,VR-Headset,1,2443.922126382274
POS-04499,2023-05-08,Lalitpur-Patan,Pulchowk Rd,Smart-Hub,7,4819.936572120995
POS-04500,2023-12-03,Biratnagar-Main,Hospital Rd,VR-Headset,6,2454.2491555774545
POS-04501,2023-08-22,Biratnagar-Main,Hospital Rd,Drone-HD,4,4130.17267942018
POS-04502,2023-01-12,Biratnagar-Main,Hospital Rd,Solar-Battery,3,328.9478874513187
POS-04503,2023-11-22,Lalitpur-Patan,Pulchowk Rd,Solar-Battery,1,4007.4869313350064
POS-04504,2023-07-19,Biratnagar-Main,Hospital Rd,4K-TV,2,4979.221150972949
POS-04505,2023-12-25,Pokhara-Lakeside,Baidam Street 6,4K-TV,8,4142.531914378602
POS-04506,2023-01-24,Pokhara-Lakeside,Baidam Street 6,VR-Headset,7,1621.1149474567223
POS-04507,2023-12-04,Kathmandu-DurbarMarg,King's Way 101,Solar-Battery,3,1425.412110475882
POS-04508,2023-01-31,Kathmandu-DurbarMarg,King's Way 101,Gaming-Console,4,1091.941336991537
POS-04509,2023-04-25,Kathmandu-DurbarMarg,King's Way 101,Drone-HD,2,3186.9036682019937
POS-04510,2023-10-02,Pokhara-Lakeside,Baidam Street 6,4K-TV,9,2702.197318826987
POS-04511,2023-04-27,Kathmandu-DurbarMarg,King's Way 101,Drone-HD,7,3878.969858985592
POS-04512,2023-05-19,Kathmandu-DurbarMarg,King's Way 101,Gaming-Console,6,1138.9837352186144
POS-04513,2023-08-27,Lalitpur-Patan,Pulchowk Rd,Solar-Battery,5,1006.6767116786268
POS-04514,2023-06-06,Kathmandu-DurbarMarg,King's Way 101,VR-Headset,8,4057.989393297078
POS-04515,2023-05-23,Pokhara-Lakeside,Baidam Street 6,4K-TV,3,21.530997943888224
POS-04516,2023-10-04,Lalitpur-Patan,Pulchowk Rd,Gaming-Console,3,1109.85723014928
POS-04517,2023-10-17,Pokhara-Lakeside,Baidam Street 6,4K-TV,7,2469.3653217453248
POS-04518,2023-04-18,Biratnagar-Main,Hospital Rd,Drone-HD,7,2703.3154023901443
POS-04519,2023-12-26,Kathmandu-DurbarMarg,King's Way 101,VR-Headset,9,3125.5607701781923
POS-04520,2023-02-01,Butwal-Chowk,Traffic Chowk E,Drone-HD,9,4639.3080867166345
POS-04521,2023-01-09,Lalitpur-Patan,Pulchowk Rd,4K-TV,3,1282.0436749579462
POS-04522,2023-06-15,Biratnagar-Main,Hospital Rd,4K-TV,1,952.7476429657077
POS-04523,2023-07-02,Pokhara-Lakeside,Baidam Street 6,Drone-HD,8,4078.4850846019817
POS-04524,2023-06-11,Biratnagar-Main,Hospital Rd,Gaming-Console,7,3425.949558144126
POS-04525,2023-07-09,Kathmandu-DurbarMarg,King's Way 101,Gaming-Console,5,974.0015855879619
POS-04526,2023-03-01,Biratnagar-Main,Hospital Rd,Drone-HD,1,3647.6936076593133
POS-04527,2023-03-03,Biratnagar-Main,Hospital Rd,4K-TV,8,4884.290884547423
POS-04528,2023-01-03,Biratnagar-Main,Hospital Rd,Solar-Battery,1,2890.7793108040323
POS-04529,2023-06-24,Pokhara-Lakeside,Baidam Street 6,Gaming-Console,8,2331.08543626637
POS-04530,2023-07-05,Kathmandu-DurbarMarg,King's Way 101,4K-TV,5,2940.1175731410517
POS-04531,2023-05-25,Lalitpur-Patan,Pulchowk Rd,Smart-Hub,7,3468.6347385616496
POS-04532,2023-05-23,Butwal-Chowk,Traffic Chowk E,Solar-Battery,4,2767.0733706896826
POS-04533,2023-01-28,Butwal-Chowk,Traffic Chowk E,Drone-HD,4,1569.2960337909115
POS-04534,2023-11-21,Butwal-Chowk,Traffic Chowk E,Solar-Battery,3,769.9496150853086
POS-04535,2023-12-08,Butwal-Chowk,Traffic Chowk E,Gaming-Console,2,4651.839585062882
POS-04536,2023-05-29,Butwal-Chowk,Traffic Chowk E,VR-Headset,9,4707.498768694976
POS-04537,2023-07-10,Pokhara-Lakeside,Baidam Street 6,Solar-Battery,9,3580.303624150477
POS-04538,2023-07-31,Kathmandu-DurbarMarg,King's Way 101,VR-Headset,9,2193.0496184552862
POS-04539,2023-02-13,Kathmandu-DurbarMarg,King's Way 101,Gaming-Console,2,2.018044038263241
POS-04540,2023-04-15,Lalitpur-Patan,Pulchowk Rd,4K-TV,2,3059.270285954816
POS-04541,2023-02-22,Butwal-Chowk,Traffic Chowk E,VR-Headset,6,4937.576019336009
POS-04542,2023-08-19,Lalitpur-Patan,Pulchowk Rd,Smart-Hub,6,226.84652519003998
POS-04543,2023-08-23,Pokhara-Lakeside,Baidam Street 6,VR-Headset,3,3765.1157565428175
POS-04544,2023-07-14,Lalitpur-Patan,Pulchowk Rd,VR-Headset,5,588.2788085289092
POS-04545,2023-03-10,Kathmandu-DurbarMarg,King's Way 101,Smart-Hub,2,2730.954179092777
POS-04546,2023-10-12,Kathmandu-DurbarMarg,King's Way 101,4K-TV,6,1031.6728524331031
POS-04547,2023-06-21,Lalitpur-Patan,Pulchowk Rd,Gaming-Console,3,779.3183118324982
POS-04548,2023-07-11,Lalitpur-Patan,Pulchowk Rd,Gaming-Console,8,4958.5374908659305
POS-04549,2023-08-12,Kathmandu-DurbarMarg,King's Way 101,Gaming-Console,8,1242.9281633336013
POS-04550,2023-12-17,Biratnagar-Main,Hospital Rd,Smart-Hub,8,135.67389898777577
POS-04551,2023-11-29,Lalitpur-Patan,Pulchowk Rd,Smart-Hub,4,3303.5527401288023
POS-04552,2023-06-29,Kathmandu-DurbarMarg,King's Way 101,Solar-Battery,5,1333.1155523679681
POS-04553,2023-08-02,Biratnagar-Main,Hospital Rd,Gaming-Console,3,1056.1382795767136
POS-04554,2023-03-24,Biratnagar-Main,Hospital Rd,Smart-Hub,5,147.8923692851748
POS-04555,2023-11-07,Butwal-Chowk,Traffic Chowk E,Gaming-Console,9,2415.0762411573155
POS-04556,2023-08-13,Pokhara-Lakeside,Baidam Street 6,Smart-Hub,3,2284.4298073840546
POS-04557,2023-07-14,Biratnagar-Main,Hospital Rd,Smart-Hub,7,963.1305416492232
POS-04558,2023-04-04,Pokhara-Lakeside,Baidam Street 6,Solar-Battery,8,909.3579922450338
POS-04559,2023-08-08,Lalitpur-Patan,Pulchowk Rd,Solar-Battery,1,309.2979223098254
POS-04560,2023-04-21,Lalitpur-Patan,Pulchowk Rd,VR-Headset,5,3014.886122611804
POS-04561,2023-12-16,Lalitpur-Patan,Pulchowk Rd,Smart-Hub,1,528.3511190338756
POS-04562,2023-02-04,Biratnagar-Main,Hospital Rd,VR-Headset,4,926.8665746602751
POS-04563,2023-05-26,Lalitpur-Patan,Pulchowk Rd,VR-Headset,2,800.3792619097641
POS-04564,2023-03-30,Biratnagar-Main,Hospital Rd,Smart-Hub,7,21.670900740186866
POS-04565,2023-05-16,Lalitpur-Patan,Pulchowk Rd,Smart-Hub,1,462.89763809289184
POS-04566,2023-05-24,Pokhara-Lakeside,Baidam Street 6,VR-Headset,5,4524.535167291915
POS-04567,2023-11-08,Lalitpur-Patan,Pulchowk Rd,4K-TV,4,4946.762433595003
POS-04568,2023-12-23,Kathmandu-DurbarMarg,King's Way 101,Drone-HD,6,-35.59881946446697
POS-04569,2023-03-28,Butwal-Chowk,Traffic Chowk E,Drone-HD,4,2388.8783733568716
POS-04570,2023-07-18,Butwal-Chowk,Traffic Chowk E,4K-TV,7,3392.124127059473
POS-04571,2023-10-23,Lalitpur-Patan,Pulchowk Rd,Drone-HD,3,34.83771841890021
POS-04572,2023-10-14,Pokhara-Lakeside,Baidam Street 6,VR-Headset,7,52.93035294735145
POS-04573,2023-03-29,Pokhara-Lakeside,Baidam Street 6,Gaming-Console,7,257.3090314771165
POS-04574,2023-09-29,Biratnagar-Main,Hospital Rd,Gaming-Console,2,1738.2154449479683
POS-04575,2023-07-01,Biratnagar-Main,Hospital Rd,Solar-Battery,1,1349.1253878158377
POS-04576,2023-08-02,Lalitpur-Patan,Pulchowk Rd,Smart-Hub,1,4136.677346512912
POS-04577,2023-11-27,Kathmandu-DurbarMarg,King's Way 101,Drone-HD,7,2238.913446256395
POS-04578,2023-03-09,Biratnagar-Main,Hospital Rd,Gaming-Console,8,3750.2403537899054
POS-04579,2023-10-06,Biratnagar-Main,Hospital Rd,VR-Headset,7,688.8163059857475
POS-04580,2023-10-20,Biratnagar-Main,Hospital Rd,Gaming-Console,9,1322.5826258807238
POS-04581,2023-05-27,Lalitpur-Patan,Pulchowk Rd,Solar-Battery,2,1254.17570385303
POS-04582,2023-03-20,Kathmandu-DurbarMarg,King's Way 101,Gaming-Console,5,1744.6157252288133
POS-04583,2023-04-21,Pokhara-Lakeside,Baidam Street 6,Solar-Battery,4,2299.4341306148394
POS-04584,2023-05-07,Biratnagar-Main,Hospital Rd,Smart-Hub,1,2735.261290265966
POS-04585,2023-03-06,Pokhara-Lakeside,Baidam Street 6,4K-TV,2,4130.903848322393
POS-04586,2023-04-15,Kathmandu-DurbarMarg,King's Way 101,4K-TV,6,1858.809963286344
POS-04587,2023-05-21,Butwal-Chowk,Traffic Chowk E,Gaming-Console,9,4383.233187308483
POS-04588,2023-02-01,Kathmandu-DurbarMarg,King's Way 101,Smart-Hub,3,2595.706057154041
POS-04589,2023-03-25,Biratnagar-Main,Hospital Rd,Smart-Hub,9,3548.263635186502
POS-04590,2023-05-15,Lalitpur-Patan,Pulchowk Rd,4K-TV,1,1869.633508850327
POS-04591,2023-04-02,Biratnagar-Main,Hospital Rd,Smart-Hub,9,3455.162842801049
POS-04592,2023-11-04,Pokhara-Lakeside,Baidam Street 6,VR-Headset,2,13.151061090875928
POS-04593,2023-05-31,Butwal-Chowk,Traffic Chowk E,VR-Headset,3,3502.265977514184
POS-04594,2023-05-07,Kathmandu-DurbarMarg,King's Way 101,Smart-Hub,4,4835.903813465962
POS-04595,2023-12-05,Lalitpur-Patan,Pulchowk Rd,VR-Headset,4,1542.6006051014813
POS-04596,2023-01-18,Kathmandu-DurbarMarg,King's Way 101,VR-Headset,3,3182.075367059911
POS-04597,2023-08-27,Butwal-Chowk,Traffic Chowk E,Drone-HD,8,4374.201050580888
POS-04598,2023-12-25,Butwal-Chowk,Traffic Chowk E,Smart-Hub,2,3706.564445836341
POS-04599,2023-11-28,Kathmandu-DurbarMarg,King's Way 101,Solar-Battery,6,-22.295346208798534
POS-04600,2023-11-19,Butwal-Chowk,Traffic Chowk E,VR-Headset,3,326.4389300091232
POS-04601,2023-06-26,Kathmandu-DurbarMarg,King's Way 101,VR-Headset,8,536.8129763748803
POS-04602,2023-02-12,Pokhara-Lakeside,Baidam Street 6,Drone-HD,9,4611.704353105338
POS-04603,2023-04-02,Butwal-Chowk,Traffic Chowk E,Solar-Battery,5,88.66847326611543
POS-04604,2023-09-08,Butwal-Chowk,Traffic Chowk E,Drone-HD,3,4217.741894681549
POS-04605,2023-10-09,Pokhara-Lakeside,Baidam Street 6,Drone-HD,6,3301.2902310177533
POS-04606,2023-10-21,Biratnagar-Main,Hospital Rd,Drone-HD,9,4861.561049039018
POS-04607,2023-02-18,Butwal-Chowk,Traffic Chowk E,Smart-Hub,1,650.0766522778716
POS-04608,2023-12-18,Butwal-Chowk,Traffic Chowk E,VR-Headset,6,780.757818620828
POS-04609,2023-03-15,Biratnagar-Main,Hospital Rd,Solar-Battery,8,1264.742780857504
POS-04610,2023-11-07,Lalitpur-Patan,Pulchowk Rd,VR-Headset,6,2019.6893116146084
POS-04611,2023-08-25,Pokhara-Lakeside,Baidam Street 6,Gaming-Console,2,1180.6954279268873
POS-04612,2023-02-11,Lalitpur-Patan,Pulchowk Rd,Smart-Hub,3,2065.4708573631774
POS-04613,2023-05-27,Butwal-Chowk,Traffic Chowk E,Drone-HD,2,3838.8982043991537
POS-04614,2023-12-06,Lalitpur-Patan,Pulchowk Rd,Smart-Hub,1,218.6786635182276
POS-04615,2023-10-20,Biratnagar-Main,Hospital Rd,Gaming-Console,7,372.51434829997027
POS-04616,2023-01-29,Biratnagar-Main,Hospital Rd,VR-Headset,5,1551.4770569295529
POS-04617,2023-03-11,Pokhara-Lakeside,Baidam Street 6,4K-TV,8,2055.9696990778525
POS-04618,2023-05-15,Pokhara-Lakeside,Baidam Street 6,4K-TV,4,2612.0390778043156
POS-04619,2023-03-21,Pokhara-Lakeside,Baidam Street 6,VR-Headset,8,2984.603535779086
POS-04620,2023-04-04,Pokhara-Lakeside,Baidam Street 6,Smart-Hub,3,4425.771269983708
POS-04621,2023-05-07,Butwal-Chowk,Traffic Chowk E,4K-TV,6,4953.97438305754
POS-04622,2023-10-26,Butwal-Chowk,Traffic Chowk E,VR-Headset,8,2628.397289993401
POS-04623,2023-01-09,Butwal-Chowk,Traffic Chowk E,VR-Headset,6,3444.638310348678
POS-04624,2023-03-06,Butwal-Chowk,Traffic Chowk E,VR-Headset,4,942.2926938156138
POS-04625,2023-06-24,Kathmandu-DurbarMarg,King's Way 101,4K-TV,5,1956.824992048992
POS-04626,2023-03-27,Kathmandu-DurbarMarg,King's Way 101,VR-Headset,4,4130.183914992836
POS-04627,2023-02-16,Butwal-Chowk,Traffic Chowk E,VR-Headset,8,502.1357144718038
POS-04628,2023-01-13,Butwal-Chowk,Traffic Chowk E,Drone-HD,5,1319.3326648281122
POS-04629,2023-11-24,Lalitpur-Patan,Pulchowk Rd,Gaming-Console,9,3090.8215271520407
POS-04630,2023-01-12,Butwal-Chowk,Traffic Chowk E,Solar-Battery,7,1974.4480596321496
POS-04631,2023-01-22,Kathmandu-DurbarMarg,King's Way 101,Drone-HD,9,2537.314601225161
POS-04632,2023-05-12,Lalitpur-Patan,Pulchowk Rd,VR-Headset,7,178.9069284565927
POS-04633,2023-03-22,Lalitpur-Patan,Pulchowk Rd,4K-TV,6,2640.7189551078936
POS-04634,2023-10-05,Kathmandu-DurbarMarg,King's Way 101,Drone-HD,8,2471.364188639354
POS-04635,2023-01-17,Pokhara-Lakeside,Baidam Street 6,4K-TV,2,1384.6437540290353
POS-04636,2023-06-08,Biratnagar-Main,Hospital Rd,4K-TV,9,4846.003044572562
POS-04637,2023-08-27,Biratnagar-Main,Hospital Rd,Drone-HD,8,4220.736363512602
POS-04638,2023-07-03,Lalitpur-Patan,Pulchowk Rd,VR-Headset,9,3355.17271735129
POS-04639,2023-06-05,Butwal-Chowk,Traffic Chowk E,Drone-HD,8,2957.595434487068
POS-04640,2023-07-23,Pokhara-Lakeside,Baidam Street 6,4K-TV,1,3471.014412815014
POS-04641,2023-06-04,Pokhara-Lakeside,Baidam Street 6,Drone-HD,5,1678.4059653251738
POS-04642,2023-03-28,Kathmandu-DurbarMarg,King's Way 101,Smart-Hub,2,4592.677500119462
POS-04643,2023-04-23,Biratnagar-Main,Hospital Rd,Smart-Hub,9,4306.237140398415
POS-04644,2023-06-26,Butwal-Chowk,Traffic Chowk E,Solar-Battery,9,4824.9365861099295
POS-04645,2023-10-09,Biratnagar-Main,Hospital Rd,Smart-Hub,7,2479.850571146583
POS-04646,2023-10-10,Lalitpur-Patan,Pulchowk Rd,Smart-Hub,5,2068.064018701062
POS-04647,2023-02-05,Butwal-Chowk,Traffic Chowk E,VR-Headset,6,3720.1185180425346
POS-04648,2023-10-08,Pokhara-Lakeside,Baidam Street 6,VR-Headset,9,2727.731510963
POS-04649,2023-09-22,Butwal-Chowk,Traffic Chowk E,Gaming-Console,4,1989.9310479314568
POS-04650,2023-10-11,Pokhara-Lakeside,Baidam Street 6,Smart-Hub,8,4334.936767870904
POS-04651,2023-02-03,Kathmandu-DurbarMarg,King's Way 101,Gaming-Console,9,1615.3414175100274
POS-04652,2023-08-28,Kathmandu-DurbarMarg,King's Way 101,Gaming-Console,6,1725.8265015173868
POS-04653,2023-09-28,Pokhara-Lakeside,Baidam Street 6,Drone-HD,1,2122.7067379252007
POS-04654,2023-01-29,Biratnagar-Main,Hospital Rd,Smart-Hub,4,2757.0497620733213
POS-04655,2023-10-08,Biratnagar-Main,Hospital Rd,Drone-HD,2,3496.355594459425
POS-04656,2023-03-03,Pokhara-Lakeside,Baidam Street 6,4K-TV,7,4629.2672587773095
POS-04657,2023-03-29,Biratnagar-Main,Hospital Rd,Drone-HD,9,3454.587717806705
POS-04658,2023-04-27,Pokhara-Lakeside,Baidam Street 6,Solar-Battery,4,1780.0701146009233
POS-04659,2023-08-02,Biratnagar-Main,Hospital Rd,4K-TV,6,2678.308573742405
POS-04660,2023-08-21,Butwal-Chowk,Traffic Chowk E,VR-Headset,4,2229.313452568648
POS-04661,2023-04-14,Butwal-Chowk,Traffic Chowk E,4K-TV,8,4860.430851868908
POS-04662,2023-07-25,Lalitpur-Patan,Pulchowk Rd,4K-TV,3,2314.8136032507523
POS-04663,2023-08-23,Biratnagar-Main,Hospital Rd,4K-TV,4,1611.3790943894312
POS-04664,2023-07-07,Lalitpur-Patan,Pulchowk Rd,Solar-Battery,1,192.58006345353567
POS-04665,2023-07-02,Lalitpur-Patan,Pulchowk Rd,Gaming-Console,4,4325.991478530843
POS-04666,2023-02-20,Lalitpur-Patan,Pulchowk Rd,VR-Headset,4,4428.955598926628
POS-04667,2023-09-26,Kathmandu-DurbarMarg,King's Way 101,Gaming-Console,4,3138.3123160051
POS-04668,2023-01-09,Lalitpur-Patan,Pulchowk Rd,Solar-Battery,8,1660.4792496366308
POS-04669,2023-01-31,Kathmandu-DurbarMarg,King's Way 101,Gaming-Console,6,4271.294882618362
POS-04670,2023-01-20,Kathmandu-DurbarMarg,King's Way 101,4K-TV,5,927.118723880966
POS-04671,2023-02-18,Butwal-Chowk,Traffic Chowk E,4K-TV,9,3862.3586414322713
POS-04672,2023-05-25,Lalitpur-Patan,Pulchowk Rd,Smart-Hub,2,628.6296039254021
POS-04673,2023-02-07,Lalitpur-Patan,Pulchowk Rd,Solar-Battery,3,614.3990478574195
POS-04674,2023-09-12,Lalitpur-Patan,Pulchowk Rd,Solar-Battery,6,3826.2753200992256
POS-04675,2023-04-18,Kathmandu-DurbarMarg,King's Way 101,Smart-Hub,9,683.347478201057
POS-04676,2023-10-22,Pokhara-Lakeside,Baidam Street 6,Solar-Battery,2,243.04984845676051
POS-04677,2023-12-01,Biratnagar-Main,Hospital Rd,Drone-HD,3,717.37240379067
POS-04678,2023-03-03,Pokhara-Lakeside,Baidam Street 6,Gaming-Console,5,2392.1025765495388
POS-04679,2023-09-12,Butwal-Chowk,Traffic Chowk E,Drone-HD,7,498.81829339180933
POS-04680,2023-02-15,Pokhara-Lakeside,Baidam Street 6,Solar-Battery,2,157.1764772179111
POS-04681,2023-10-26,Kathmandu-DurbarMarg,King's Way 101,4K-TV,7,3767.560018922598
POS-04682,2023-04-03,Kathmandu-DurbarMarg,King's Way 101,Gaming-Console,8,879.3002672059087
POS-04683,2023-08-26,Butwal-Chowk,Traffic Chowk E,Solar-Battery,3,4576.438889825837
POS-04684,2023-01-18,Butwal-Chowk,Traffic Chowk E,4K-TV,7,1142.6524363238384
POS-04685,2023-12-07,Kathmandu-DurbarMarg,King's Way 101,Solar-Battery,1,1903.22319790531
POS-04686,2023-05-11,Butwal-Chowk,Traffic Chowk E,4K-TV,1,391.8590404302781
POS-04687,2023-10-01,Lalitpur-Patan,Pulchowk Rd,Gaming-Console,1,4111.46523837566
POS-04688,2023-11-11,Pokhara-Lakeside,Baidam Street 6,VR-Headset,5,4034.430032088114
POS-04689,2023-04-27,Lalitpur-Patan,Pulchowk Rd,Drone-HD,1,1116.6612896962677
POS-04690,2023-02-23,Kathmandu-DurbarMarg,King's Way 101,VR-Headset,2,4529.633573096172
POS-04691,2023-04-01,Pokhara-Lakeside,Baidam Street 6,Solar-Battery,4,4635.212209816739
POS-04692,2023-07-16,Pokhara-Lakeside,Baidam Street 6,Gaming-Console,5,764.6769902405592
POS-04693,2023-05-17,Biratnagar-Main,Hospital Rd,Smart-Hub,6,90.56854909757945
POS-04694,2023-06-14,Pokhara-Lakeside,Baidam Street 6,VR-Headset,5,603.4443304500163
POS-04695,2023-07-23,Pokhara-Lakeside,Baidam Street 6,VR-Headset,7,3926.385722526512
POS-04696,2023-07-12,Lalitpur-Patan,Pulchowk Rd,4K-TV,8,1764.7168166088138
POS-04697,2023-04-12,Kathmandu-DurbarMarg,King's Way 101,4K-TV,2,39.34882033545358
POS-04698,2023-03-06,Biratnagar-Main,Hospital Rd,4K-TV,1,3413.9824505315646
POS-04699,2023-05-05,Pokhara-Lakeside,Baidam Street 6,Solar-Battery,1,4104.864829574172
POS-04700,2023-03-09,Lalitpur-Patan,Pulchowk Rd,4K-TV,6,3491.072933550762
POS-04701,2023-02-11,Pokhara-Lakeside,Baidam Street 6,4K-TV,7,389.75666739030453
POS-04702,2023-04-24,Pokhara-Lakeside,Baidam Street 6,VR-Headset,9,794.1555739509106
POS-04703,2023-04-17,Lalitpur-Patan,Pulchowk Rd,4K-TV,8,2883.8526960793242
POS-04704,2023-09-09,Biratnagar-Main,Hospital Rd,Drone-HD,1,2442.075851241028
POS-04705,2023-06-13,Biratnagar-Main,Hospital Rd,Drone-HD,2,1474.4270877431466
POS-04706,2023-07-23,Kathmandu-DurbarMarg,King's Way 101,VR-Headset,9,2001.5388733312457
POS-04707,2023-09-13,Pokhara-Lakeside,Baidam Street 6,Smart-Hub,4,1245.8388602915434
POS-04708,2023-01-03,Pokhara-Lakeside,Baidam Street 6,4K-TV,4,1540.5075817358352
POS-04709,2023-08-03,Lalitpur-Patan,Pulchowk Rd,Solar-Battery,3,1373.887804912788
POS-04710,2023-12-10,Kathmandu-DurbarMarg,King's Way 101,Solar-Battery,5,3327.3834637691766
POS-04711,2023-08-12,Kathmandu-DurbarMarg,King's Way 101,Smart-Hub,6,1878.4365989467456
POS-04712,2023-07-26,Butwal-Chowk,Traffic Chowk E,Solar-Battery,1,16.733338290458562
POS-04713,2023-08-10,Lalitpur-Patan,Pulchowk Rd,Gaming-Console,3,401.2389068800044
POS-04714,2023-11-02,Kathmandu-DurbarMarg,King's Way 101,Solar-Battery,8,2964.049199376744
POS-04715,2023-06-05,Lalitpur-Patan,Pulchowk Rd,Gaming-Console,4,543.047563614217
POS-04716,2023-01-10,Biratnagar-Main,Hospital Rd,Smart-Hub,7,4450.063656422147
POS-04717,2023-03-18,Kathmandu-DurbarMarg,King's Way 101,VR-Headset,3,2738.798622887105
POS-04718,2023-08-27,Butwal-Chowk,Traffic Chowk E,Drone-HD,1,1345.0623742759442
POS-04719,2023-10-25,Butwal-Chowk,Traffic Chowk E,Smart-Hub,3,2300.305269064717
POS-04720,2023-06-21,Pokhara-Lakeside,Baidam Street 6,Drone-HD,7,999.1624283983658
POS-04721,2023-07-08,Lalitpur-Patan,Pulchowk Rd,Gaming-Console,3,4052.868784952495
POS-04722,2023-03-14,Kathmandu-DurbarMarg,King's Way 101,Smart-Hub,1,4001.565696150008
POS-04723,2023-10-04,Biratnagar-Main,Hospital Rd,VR-Headset,8,3505.1759159631865
POS-04724,2023-05-10,Pokhara-Lakeside,Baidam Street 6,VR-Headset,6,4140.211648348254
POS-04725,2023-12-04,Biratnagar-Main,Hospital Rd,Drone-HD,4,1052.7248577666473
POS-04726,2023-12-01,Pokhara-Lakeside,Baidam Street 6,Drone-HD,8,4716.570439793608
POS-04727,2023-08-04,Pokhara-Lakeside,Baidam Street 6,Smart-Hub,9,2720.1661482050454
POS-04728,2023-03-18,Biratnagar-Main,Hospital Rd,Drone-HD,1,4020.3450644124923
POS-04729,2023-05-14,Biratnagar-Main,Hospital Rd,Gaming-Console,9,3180.5253637688647
POS-04730,2023-04-17,Butwal-Chowk,Traffic Chowk E,Smart-Hub,2,2576.9308194273553
POS-04731,2023-08-25,Pokhara-Lakeside,Baidam Street 6,Gaming-Console,8,4853.402927992911
POS-04732,2023-10-26,Kathmandu-DurbarMarg,King's Way 101,Smart-Hub,6,4090.7395352794792
POS-04733,2023-07-02,Butwal-Chowk,Traffic Chowk E,Solar-Battery,5,2872.8069316846354
POS-04734,2023-11-28,Butwal-Chowk,Traffic Chowk E,4K-TV,9,239.9254322906914
POS-04735,2023-03-09,Kathmandu-DurbarMarg,King's Way 101,VR-Headset,2,708.7203928214427
POS-04736,2023-09-12,Kathmandu-DurbarMarg,King's Way 101,Solar-Battery,3,2626.636890439958
POS-04737,2023-07-13,Kathmandu-DurbarMarg,King's Way 101,Drone-HD,7,4867.736424853592
POS-04738,2023-03-02,Butwal-Chowk,Traffic Chowk E,Solar-Battery,6,897.8356453630965
POS-04739,2023-08-27,Pokhara-Lakeside,Baidam Street 6,Gaming-Console,7,3411.3751511937326
POS-04740,2023-03-09,Kathmandu-DurbarMarg,King's Way 101,Drone-HD,8,3971.0567530216567
POS-04741,2023-10-04,Lalitpur-Patan,Pulchowk Rd,Drone-HD,1,136.14350969783297
POS-04742,2023-10-19,Kathmandu-DurbarMarg,King's Way 101,Smart-Hub,5,4921.866220324926
POS-04743,2023-03-07,Biratnagar-Main,Hospital Rd,Smart-Hub,7,4902.013773860436
POS-04744,2023-05-18,Lalitpur-Patan,Pulchowk Rd,4K-TV,5,4086.4846044798815
POS-04745,2023-07-30,Butwal-Chowk,Traffic Chowk E,Drone-HD,9,1828.9492942365537
POS-04746,2023-08-13,Butwal-Chowk,Traffic Chowk E,Gaming-Console,1,2637.328129860316
POS-04747,2023-08-15,Kathmandu-DurbarMarg,King's Way 101,Drone-HD,5,945.5354748855507
POS-04748,2023-05-06,Kathmandu-DurbarMarg,King's Way 101,Smart-Hub,1,493.2498187635048
POS-04749,2023-04-13,Kathmandu-DurbarMarg,King's Way 101,VR-Headset,2,3946.519994739939
POS-04750,2023-05-03,Biratnagar-Main,Hospital Rd,Smart-Hub,2,4911.255706938479
POS-04751,2023-04-13,Lalitpur-Patan,Pulchowk Rd,Solar-Battery,5,4234.336909929967
POS-04752,2023-01-13,Lalitpur-Patan,Pulchowk Rd,4K-TV,1,4615.94925401668
POS-04753,2023-09-14,Pokhara-Lakeside,Baidam Street 6,Drone-HD,2,2551.5213904503867
POS-04754,2023-07-25,Biratnagar-Main,Hospital Rd,4K-TV,9,72.0992163160472
POS-04755,2023-11-25,Butwal-Chowk,Traffic Chowk E,Drone-HD,5,3681.6972884167903
POS-04756,2023-02-08,Butwal-Chowk,Traffic Chowk E,Smart-Hub,8,2460.1048887295356
POS-04757,2023-10-28,Kathmandu-DurbarMarg,King's Way 101,VR-Headset,1,1267.5639506400632
POS-04758,2023-01-03,Kathmandu-DurbarMarg,King's Way 101,4K-TV,2,1078.4464033334027
POS-04759,2023-09-01,Kathmandu-DurbarMarg,King's Way 101,Drone-HD,1,4645.703612520509
POS-04760,2023-06-14,Pokhara-Lakeside,Baidam Street 6,Gaming-Console,5,2572.234801987642
POS-04761,2023-06-06,Biratnagar-Main,Hospital Rd,VR-Headset,9,1807.9775367123978
POS-04762,2023-11-07,Pokhara-Lakeside,Baidam Street 6,Drone-HD,1,4152.319829122619
POS-04763,2023-09-16,Butwal-Chowk,Traffic Chowk E,Drone-HD,2,239.13767612239076
POS-04764,2023-04-14,Lalitpur-Patan,Pulchowk Rd,Smart-Hub,1,1129.8724592874669
POS-04765,2023-01-09,Biratnagar-Main,Hospital Rd,VR-Headset,6,2534.4446312157543
POS-04766,2023-03-30,Pokhara-Lakeside,Baidam Street 6,Solar-Battery,5,1315.0172062177862
POS-04767,2023-01-24,Biratnagar-Main,Hospital Rd,VR-Headset,8,1490.260460384779
POS-04768,2023-10-16,Pokhara-Lakeside,Baidam Street 6,Solar-Battery,2,3458.7261942142527
POS-04769,2023-10-22,Pokhara-Lakeside,Baidam Street 6,Gaming-Console,7,4394.005467288492
POS-04770,2023-02-04,Lalitpur-Patan,Pulchowk Rd,Solar-Battery,3,402.9108757311922
POS-04771,2023-09-29,Kathmandu-DurbarMarg,King's Way 101,Drone-HD,4,70.34565023181051
POS-04772,2023-04-12,Pokhara-Lakeside,Baidam Street 6,Drone-HD,2,3863.7724791479545
POS-04773,2023-10-09,Biratnagar-Main,Hospital Rd,Solar-Battery,4,2923.4261055198467
POS-04774,2023-04-19,Kathmandu-DurbarMarg,King's Way 101,VR-Headset,3,3531.05445022215
POS-04775,2023-09-01,Lalitpur-Patan,Pulchowk Rd,Solar-Battery,4,1956.0780097579186
POS-04776,2023-03-30,Pokhara-Lakeside,Baidam Street 6,Drone-HD,2,3677.1571555220316
POS-04777,2023-10-15,Pokhara-Lakeside,Baidam Street 6,VR-Headset,3,2420.5212363221713
POS-04778,2023-08-06,Biratnagar-Main,Hospital Rd,Smart-Hub,7,565.7546250767564
POS-04779,2023-12-18,Pokhara-Lakeside,Baidam Street 6,Drone-HD,8,2438.717530951374
POS-04780,2023-03-13,Kathmandu-DurbarMarg,King's Way 101,Solar-Battery,7,2823.1360488389278
POS-04781,2023-05-08,Kathmandu-DurbarMarg,King's Way 101,Smart-Hub,2,298.20069389301455
POS-04782,2023-06-21,Lalitpur-Patan,Pulchowk Rd,VR-Headset,2,3952.8756949782855
POS-04783,2023-08-01,Lalitpur-Patan,Pulchowk Rd,Smart-Hub,2,2721.598784437871
POS-04784,2023-01-05,Kathmandu-DurbarMarg,King's Way 101,Gaming-Console,1,4482.492798364583
POS-04785,2023-11-29,Butwal-Chowk,Traffic Chowk E,VR-Headset,5,139.1779295722276
POS-04786,2023-11-07,Pokhara-Lakeside,Baidam Street 6,Solar-Battery,2,3336.0731188642353
POS-04787,2023-05-15,Butwal-Chowk,Traffic Chowk E,Drone-HD,7,2727.714988729681
POS-04788,2023-10-24,Lalitpur-Patan,Pulchowk Rd,Drone-HD,7,229.61126134032264
POS-04789,2023-10-11,Pokhara-Lakeside,Baidam Street 6,4K-TV,8,3268.6168031794564
POS-04790,2023-03-16,Biratnagar-Main,Hospital Rd,Smart-Hub,3,2597.664983677183
POS-04791,2023-08-05,Lalitpur-Patan,Pulchowk Rd,Gaming-Console,8,4108.536135170629
POS-04792,2023-02-23,Pokhara-Lakeside,Baidam Street 6,Gaming-Console,3,1397.525430402617
POS-04793,2023-01-02,Lalitpur-Patan,Pulchowk Rd,4K-TV,5,854.9876555963522
POS-04794,2023-03-03,Kathmandu-DurbarMarg,King's Way 101,Gaming-Console,8,3398.8017337511983
POS-04795,2023-04-03,Biratnagar-Main,Hospital Rd,Smart-Hub,9,1673.1818267370886
POS-04796,2023-09-07,Kathmandu-DurbarMarg,King's Way 101,Solar-Battery,6,2313.5174079487538
POS-04797,2023-01-12,Biratnagar-Main,Hospital Rd,Drone-HD,9,2827.5059275707545
POS-04798,2023-04-14,Pokhara-Lakeside,Baidam Street 6,Gaming-Console,8,2705.3715634954197
POS-04799,2023-01-07,Lalitpur-Patan,Pulchowk Rd,Gaming-Console,8,276.7419845747671
POS-04800,2023-12-10,Lalitpur-Patan,Pulchowk Rd,Solar-Battery,4,4191.239630896071
POS-04801,2023-02-22,Biratnagar-Main,Hospital Rd,Solar-Battery,8,4046.8127776167903
POS-04802,2023-09-05,Butwal-Chowk,Traffic Chowk E,Drone-HD,3,1799.3354156918256
POS-04803,2023-04-02,Biratnagar-Main,Hospital Rd,Smart-Hub,7,4917.85731259225
POS-04804,2023-02-16,Lalitpur-Patan,Pulchowk Rd,4K-TV,8,916.5452311639266
POS-04805,2023-05-07,Kathmandu-DurbarMarg,King's Way 101,4K-TV,7,4491.973045640641
POS-04806,2023-10-01,Pokhara-Lakeside,Baidam Street 6,Smart-Hub,8,1466.1577653102627
POS-04807,2023-05-12,Lalitpur-Patan,Pulchowk Rd,4K-TV,4,1866.2659539580688
POS-04808,2023-10-01,Biratnagar-Main,Hospital Rd,4K-TV,5,76.31281454578672
POS-04809,2023-11-15,Lalitpur-Patan,Pulchowk Rd,Gaming-Console,2,1523.3758904820033
POS-04810,2023-05-14,Pokhara-Lakeside,Baidam Street 6,Smart-Hub,2,1676.077077608207
POS-04811,2023-09-19,Kathmandu-DurbarMarg,King's Way 101,4K-TV,8,2588.0318766659675
POS-04812,2023-04-04,Biratnagar-Main,Hospital Rd,VR-Headset,1,4556.561836136069
POS-04813,2023-02-26,Kathmandu-DurbarMarg,King's Way 101,Solar-Battery,2,2187.881495195046
POS-04814,2023-10-09,Biratnagar-Main,Hospital Rd,Drone-HD,3,642.6583938028065
POS-04815,2023-12-20,Butwal-Chowk,Traffic Chowk E,VR-Headset,5,2285.116677128228
POS-04816,2023-03-07,Kathmandu-DurbarMarg,King's Way 101,Solar-Battery,4,2521.1979256215755
POS-04817,2023-04-16,Pokhara-Lakeside,Baidam Street 6,Gaming-Console,3,3220.8090123774864
POS-04818,2023-07-22,Butwal-Chowk,Traffic Chowk E,Solar-Battery,7,4464.713827518395
POS-04819,2023-10-07,Lalitpur-Patan,Pulchowk Rd,Gaming-Console,9,1206.600356619259
POS-04820,2023-03-13,Pokhara-Lakeside,Baidam Street 6,VR-Headset,5,2489.9494887112714
POS-04821,2023-08-31,Pokhara-Lakeside,Baidam Street 6,4K-TV,8,1754.1421881880513
POS-04822,2023-12-21,Biratnagar-Main,Hospital Rd,Solar-Battery,6,2687.72865853632
POS-04823,2023-08-09,Butwal-Chowk,Traffic Chowk E,4K-TV,1,3859.519912341626
POS-04824,2023-05-30,Biratnagar-Main,Hospital Rd,Smart-Hub,5,626.1657786813894
POS-04825,2023-07-18,Biratnagar-Main,Hospital Rd,Gaming-Console,2,4521.126515539016
POS-04826,2023-07-07,Biratnagar-Main,Hospital Rd,Gaming-Console,2,2815.088293685054
POS-04827,2023-02-06,Pokhara-Lakeside,Baidam Street 6,Gaming-Console,3,905.4989151051421
POS-04828,2023-08-10,Pokhara-Lakeside,Baidam Street 6,Gaming-Console,6,1045.5462627192885
POS-04829,2023-08-10,Lalitpur-Patan,Pulchowk Rd,Gaming-Console,8,2687.447071254059
POS-04830,2023-09-03,Pokhara-Lakeside,Baidam Street 6,VR-Headset,6,939.725952150977
POS-04831,2023-02-20,Butwal-Chowk,Traffic Chowk E,4K-TV,3,494.12009089153366
POS-04832,2023-08-30,Butwal-Chowk,Traffic Chowk E,Solar-Battery,3,4014.6690702909436
POS-04833,2023-03-09,Lalitpur-Patan,Pulchowk Rd,VR-Headset,6,1842.4309957378323
POS-04834,2023-09-18,Butwal-Chowk,Traffic Chowk E,VR-Headset,5,3871.569668501772
POS-04835,2023-02-14,Biratnagar-Main,Hospital Rd,4K-TV,7,3330.5941373174182
POS-04836,2023-03-10,Kathmandu-DurbarMarg,King's Way 101,Gaming-Console,1,4311.670210807987
POS-04837,2023-08-21,Lalitpur-Patan,Pulchowk Rd,Gaming-Console,7,1636.124924321659
POS-04838,2023-01-09,Biratnagar-Main,Hospital Rd,VR-Headset,4,3838.668776313507
POS-04839,2023-11-13,Biratnagar-Main,Hospital Rd,4K-TV,6,2228.237693138086
POS-04840,2023-01-15,Pokhara-Lakeside,Baidam Street 6,VR-Headset,6,1516.082127840523
POS-04841,2023-10-20,Lalitpur-Patan,Pulchowk Rd,VR-Headset,3,3948.966819058533
POS-04842,2023-11-27,Pokhara-Lakeside,Baidam Street 6,Solar-Battery,7,1670.395099774312
POS-04843,2023-12-16,Biratnagar-Main,Hospital Rd,Solar-Battery,2,395.805751931496
POS-04844,2023-07-14,Kathmandu-DurbarMarg,King's Way 101,VR-Headset,5,2222.2309471849208
POS-04845,2023-10-03,Pokhara-Lakeside,Baidam Street 6,Smart-Hub,1,4757.877286769518
POS-04846,2023-08-03,Kathmandu-DurbarMarg,King's Way 101,4K-TV,9,1990.0887220926643
POS-04847,2023-08-12,Kathmandu-DurbarMarg,King's Way 101,Gaming-Console,5,503.15506193795727
POS-04848,2023-11-28,Lalitpur-Patan,Pulchowk Rd,VR-Headset,1,661.7248538471245
POS-04849,2023-09-02,Biratnagar-Main,Hospital Rd,VR-Headset,1,1119.3117373086513
POS-04850,2023-11-10,Butwal-Chowk,Traffic Chowk E,Drone-HD,1,1237.646736164279
POS-04851,2023-06-02,Pokhara-Lakeside,Baidam Street 6,Smart-Hub,3,3791.285765985052
POS-04852,2023-05-31,Pokhara-Lakeside,Baidam Street 6,Smart-Hub,9,3626.63439638916
POS-04853,2023-12-23,Butwal-Chowk,Traffic Chowk E,Gaming-Console,6,2520.546693361036
POS-04854,2023-11-10,Biratnagar-Main,Hospital Rd,4K-TV,9,1874.702106600552
POS-04855,2023-04-06,Kathmandu-DurbarMarg,King's Way 101,4K-TV,3,2761.13175249372
POS-04856,2023-05-27,Lalitpur-Patan,Pulchowk Rd,4K-TV,9,322.1573167900012
POS-04857,2023-06-18,Biratnagar-Main,Hospital Rd,Smart-Hub,1,1691.3929363645652
POS-04858,2023-07-13,Lalitpur-Patan,Pulchowk Rd,Smart-Hub,1,89.32530398052904
POS-04859,2023-05-04,Kathmandu-DurbarMarg,King's Way 101,VR-Headset,2,159.9254969627766
POS-04860,2023-10-22,Lalitpur-Patan,Pulchowk Rd,Solar-Battery,2,726.8034118232509
POS-04861,2023-08-04,Lalitpur-Patan,Pulchowk Rd,Smart-Hub,9,2658.211948686358
POS-04862,2023-08-28,Butwal-Chowk,Traffic Chowk E,Smart-Hub,4,1954.1253567704507
POS-04863,2023-01-26,Kathmandu-DurbarMarg,King's Way 101,Gaming-Console,1,3805.866453122471
POS-04864,2023-03-05,Biratnagar-Main,Hospital Rd,4K-TV,1,2035.0963677789687
POS-04865,2023-12-10,Kathmandu-DurbarMarg,King's Way 101,Drone-HD,7,2993.780141118025
POS-04866,2023-05-14,Lalitpur-Patan,Pulchowk Rd,Solar-Battery,7,226.21625922992854
POS-04867,2023-02-14,Lalitpur-Patan,Pulchowk Rd,Gaming-Console,5,4007.913335944594
POS-04868,2023-03-03,Pokhara-Lakeside,Baidam Street 6,Drone-HD,9,2028.11660889618
POS-04869,2023-07-06,Lalitpur-Patan,Pulchowk Rd,VR-Headset,2,2124.325373900551
POS-04870,2023-07-16,Butwal-Chowk,Traffic Chowk E,Gaming-Console,3,225.23917381430203
POS-04871,2023-03-28,Kathmandu-DurbarMarg,King's Way 101,Solar-Battery,5,3450.4221276180056
POS-04872,2023-11-16,Pokhara-Lakeside,Baidam Street 6,Smart-Hub,3,4933.506423828706
POS-04873,2023-01-19,Pokhara-Lakeside,Baidam Street 6,Smart-Hub,9,2480.686677548242
POS-04874,2023-06-15,Butwal-Chowk,Traffic Chowk E,Gaming-Console,2,4136.561041269323
POS-04875,2023-05-14,Butwal-Chowk,Traffic Chowk E,Gaming-Console,6,3125.676334572074
POS-04876,2023-04-05,Biratnagar-Main,Hospital Rd,Smart-Hub,3,1528.0181387822645
POS-04877,2023-04-24,Biratnagar-Main,Hospital Rd,Gaming-Console,7,1342.6741621777305
POS-04878,2023-11-20,Butwal-Chowk,Traffic Chowk E,VR-Headset,6,477.6097968919737
POS-04879,2023-09-05,Biratnagar-Main,Hospital Rd,Solar-Battery,1,-88.94918470749364
POS-04880,2023-07-05,Biratnagar-Main,Hospital Rd,4K-TV,2,515.4364137179499
POS-04881,2023-05-29,Pokhara-Lakeside,Baidam Street 6,4K-TV,2,2617.3774505451606
POS-04882,2023-07-23,Kathmandu-DurbarMarg,King's Way 101,4K-TV,8,1182.86202610158
POS-04883,2023-07-25,Pokhara-Lakeside,Baidam Street 6,Drone-HD,3,2121.263484419037
POS-04884,2023-11-21,Biratnagar-Main,Hospital Rd,Gaming-Console,2,-32.31402912523109
POS-04885,2023-09-30,Kathmandu-DurbarMarg,King's Way 101,Solar-Battery,1,4666.076702781746
POS-04886,2023-01-28,Butwal-Chowk,Traffic Chowk E,Drone-HD,1,3528.84193209196
POS-04887,2023-05-16,Butwal-Chowk,Traffic Chowk E,Drone-HD,6,1339.1363593785957
POS-04888,2023-09-24,Lalitpur-Patan,Pulchowk Rd,Gaming-Console,8,1484.8977124657301
POS-04889,2023-05-12,Pokhara-Lakeside,Baidam Street 6,Gaming-Console,2,3390.0115330837552
POS-04890,2023-06-04,Lalitpur-Patan,Pulchowk Rd,4K-TV,7,4381.076932432476
POS-04891,2023-07-26,Lalitpur-Patan,Pulchowk Rd,Smart-Hub,9,342.1922794086086
POS-04892,2023-09-14,Butwal-Chowk,Traffic Chowk E,Solar-Battery,2,514.0804212138025
POS-04893,2023-04-17,Butwal-Chowk,Traffic Chowk E,Drone-HD,2,3119.223847638672
POS-04894,2023-11-30,Butwal-Chowk,Traffic Chowk E,4K-TV,6,3983.481477684704
POS-04895,2023-12-23,Pokhara-Lakeside,Baidam Street 6,VR-Headset,5,1263.7982917560635
POS-04896,2023-11-14,Biratnagar-Main,Hospital Rd,4K-TV,1,2445.435363051248
POS-04897,2023-07-05,Biratnagar-Main,Hospital Rd,VR-Headset,1,607.5281584997251
POS-04898,2023-06-21,Biratnagar-Main,Hospital Rd,Drone-HD,6,643.7406306570481
POS-04899,2023-04-16,Kathmandu-DurbarMarg,King's Way 101,Drone-HD,9,544.3489219557104
POS-04900,2023-11-15,Kathmandu-DurbarMarg,King's Way 101,Smart-Hub,1,259.7624918446522
POS-04901,2023-03-04,Pokhara-Lakeside,Baidam Street 6,Solar-Battery,7,4962.27241982267
POS-04902,2023-12-16,Lalitpur-Patan,Pulchowk Rd,VR-Headset,2,1792.930777772636
POS-04903,2023-02-18,Butwal-Chowk,Traffic Chowk E,Drone-HD,2,4406.612527313714
POS-04904,2023-07-19,Pokhara-Lakeside,Baidam Street 6,Solar-Battery,8,4190.661979556022
POS-04905,2023-04-14,Lalitpur-Patan,Pulchowk Rd,VR-Headset,8,3351.230681309596
POS-04906,2023-10-16,Kathmandu-DurbarMarg,King's Way 101,Gaming-Console,6,4541.782593705762
POS-04907,2023-03-31,Lalitpur-Patan,Pulchowk Rd,Drone-HD,6,2260.5032219063314
POS-04908,2023-08-04,Butwal-Chowk,Traffic Chowk E,4K-TV,6,1857.08704821133
POS-04909,2023-12-26,Butwal-Chowk,Traffic Chowk E,Solar-Battery,2,894.1060168763884
POS-04910,2023-05-10,Biratnagar-Main,Hospital Rd,Solar-Battery,2,1084.3042994799
POS-04911,2023-01-04,Kathmandu-DurbarMarg,King's Way 101,4K-TV,3,308.3287261886528
POS-04912,2023-06-28,Lalitpur-Patan,Pulchowk Rd,VR-Headset,1,3580.6921080630113
POS-04913,2023-04-25,Lalitpur-Patan,Pulchowk Rd,Solar-Battery,8,781.9708210033888
POS-04914,2023-02-28,Butwal-Chowk,Traffic Chowk E,Drone-HD,7,1863.3863298734436
POS-04915,2023-05-17,Biratnagar-Main,Hospital Rd,Solar-Battery,8,4127.168630218782
POS-04916,2023-08-08,Lalitpur-Patan,Pulchowk Rd,Solar-Battery,3,4594.414088953633
POS-04917,2023-02-26,Pokhara-Lakeside,Baidam Street 6,Solar-Battery,6,3138.2134560450268
POS-04918,2023-10-08,Kathmandu-DurbarMarg,King's Way 101,4K-TV,9,4486.458703792681
POS-04919,2023-10-02,Kathmandu-DurbarMarg,King's Way 101,Solar-Battery,9,2621.6984130302612
POS-04920,2023-01-31,Butwal-Chowk,Traffic Chowk E,VR-Headset,2,3519.810292422306
POS-04921,2023-08-19,Butwal-Chowk,Traffic Chowk E,4K-TV,8,2810.191797368947
POS-04922,2023-11-19,Kathmandu-DurbarMarg,King's Way 101,Solar-Battery,1,2792.9867496522215
POS-04923,2023-10-18,Kathmandu-DurbarMarg,King's Way 101,Solar-Battery,5,-53.64271358296434
POS-04924,2023-11-21,Lalitpur-Patan,Pulchowk Rd,Gaming-Console,3,2173.609352484931
POS-04925,2023-08-20,Biratnagar-Main,Hospital Rd,Solar-Battery,3,1290.3280446646904
POS-04926,2023-07-27,Butwal-Chowk,Traffic Chowk E,VR-Headset,9,4600.765524877763
POS-04927,2023-06-27,Kathmandu-DurbarMarg,King's Way 101,Drone-HD,3,3158.812689766098
POS-04928,2023-10-05,Lalitpur-Patan,Pulchowk Rd,Gaming-Console,6,2622.1894407665286
POS-04929,2023-06-11,Kathmandu-DurbarMarg,King's Way 101,4K-TV,9,3297.520329527685
POS-04930,2023-02-15,Kathmandu-DurbarMarg,King's Way 101,4K-TV,1,1124.3169768066703
POS-04931,2023-09-27,Butwal-Chowk,Traffic Chowk E,4K-TV,4,-73.9224037193074
POS-04932,2023-07-07,Kathmandu-DurbarMarg,King's Way 101,4K-TV,4,3280.2361113054694
POS-04933,2023-10-27,Kathmandu-DurbarMarg,King's Way 101,Smart-Hub,7,1875.5576786257207
POS-04934,2023-08-02,Lalitpur-Patan,Pulchowk Rd,Gaming-Console,7,1522.4627632161764
POS-04935,2023-12-24,Butwal-Chowk,Traffic Chowk E,VR-Headset,1,4033.9451184028094
POS-04936,2023-05-11,Butwal-Chowk,Traffic Chowk E,Solar-Battery,9,2317.239840035213
POS-04937,2023-10-23,Kathmandu-DurbarMarg,King's Way 101,Solar-Battery,5,4029.489908030052
POS-04938,2023-07-29,Lalitpur-Patan,Pulchowk Rd,Gaming-Console,3,-51.25263938878067
POS-04939,2023-03-28,Kathmandu-DurbarMarg,King's Way 101,VR-Headset,3,4488.294829058726
POS-04940,2023-10-03,Lalitpur-Patan,Pulchowk Rd,VR-Headset,4,4160.259643488187
POS-04941,2023-02-24,Kathmandu-DurbarMarg,King's Way 101,Solar-Battery,9,1477.8244863893724
POS-04942,2023-01-27,Biratnagar-Main,Hospital Rd,Gaming-Console,9,3562.5233889276938
POS-04943,2023-01-30,Lalitpur-Patan,Pulchowk Rd,Drone-HD,8,2546.821266023037
POS-04944,2023-04-05,Lalitpur-Patan,Pulchowk Rd,Gaming-Console,6,2311.379313537851
POS-04945,2023-08-17,Butwal-Chowk,Traffic Chowk E,Drone-HD,8,-9.217149211882742
POS-04946,2023-08-10,Lalitpur-Patan,Pulchowk Rd,VR-Headset,8,4813.966949184368
POS-04947,2023-06-22,Kathmandu-DurbarMarg,King's Way 101,Gaming-Console,9,3064.425799394238
POS-04948,2023-07-17,Pokhara-Lakeside,Baidam Street 6,4K-TV,8,960.819993622622
POS-04949,2023-08-05,Biratnagar-Main,Hospital Rd,4K-TV,9,2184.0139078095804
POS-04950,2023-08-14,Lalitpur-Patan,Pulchowk Rd,4K-TV,1,3134.782086015278
POS-04951,2023-01-09,Kathmandu-DurbarMarg,King's Way 101,Solar-Battery,6,4054.337837791315
POS-04952,2023-08-26,Kathmandu-DurbarMarg,King's Way 101,4K-TV,4,3723.334170395306
POS-04953,2023-01-19,Kathmandu-DurbarMarg,King's Way 101,Gaming-Console,8,1274.2565950206078
POS-04954,2023-05-30,Butwal-Chowk,Traffic Chowk E,VR-Headset,5,1632.544299752521
POS-04955,2023-12-25,Lalitpur-Patan,Pulchowk Rd,Drone-HD,3,15.739673416797402
POS-04956,2023-03-29,Butwal-Chowk,Traffic Chowk E,Smart-Hub,1,3536.8714790254426
POS-04957,2023-02-25,Butwal-Chowk,Traffic Chowk E,Gaming-Console,6,682.955455887659
POS-04958,2023-03-30,Biratnagar-Main,Hospital Rd,Smart-Hub,9,4752.899392479927
POS-04959,2023-05-27,Lalitpur-Patan,Pulchowk Rd,Solar-Battery,3,2617.369545361782
POS-04960,2023-07-12,Biratnagar-Main,Hospital Rd,Solar-Battery,9,4522.687811399937
POS-04961,2023-01-23,Lalitpur-Patan,Pulchowk Rd,4K-TV,6,4340.458453805175
POS-04962,2023-06-10,Biratnagar-Main,Hospital Rd,Gaming-Console,7,1016.4591016414422
POS-04963,2023-09-20,Butwal-Chowk,Traffic Chowk E,4K-TV,9,367.7278836019428
POS-04964,2023-10-23,Biratnagar-Main,Hospital Rd,Solar-Battery,1,2125.2688644340165
POS-04965,2023-12-19,Butwal-Chowk,Traffic Chowk E,Solar-Battery,6,850.8232878175137
POS-04966,2023-04-11,Butwal-Chowk,Traffic Chowk E,Solar-Battery,1,649.8240097601654
POS-04967,2023-10-14,Kathmandu-DurbarMarg,King's Way 101,Drone-HD,6,797.2307092689176
POS-04968,2023-01-27,Biratnagar-Main,Hospital Rd,Gaming-Console,1,2274.8987495141682
POS-04969,2023-12-17,Butwal-Chowk,Traffic Chowk E,Smart-Hub,3,3450.156991636635
POS-04970,2023-11-27,Kathmandu-DurbarMarg,King's Way 101,Gaming-Console,9,4869.211461615154
POS-04971,2023-06-14,Biratnagar-Main,Hospital Rd,Smart-Hub,5,2720.576559279084
POS-04972,2023-09-28,Biratnagar-Main,Hospital Rd,4K-TV,2,2559.4250049060547
POS-04973,2023-11-26,Biratnagar-Main,Hospital Rd,Gaming-Console,3,2849.030547209537
POS-04974,2023-08-16,Butwal-Chowk,Traffic Chowk E,Gaming-Console,6,2815.909999663467
POS-04975,2023-02-09,Butwal-Chowk,Traffic Chowk E,Gaming-Console,9,4513.707714581087
POS-04976,2023-04-10,Pokhara-Lakeside,Baidam Street 6,Drone-HD,3,95.22426801191386
POS-04977,2023-05-07,Butwal-Chowk,Traffic Chowk E,4K-TV,6,3277.6341351285873
POS-04978,2023-02-23,Pokhara-Lakeside,Baidam Street 6,VR-Headset,7,3495.744670532608
POS-04979,2023-05-31,Butwal-Chowk,Traffic Chowk E,VR-Headset,7,1962.5339147330997
POS-04980,2023-01-23,Butwal-Chowk,Traffic Chowk E,Solar-Battery,8,47.91650606468136
POS-04981,2023-07-21,Kathmandu-DurbarMarg,King's Way 101,VR-Headset,9,3133.669161962541
POS-04982,2023-02-14,Kathmandu-DurbarMarg,King's Way 101,Smart-Hub,2,4495.936084813966
POS-04983,2023-07-18,Pokhara-Lakeside,Baidam Street 6,Smart-Hub,7,3915.270245413315
POS-04984,2023-06-26,Butwal-Chowk,Traffic Chowk E,Smart-Hub,3,2363.2466337794217
POS-04985,2023-03-23,Lalitpur-Patan,Pulchowk Rd,4K-TV,2,3161.9179562346876
POS-04986,2023-03-08,Lalitpur-Patan,Pulchowk Rd,Gaming-Console,1,1203.5612156709174
POS-04987,2023-01-06,Pokhara-Lakeside,Baidam Street 6,Solar-Battery,5,3102.5835832913594
POS-04988,2023-10-24,Lalitpur-Patan,Pulchowk Rd,Smart-Hub,1,1356.34097326855
POS-04989,2023-02-10,Lalitpur-Patan,Pulchowk Rd,4K-TV,8,650.1860239255753
POS-04990,2023-10-30,Pokhara-Lakeside,Baidam Street 6,Solar-Battery,7,798.569316144922
POS-04991,2023-09-13,Kathmandu-DurbarMarg,King's Way 101,Drone-HD,7,933.5555576569839
POS-04992,2023-08-31,Biratnagar-Main,Hospital Rd,4K-TV,4,2418.3391690980247
POS-04993,2023-07-30,Butwal-Chowk,Traffic Chowk E,Drone-HD,4,174.84804889412538
POS-04994,2023-07-14,Kathmandu-DurbarMarg,King's Way 101,Solar-Battery,1,2963.473430802008
POS-04995,2023-01-12,Lalitpur-Patan,Pulchowk Rd,Drone-HD,2,3392.6233567776126
POS-04996,2023-01-15,Lalitpur-Patan,Pulchowk Rd,Smart-Hub,8,417.8714743491429
POS-04997,2023-09-29,Biratnagar-Main,Hospital Rd,VR-Headset,5,1153.132061397648
POS-04998,2023-12-24,Kathmandu-DurbarMarg,King's Way 101,Smart-Hub,4,1071.6727805322464
POS-04999,2023-08-17,Pokhara-Lakeside,Baidam Street 6,VR-Headset,2,4087.9620180700285
POS-05000,2023-05-29,Biratnagar-Main,Hospital Rd,Drone-HD,2,1400.9533865026847
POS-05001,2023-12-10,Butwal-Chowk,Traffic Chowk E,Smart-Hub,9,2443.1334221801862
POS-05002,2023-06-09,Lalitpur-Patan,Pulchowk Rd,Gaming-Console,6,4258.814198729517
POS-05003,2023-03-30,Butwal-Chowk,Traffic Chowk E,Smart-Hub,5,4628.5914276694875
POS-05004,2023-01-16,Kathmandu-DurbarMarg,King's Way 101,Smart-Hub,7,1617.4068119111428
POS-05005,2023-09-24,Lalitpur-Patan,Pulchowk Rd,Solar-Battery,6,4959.013363433523
POS-05006,2023-08-09,Kathmandu-DurbarMarg,King's Way 101,Gaming-Console,4,846.1096859585477
POS-05007,2023-09-20,Lalitpur-Patan,Pulchowk Rd,Smart-Hub,5,2618.0794612075065
POS-05008,2023-11-28,Kathmandu-DurbarMarg,King's Way 101,Gaming-Console,6,3961.493992039479
POS-05009,2023-07-13,Kathmandu-DurbarMarg,King's Way 101,Smart-Hub,4,4428.162285874422
POS-05010,2023-02-05,Kathmandu-DurbarMarg,King's Way 101,Gaming-Console,1,4910.651583584992
POS-05011,2023-03-14,Pokhara-Lakeside,Baidam Street 6,4K-TV,9,518.7623656647135
POS-05012,2023-07-16,Butwal-Chowk,Traffic Chowk E,4K-TV,7,2847.0988188517313
POS-05013,2023-11-03,Pokhara-Lakeside,Baidam Street 6,Solar-Battery,8,1921.4671035673716
POS-05014,2023-11-28,Lalitpur-Patan,Pulchowk Rd,Smart-Hub,5,4469.812082626548
POS-05015,2023-03-04,Lalitpur-Patan,Pulchowk Rd,Gaming-Console,6,4021.054314373054
POS-05016,2023-12-15,Pokhara-Lakeside,Baidam Street 6,Gaming-Console,7,492.62590683253643
POS-05017,2023-05-29,Kathmandu-DurbarMarg,King's Way 101,Smart-Hub,6,4884.390848565058
POS-05018,2023-04-01,Pokhara-Lakeside,Baidam Street 6,Smart-Hub,9,1640.3866116423305
POS-05019,2023-03-13,Butwal-Chowk,Traffic Chowk E,Smart-Hub,7,3499.601072146841
POS-05020,2023-06-20,Kathmandu-DurbarMarg,King's Way 101,4K-TV,7,2196.1192366791815
POS-05021,2023-04-18,Butwal-Chowk,Traffic Chowk E,Solar-Battery,8,2395.5742169464797
POS-05022,2023-06-29,Biratnagar-Main,Hospital Rd,4K-TV,9,3253.5998503229303
POS-05023,2023-01-20,Biratnagar-Main,Hospital Rd,4K-TV,2,2904.9787806109734
POS-05024,2023-06-02,Lalitpur-Patan,Pulchowk Rd,Gaming-Console,2,3138.054357062093
POS-05025,2023-04-30,Kathmandu-DurbarMarg,King's Way 101,Gaming-Console,2,410.5630963998762
POS-05026,2023-03-06,Kathmandu-DurbarMarg,King's Way 101,Smart-Hub,2,968.9238424841255
POS-05027,2023-09-28,Kathmandu-DurbarMarg,King's Way 101,Gaming-Console,7,2542.3982706016527
POS-05028,2023-05-11,Pokhara-Lakeside,Baidam Street 6,Gaming-Console,8,2313.1361774095003
POS-05029,2023-09-05,Biratnagar-Main,Hospital Rd,Gaming-Console,9,4478.673373997817
POS-05030,2023-07-04,Butwal-Chowk,Traffic Chowk E,Smart-Hub,3,721.2615770811602
POS-05031,2023-04-26,Butwal-Chowk,Traffic Chowk E,Gaming-Console,9,2383.6978987668103
POS-05032,2023-09-13,Butwal-Chowk,Traffic Chowk E,4K-TV,8,2796.990015544883
POS-05033,2023-10-16,Kathmandu-DurbarMarg,King's Way 101,Drone-HD,1,1073.1396904741887
POS-05034,2023-11-27,Butwal-Chowk,Traffic Chowk E,Gaming-Console,6,1550.2107022416842
POS-05035,2023-08-29,Biratnagar-Main,Hospital Rd,Smart-Hub,4,1352.4882923281966
POS-05036,2023-11-22,Kathmandu-DurbarMarg,King's Way 101,VR-Headset,3,3183.111268207965
POS-05037,2023-09-27,Biratnagar-Main,Hospital Rd,Drone-HD,9,656.2550677738925
POS-05038,2023-05-10,Butwal-Chowk,Traffic Chowk E,Smart-Hub,9,2122.1974690356715
POS-05039,2023-04-08,Butwal-Chowk,Traffic Chowk E,VR-Headset,4,3696.4828217732647
POS-05040,2023-12-02,Kathmandu-DurbarMarg,King's Way 101,Smart-Hub,6,2028.3457629048053
POS-05041,2023-07-30,Butwal-Chowk,Traffic Chowk E,Drone-HD,4,2607.889945816808
POS-05042,2023-04-09,Kathmandu-DurbarMarg,King's Way 101,4K-TV,5,2962.6722811980558
POS-05043,2023-11-14,Kathmandu-DurbarMarg,King's Way 101,4K-TV,6,2996.623174417534
POS-05044,2023-02-18,Butwal-Chowk,Traffic Chowk E,Smart-Hub,6,121.58291833177867
POS-05045,2023-09-09,Biratnagar-Main,Hospital Rd,4K-TV,4,524.0972333809814
POS-05046,2023-01-13,Lalitpur-Patan,Pulchowk Rd,Smart-Hub,3,1214.5806489201927
POS-05047,2023-05-22,Pokhara-Lakeside,Baidam Street 6,Smart-Hub,4,591.1351733824287
POS-05048,2023-03-16,Biratnagar-Main,Hospital Rd,4K-TV,5,950.6705937248003
POS-05049,2023-09-15,Biratnagar-Main,Hospital Rd,Gaming-Console,6,3629.7349857257177
POS-05050,2023-11-22,Lalitpur-Patan,Pulchowk Rd,Smart-Hub,4,3299.648165061852
POS-05051,2023-10-11,Biratnagar-Main,Hospital Rd,4K-TV,4,4412.637525863083
POS-05052,2023-08-23,Kathmandu-DurbarMarg,King's Way 101,Solar-Battery,4,4174.327432110092
POS-05053,2023-09-11,Kathmandu-DurbarMarg,King's Way 101,Gaming-Console,1,2410.4389081676572
POS-05054,2023-11-29,Kathmandu-DurbarMarg,King's Way 101,Gaming-Console,4,211.62512631896823
POS-05055,2023-12-11,Butwal-Chowk,Traffic Chowk E,Smart-Hub,9,1219.1161550594156
POS-05056,2023-11-02,Lalitpur-Patan,Pulchowk Rd,Solar-Battery,6,4156.019076503548
POS-05057,2023-09-27,Biratnagar-Main,Hospital Rd,Gaming-Console,3,2667.000302977722
POS-05058,2023-06-19,Pokhara-Lakeside,Baidam Street 6,Smart-Hub,2,4911.0596915124115
POS-05059,2023-01-03,Lalitpur-Patan,Pulchowk Rd,Gaming-Console,7,3783.3822380743927
POS-05060,2023-09-22,Butwal-Chowk,Traffic Chowk E,Gaming-Console,3,1259.6720875757355
POS-05061,2023-05-10,Kathmandu-DurbarMarg,King's Way 101,Smart-Hub,5,941.6174313507436
POS-05062,2023-04-10,Kathmandu-DurbarMarg,King's Way 101,Drone-HD,5,4417.715021666129
POS-05063,2023-05-05,Kathmandu-DurbarMarg,King's Way 101,4K-TV,6,4971.718777360003
POS-05064,2023-03-14,Lalitpur-Patan,Pulchowk Rd,4K-TV,9,1245.8874312131761
POS-05065,2023-12-14,Biratnagar-Main,Hospital Rd,Drone-HD,6,4916.1833363672895
POS-05066,2023-01-30,Lalitpur-Patan,Pulchowk Rd,Drone-HD,3,4247.431245397185
POS-05067,2023-03-08,Biratnagar-Main,Hospital Rd,Smart-Hub,9,3628.339829509999
POS-05068,2023-10-29,Lalitpur-Patan,Pulchowk Rd,Solar-Battery,2,4776.366221846802
POS-05069,2023-07-21,Kathmandu-DurbarMarg,King's Way 101,Smart-Hub,4,1214.3717639503445
POS-05070,2023-10-29,Kathmandu-DurbarMarg,King's Way 101,VR-Headset,2,1815.2880651061496
POS-05071,2023-12-18,Butwal-Chowk,Traffic Chowk E,Drone-HD,3,2835.8846411915115
POS-05072,2023-08-02,Biratnagar-Main,Hospital Rd,Solar-Battery,4,42.483656586736316
POS-05073,2023-02-11,Lalitpur-Patan,Pulchowk Rd,Gaming-Console,5,199.32979113815992
POS-05074,2023-02-23,Kathmandu-DurbarMarg,King's Way 101,Drone-HD,4,2868.6142600098806
POS-05075,2023-11-18,Pokhara-Lakeside,Baidam Street 6,Gaming-Console,7,4296.48239090121
POS-05076,2023-04-26,Lalitpur-Patan,Pulchowk Rd,Gaming-Console,4,4650.420092981279
POS-05077,2023-05-06,Biratnagar-Main,Hospital Rd,Smart-Hub,5,255.24371592833728
POS-05078,2023-11-25,Lalitpur-Patan,Pulchowk Rd,Smart-Hub,1,262.45938741094096
POS-05079,2023-04-20,Butwal-Chowk,Traffic Chowk E,Drone-HD,3,2291.308562105468
POS-05080,2023-03-22,Kathmandu-DurbarMarg,King's Way 101,4K-TV,6,809.6895088650726
POS-05081,2023-03-14,Lalitpur-Patan,Pulchowk Rd,Gaming-Console,4,4086.134117745446
POS-05082,2023-03-18,Biratnagar-Main,Hospital Rd,Gaming-Console,3,845.4590996291455
POS-05083,2023-02-17,Biratnagar-Main,Hospital Rd,Gaming-Console,7,2661.4418397323475
POS-05084,2023-10-08,Kathmandu-DurbarMarg,King's Way 101,VR-Headset,2,3537.240379021182
POS-05085,2023-06-26,Pokhara-Lakeside,Baidam Street 6,Gaming-Console,2,1646.2004809553396
POS-05086,2023-08-18,Biratnagar-Main,Hospital Rd,VR-Headset,6,4723.141968731411
POS-05087,2023-09-06,Butwal-Chowk,Traffic Chowk E,4K-TV,1,1086.662020084317
POS-05088,2023-10-19,Butwal-Chowk,Traffic Chowk E,4K-TV,2,1722.745539514853
POS-05089,2023-04-13,Biratnagar-Main,Hospital Rd,4K-TV,5,3466.1221020563835
POS-05090,2023-12-17,Kathmandu-DurbarMarg,King's Way 101,VR-Headset,7,3416.0338051434433
POS-05091,2023-01-21,Lalitpur-Patan,Pulchowk Rd,Smart-Hub,5,1134.3002793394035
POS-05092,2023-10-19,Kathmandu-DurbarMarg,King's Way 101,Gaming-Console,7,-92.57122079664227
POS-05093,2023-02-23,Butwal-Chowk,Traffic Chowk E,VR-Headset,9,526.1628331677825
POS-05094,2023-03-20,Kathmandu-DurbarMarg,King's Way 101,Drone-HD,1,228.01034293983582
POS-05095,2023-06-02,Butwal-Chowk,Traffic Chowk E,VR-Headset,6,4586.4775605480645
POS-05096,2023-02-06,Biratnagar-Main,Hospital Rd,Smart-Hub,4,3571.4946021185706
POS-05097,2023-06-20,Biratnagar-Main,Hospital Rd,Solar-Battery,5,3373.5517627265444
POS-05098,2023-02-17,Pokhara-Lakeside,Baidam Street 6,Solar-Battery,5,625.256651606273
POS-05099,2023-03-07,Butwal-Chowk,Traffic Chowk E,4K-TV,9,2363.7657992112927
POS-05100,2023-07-30,Biratnagar-Main,Hospital Rd,Gaming-Console,8,5.989069474064948
POS-05101,2023-08-29,Butwal-Chowk,Traffic Chowk E,4K-TV,4,3533.723808110142
POS-05102,2023-11-19,Pokhara-Lakeside,Baidam Street 6,Smart-Hub,3,925.4106839734343
POS-05103,2023-05-28,Kathmandu-DurbarMarg,King's Way 101,Drone-HD,4,233.1571969034444
POS-05104,2023-04-11,Lalitpur-Patan,Pulchowk Rd,Smart-Hub,3,288.4291639404461
POS-05105,2023-02-22,Kathmandu-DurbarMarg,King's Way 101,Drone-HD,5,2595.242252431455
POS-05106,2023-05-06,Kathmandu-DurbarMarg,King's Way 101,Solar-Battery,9,883.0662880960748
POS-05107,2023-02-15,Lalitpur-Patan,Pulchowk Rd,Smart-Hub,7,1822.6277991480886
POS-05108,2023-05-13,Kathmandu-DurbarMarg,King's Way 101,VR-Headset,6,3367.202928802805
POS-05109,2023-09-15,Pokhara-Lakeside,Baidam Street 6,Drone-HD,8,2100.0057846511854
POS-05110,2023-08-28,Kathmandu-DurbarMarg,King's Way 101,Solar-Battery,9,3338.160640789335
POS-05111,2023-06-13,Biratnagar-Main,Hospital Rd,VR-Headset,5,1625.2630793816168
POS-05112,2023-04-16,Pokhara-Lakeside,Baidam Street 6,Smart-Hub,5,3887.484846508989
POS-05113,2023-01-04,Butwal-Chowk,Traffic Chowk E,VR-Headset,4,1350.6435617479701
POS-05114,2023-03-05,Butwal-Chowk,Traffic Chowk E,Drone-HD,3,4419.760006522067
POS-05115,2023-01-31,Pokhara-Lakeside,Baidam Street 6,Solar-Battery,3,2957.541243188279
POS-05116,2023-04-22,Pokhara-Lakeside,Baidam Street 6,Gaming-Console,1,296.6772574681392
POS-05117,2023-12-12,Butwal-Chowk,Traffic Chowk E,Smart-Hub,1,2078.10179380664
POS-05118,2023-04-24,Butwal-Chowk,Traffic Chowk E,VR-Headset,4,10.439630042575104
POS-05119,2023-05-11,Biratnagar-Main,Hospital Rd,Gaming-Console,3,2947.544980084435
POS-05120,2023-06-26,Biratnagar-Main,Hospital Rd,Smart-Hub,3,3486.9826084762267
POS-05121,2023-06-24,Lalitpur-Patan,Pulchowk Rd,Solar-Battery,7,1817.6647139790416
POS-05122,2023-06-14,Lalitpur-Patan,Pulchowk Rd,4K-TV,1,2008.9801780621174
POS-05123,2023-04-28,Lalitpur-Patan,Pulchowk Rd,Gaming-Console,9,1129.3885572732615
POS-05124,2023-09-11,Butwal-Chowk,Traffic Chowk E,4K-TV,5,1478.695775972689
POS-05125,2023-11-21,Biratnagar-Main,Hospital Rd,Gaming-Console,1,2644.7777872872703
POS-05126,2023-12-23,Pokhara-Lakeside,Baidam Street 6,Solar-Battery,3,2398.4000679783276
POS-05127,2023-11-17,Kathmandu-DurbarMarg,King's Way 101,VR-Headset,5,405.2090607196013
POS-05128,2023-03-10,Lalitpur-Patan,Pulchowk Rd,Smart-Hub,9,629.0780368131313
POS-05129,2023-07-01,Pokhara-Lakeside,Baidam Street 6,Gaming-Console,8,4531.858061369065
POS-05130,2023-03-31,Butwal-Chowk,Traffic Chowk E,VR-Headset,3,3005.2826718529373
POS-05131,2023-11-01,Kathmandu-DurbarMarg,King's Way 101,VR-Headset,9,987.0580818217277
POS-05132,2023-04-03,Butwal-Chowk,Traffic Chowk E,Smart-Hub,7,3349.66345393925
POS-05133,2023-08-22,Kathmandu-DurbarMarg,King's Way 101,VR-Headset,7,2566.6744404696847
POS-05134,2023-11-19,Lalitpur-Patan,Pulchowk Rd,Drone-HD,5,844.7400407693377
POS-05135,2023-04-07,Biratnagar-Main,Hospital Rd,Solar-Battery,1,3008.7082204370113
POS-05136,2023-11-13,Biratnagar-Main,Hospital Rd,4K-TV,4,1688.9288863542893
POS-05137,2023-05-18,Lalitpur-Patan,Pulchowk Rd,Drone-HD,7,3284.6862331543516
POS-05138,2023-04-11,Lalitpur-Patan,Pulchowk Rd,Drone-HD,3,3871.742180360332
POS-05139,2023-11-07,Biratnagar-Main,Hospital Rd,Solar-Battery,2,4819.3949717429405
POS-05140,2023-09-10,Kathmandu-DurbarMarg,King's Way 101,Smart-Hub,8,2046.224419132046
POS-05141,2023-07-15,Butwal-Chowk,Traffic Chowk E,4K-TV,9,466.2110128589545
POS-05142,2023-05-17,Biratnagar-Main,Hospital Rd,Smart-Hub,2,2644.939872731763
POS-05143,2023-12-03,Kathmandu-DurbarMarg,King's Way 101,Smart-Hub,1,3805.895138399422
POS-05144,2023-12-22,Biratnagar-Main,Hospital Rd,Gaming-Console,9,4502.396707204403
POS-05145,2023-02-11,Biratnagar-Main,Hospital Rd,VR-Headset,3,170.92670434485638
POS-05146,2023-03-16,Biratnagar-Main,Hospital Rd,Smart-Hub,8,3477.4060471698294
POS-05147,2023-07-27,Biratnagar-Main,Hospital Rd,Smart-Hub,3,46.65055643890949
POS-05148,2023-02-11,Kathmandu-DurbarMarg,King's Way 101,4K-TV,5,2997.949129228557
POS-05149,2023-05-28,Lalitpur-Patan,Pulchowk Rd,4K-TV,8,204.8010807793836
POS-05150,2023-10-09,Kathmandu-DurbarMarg,King's Way 101,Drone-HD,2,3024.3909474648563
POS-05151,2023-10-30,Kathmandu-DurbarMarg,King's Way 101,VR-Headset,2,17.29234186619763
POS-05152,2023-09-22,Pokhara-Lakeside,Baidam Street 6,4K-TV,5,4852.434354159334
POS-05153,2023-08-18,Biratnagar-Main,Hospital Rd,Drone-HD,8,504.968463353165
POS-05154,2023-07-22,Butwal-Chowk,Traffic Chowk E,Solar-Battery,1,83.22186610552797
POS-05155,2023-08-04,Pokhara-Lakeside,Baidam Street 6,Smart-Hub,1,2107.361810513782
POS-05156,2023-07-16,Pokhara-Lakeside,Baidam Street 6,Solar-Battery,8,847.276892112712
POS-05157,2023-05-21,Pokhara-Lakeside,Baidam Street 6,Smart-Hub,4,866.2982530756436
POS-05158,2023-08-14,Lalitpur-Patan,Pulchowk Rd,Smart-Hub,3,2945.323186597682
POS-05159,2023-03-29,Pokhara-Lakeside,Baidam Street 6,4K-TV,7,1429.03016552905
POS-05160,2023-01-20,Butwal-Chowk,Traffic Chowk E,Smart-Hub,7,2904.208317108995
POS-05161,2023-06-28,Biratnagar-Main,Hospital Rd,4K-TV,9,648.1806526915308
POS-05162,2023-09-12,Kathmandu-DurbarMarg,King's Way 101,4K-TV,8,318.5980726537451
POS-05163,2023-01-05,Pokhara-Lakeside,Baidam Street 6,Smart-Hub,9,3876.7567182202833
POS-05164,2023-12-11,Biratnagar-Main,Hospital Rd,4K-TV,7,3180.884814551635
POS-05165,2023-03-19,Lalitpur-Patan,Pulchowk Rd,Smart-Hub,4,-64.60872772188654
POS-05166,2023-09-26,Butwal-Chowk,Traffic Chowk E,Drone-HD,2,931.873668401792
POS-05167,2023-07-03,Butwal-Chowk,Traffic Chowk E,Drone-HD,7,4917.811336608198
POS-05168,2023-06-30,Pokhara-Lakeside,Baidam Street 6,4K-TV,1,4857.411621230192
POS-05169,2023-05-13,Biratnagar-Main,Hospital Rd,VR-Headset,8,2842.0270640746257
POS-05170,2023-07-13,Biratnagar-Main,Hospital Rd,Drone-HD,1,298.72394901626745
POS-05171,2023-01-03,Pokhara-Lakeside,Baidam Street 6,VR-Headset,8,2406.068394993029
POS-05172,2023-12-12,Biratnagar-Main,Hospital Rd,Smart-Hub,7,99.0011658384939
POS-05173,2023-05-29,Biratnagar-Main,Hospital Rd,Solar-Battery,7,3807.067002343275
POS-05174,2023-02-19,Kathmandu-DurbarMarg,King's Way 101,Drone-HD,8,4292.955021287157
POS-05175,2023-01-04,Butwal-Chowk,Traffic Chowk E,Smart-Hub,7,1947.7533968475407
POS-05176,2023-08-20,Butwal-Chowk,Traffic Chowk E,VR-Headset,9,4302.260879237034
POS-05177,2023-09-21,Kathmandu-DurbarMarg,King's Way 101,Gaming-Console,9,4465.0798194618965
POS-05178,2023-05-20,Pokhara-Lakeside,Baidam Street 6,VR-Headset,6,886.7550536207117
POS-05179,2023-02-05,Kathmandu-DurbarMarg,King's Way 101,Smart-Hub,6,887.6557695680428
POS-05180,2023-11-18,Kathmandu-DurbarMarg,King's Way 101,4K-TV,7,3089.409423268129
POS-05181,2023-04-19,Pokhara-Lakeside,Baidam Street 6,Solar-Battery,7,4918.484235532053
POS-05182,2023-09-15,Butwal-Chowk,Traffic Chowk E,Drone-HD,6,1440.4781507280222
POS-05183,2023-11-06,Butwal-Chowk,Traffic Chowk E,Drone-HD,5,2129.69471695895
POS-05184,2023-10-08,Pokhara-Lakeside,Baidam Street 6,Drone-HD,4,4316.036781391385
POS-05185,2023-12-13,Pokhara-Lakeside,Baidam Street 6,Smart-Hub,5,2622.1841710720805
POS-05186,2023-08-13,Butwal-Chowk,Traffic Chowk E,Smart-Hub,3,2554.058128119861
POS-05187,2023-03-16,Kathmandu-DurbarMarg,King's Way 101,Drone-HD,9,2071.46523908592
POS-05188,2023-04-25,Biratnagar-Main,Hospital Rd,Drone-HD,9,649.8380647481835
POS-05189,2023-06-07,Lalitpur-Patan,Pulchowk Rd,Solar-Battery,4,1077.7382145158615
POS-05190,2023-12-22,Butwal-Chowk,Traffic Chowk E,Gaming-Console,5,24.66595093975444
POS-05191,2023-02-06,Lalitpur-Patan,Pulchowk Rd,VR-Headset,2,1073.6156242057862
POS-05192,2023-11-06,Pokhara-Lakeside,Baidam Street 6,Drone-HD,3,4922.7654677653845
POS-05193,2023-07-11,Pokhara-Lakeside,Baidam Street 6,VR-Headset,9,4976.281567901336
POS-05194,2023-05-01,Lalitpur-Patan,Pulchowk Rd,4K-TV,1,3470.7942871883165
POS-05195,2023-08-08,Butwal-Chowk,Traffic Chowk E,Gaming-Console,5,1560.272170541308
POS-05196,2023-12-22,Lalitpur-Patan,Pulchowk Rd,Gaming-Console,7,4882.030333855918
POS-05197,2023-09-02,Pokhara-Lakeside,Baidam Street 6,4K-TV,8,4729.80753235362
POS-05198,2023-10-15,Lalitpur-Patan,Pulchowk Rd,Solar-Battery,8,4777.106439616298
POS-05199,2023-04-07,Butwal-Chowk,Traffic Chowk E,Gaming-Console,2,3857.820117039703
POS-05200,2023-06-25,Biratnagar-Main,Hospital Rd,Solar-Battery,1,3442.382626346328
POS-05201,2023-12-19,Kathmandu-DurbarMarg,King's Way 101,Drone-HD,6,4450.281547173677
POS-05202,2023-11-28,Kathmandu-DurbarMarg,King's Way 101,Gaming-Console,8,2875.570523784221
POS-05203,2023-07-13,Kathmandu-DurbarMarg,King's Way 101,4K-TV,2,3404.88621179724
POS-05204,2023-07-15,Lalitpur-Patan,Pulchowk Rd,Smart-Hub,1,4771.850534100585
POS-05205,2023-03-17,Butwal-Chowk,Traffic Chowk E,VR-Headset,3,2390.4726437191425
POS-05206,2023-03-06,Kathmandu-DurbarMarg,King's Way 101,Drone-HD,4,2150.918854314628
POS-05207,2023-12-26,Biratnagar-Main,Hospital Rd,Gaming-Console,8,-39.32798729787349
POS-05208,2023-11-16,Biratnagar-Main,Hospital Rd,Drone-HD,3,4699.009157635717
POS-05209,2023-09-11,Kathmandu-DurbarMarg,King's Way 101,Gaming-Console,6,4322.58018635038
POS-05210,2023-03-26,Kathmandu-DurbarMarg,King's Way 101,VR-Headset,4,4019.369375483898
POS-05211,2023-02-19,Lalitpur-Patan,Pulchowk Rd,VR-Headset,3,694.3447479646762
POS-05212,2023-08-26,Biratnagar-Main,Hospital Rd,VR-Headset,9,3531.904110734095
POS-05213,2023-08-29,Lalitpur-Patan,Pulchowk Rd,Drone-HD,9,3945.172762971514
POS-05214,2023-02-21,Butwal-Chowk,Traffic Chowk E,4K-TV,8,2067.677983838001
POS-05215,2023-10-09,Butwal-Chowk,Traffic Chowk E,VR-Headset,4,4514.471381319735
POS-05216,2023-06-08,Lalitpur-Patan,Pulchowk Rd,VR-Headset,6,3290.5556116653906
POS-05217,2023-05-19,Kathmandu-DurbarMarg,King's Way 101,VR-Headset,8,4735.438464961953
POS-05218,2023-01-06,Kathmandu-DurbarMarg,King's Way 101,Smart-Hub,5,980.508060597288
POS-05219,2023-09-08,Biratnagar-Main,Hospital Rd,VR-Headset,7,2768.6384425922383
POS-05220,2023-12-15,Pokhara-Lakeside,Baidam Street 6,VR-Headset,7,86.9521427896457
POS-05221,2023-03-05,Lalitpur-Patan,Pulchowk Rd,4K-TV,5,2413.6957732630676
POS-05222,2023-03-01,Butwal-Chowk,Traffic Chowk E,Drone-HD,1,3884.5636701787653
POS-05223,2023-03-06,Butwal-Chowk,Traffic Chowk E,Smart-Hub,5,2534.713740336414
POS-05224,2023-03-31,Pokhara-Lakeside,Baidam Street 6,VR-Headset,7,1733.2259626848784
POS-05225,2023-07-26,Biratnagar-Main,Hospital Rd,VR-Headset,5,193.6609203398341
POS-05226,2023-11-19,Pokhara-Lakeside,Baidam Street 6,Smart-Hub,6,4086.9466916385218
POS-05227,2023-01-03,Lalitpur-Patan,Pulchowk Rd,Solar-Battery,1,3527.627027380263
POS-05228,2023-04-14,Lalitpur-Patan,Pulchowk Rd,VR-Headset,3,4536.574664040954
POS-05229,2023-02-11,Lalitpur-Patan,Pulchowk Rd,Gaming-Console,6,4851.976011649554
POS-05230,2023-11-21,Kathmandu-DurbarMarg,King's Way 101,VR-Headset,2,2353.7083291932004
POS-05231,2023-06-14,Butwal-Chowk,Traffic Chowk E,Smart-Hub,9,28.194314477529815
POS-05232,2023-04-14,Kathmandu-DurbarMarg,King's Way 101,Gaming-Console,8,3664.851658331984
POS-05233,2023-09-24,Biratnagar-Main,Hospital Rd,4K-TV,3,1640.5623428449123
POS-05234,2023-05-07,Lalitpur-Patan,Pulchowk Rd,VR-Headset,9,1278.936656762338
POS-05235,2023-04-24,Kathmandu-DurbarMarg,King's Way 101,Solar-Battery,3,4638.821269516688
POS-05236,2023-04-20,Pokhara-Lakeside,Baidam Street 6,VR-Headset,9,1327.720086998004
POS-05237,2023-09-10,Kathmandu-DurbarMarg,King's Way 101,Drone-HD,7,3700.4065878565534
POS-05238,2023-10-06,Kathmandu-DurbarMarg,King's Way 101,Gaming-Console,1,2033.4663601579423
POS-05239,2023-07-18,Butwal-Chowk,Traffic Chowk E,Drone-HD,9,128.96377335611635
POS-05240,2023-09-10,Kathmandu-DurbarMarg,King's Way 101,Gaming-Console,2,2783.9925297684517
POS-05241,2023-11-25,Butwal-Chowk,Traffic Chowk E,Smart-Hub,6,4947.953442942368
POS-05242,2023-10-09,Kathmandu-DurbarMarg,King's Way 101,Gaming-Console,5,3997.41599437291
POS-05243,2023-09-05,Butwal-Chowk,Traffic Chowk E,Smart-Hub,1,3456.670701022804
POS-05244,2023-07-26,Biratnagar-Main,Hospital Rd,Drone-HD,2,1576.10533195544
POS-05245,2023-11-29,Biratnagar-Main,Hospital Rd,4K-TV,2,3348.776884700162
POS-05246,2023-10-14,Kathmandu-DurbarMarg,King's Way 101,Gaming-Console,7,1454.4121112552307
POS-05247,2023-06-22,Lalitpur-Patan,Pulchowk Rd,VR-Headset,4,4796.954263182291
POS-05248,2023-12-20,Lalitpur-Patan,Pulchowk Rd,Smart-Hub,3,302.0807206531787
POS-05249,2023-08-09,Lalitpur-Patan,Pulchowk Rd,Drone-HD,7,327.8503358364512
POS-05250,2023-05-09,Butwal-Chowk,Traffic Chowk E,Drone-HD,5,2637.4125627511485
POS-05251,2023-10-05,Biratnagar-Main,Hospital Rd,Smart-Hub,6,870.4416900624122
POS-05252,2023-11-27,Biratnagar-Main,Hospital Rd,Gaming-Console,5,4741.387500784225
POS-05253,2023-12-14,Pokhara-Lakeside,Baidam Street 6,Smart-Hub,5,4020.740430727995
POS-05254,2023-05-06,Biratnagar-Main,Hospital Rd,Gaming-Console,9,4055.879619615327
POS-05255,2023-11-04,Pokhara-Lakeside,Baidam Street 6,Drone-HD,4,1623.5449321376923
POS-05256,2023-08-26,Pokhara-Lakeside,Baidam Street 6,Drone-HD,2,1084.7512592403154
POS-05257,2023-05-09,Biratnagar-Main,Hospital Rd,Gaming-Console,1,1761.6584116887052
POS-05258,2023-09-02,Butwal-Chowk,Traffic Chowk E,Smart-Hub,1,2304.163963307439
POS-05259,2023-12-25,Biratnagar-Main,Hospital Rd,4K-TV,8,2133.9953358795196
POS-05260,2023-02-18,Lalitpur-Patan,Pulchowk Rd,Solar-Battery,7,31.447841512370076
POS-05261,2023-01-25,Biratnagar-Main,Hospital Rd,Solar-Battery,5,1266.6808554443041
POS-05262,2023-04-11,Pokhara-Lakeside,Baidam Street 6,VR-Headset,5,4914.205907185683
POS-05263,2023-03-20,Pokhara-Lakeside,Baidam Street 6,Solar-Battery,8,4762.177418908701
POS-05264,2023-06-25,Pokhara-Lakeside,Baidam Street 6,Drone-HD,5,3164.8475822957844
POS-05265,2023-04-01,Butwal-Chowk,Traffic Chowk E,Solar-Battery,7,3395.4643788960593
POS-05266,2023-03-13,Pokhara-Lakeside,Baidam Street 6,4K-TV,6,1817.9759922146916
POS-05267,2023-04-30,Biratnagar-Main,Hospital Rd,Gaming-Console,3,2762.6408326577266
POS-05268,2023-10-01,Biratnagar-Main,Hospital Rd,Gaming-Console,9,1089.2692614407335
POS-05269,2023-05-16,Lalitpur-Patan,Pulchowk Rd,4K-TV,2,2089.1406881091248
POS-05270,2023-11-07,Kathmandu-DurbarMarg,King's Way 101,Gaming-Console,7,3667.37725256647
POS-05271,2023-12-26,Pokhara-Lakeside,Baidam Street 6,Drone-HD,1,2961.8310247047807
POS-05272,2023-03-29,Biratnagar-Main,Hospital Rd,Smart-Hub,5,1274.5824969605756
POS-05273,2023-12-21,Kathmandu-DurbarMarg,King's Way 101,VR-Headset,6,2584.331059376613
POS-05274,2023-02-23,Kathmandu-DurbarMarg,King's Way 101,Smart-Hub,9,2807.431440316647
POS-05275,2023-10-31,Lalitpur-Patan,Pulchowk Rd,VR-Headset,4,3292.0102108487154
POS-05276,2023-05-22,Biratnagar-Main,Hospital Rd,Drone-HD,5,3921.384802186032
POS-05277,2023-04-02,Kathmandu-DurbarMarg,King's Way 101,Gaming-Console,8,223.98340948759807
POS-05278,2023-10-06,Lalitpur-Patan,Pulchowk Rd,VR-Headset,9,3637.827641982475
POS-05279,2023-11-09,Lalitpur-Patan,Pulchowk Rd,Drone-HD,5,3461.465638835478
POS-05280,2023-10-12,Pokhara-Lakeside,Baidam Street 6,Gaming-Console,3,421.1044293485519
POS-05281,2023-06-15,Butwal-Chowk,Traffic Chowk E,4K-TV,1,1165.2020286727413
POS-05282,2023-07-08,Butwal-Chowk,Traffic Chowk E,Smart-Hub,6,4941.577664147992
POS-05283,2023-12-21,Kathmandu-DurbarMarg,King's Way 101,4K-TV,8,4966.003371628263
POS-05284,2023-03-28,Pokhara-Lakeside,Baidam Street 6,VR-Headset,5,1926.4608325661625
POS-05285,2023-07-05,Pokhara-Lakeside,Baidam Street 6,Gaming-Console,3,4650.217896606159
POS-05286,2023-12-20,Kathmandu-DurbarMarg,King's Way 101,4K-TV,8,2535.156917619926
POS-05287,2023-01-25,Butwal-Chowk,Traffic Chowk E,Gaming-Console,6,4807.993809416199
POS-05288,2023-03-26,Pokhara-Lakeside,Baidam Street 6,Solar-Battery,6,-43.55789464544003
POS-05289,2023-01-12,Biratnagar-Main,Hospital Rd,Smart-Hub,1,451.8358518074981
POS-05290,2023-10-24,Pokhara-Lakeside,Baidam Street 6,4K-TV,2,4816.709835674166
POS-05291,2023-04-24,Butwal-Chowk,Traffic Chowk E,Drone-HD,2,625.9409377098805
POS-05292,2023-07-20,Butwal-Chowk,Traffic Chowk E,4K-TV,9,3376.4132737178916
POS-05293,2023-11-08,Pokhara-Lakeside,Baidam Street 6,Gaming-Console,9,1474.4894850308094
POS-05294,2023-08-20,Kathmandu-DurbarMarg,King's Way 101,VR-Headset,5,1820.1252726958057
POS-05295,2023-03-19,Biratnagar-Main,Hospital Rd,Drone-HD,4,2660.8070084817746
POS-05296,2023-02-28,Lalitpur-Patan,Pulchowk Rd,Drone-HD,2,3674.92971901763
POS-05297,2023-10-16,Butwal-Chowk,Traffic Chowk E,Gaming-Console,5,2567.776989056987
POS-05298,2023-12-12,Biratnagar-Main,Hospital Rd,Solar-Battery,1,1694.1243543628584
POS-05299,2023-09-08,Biratnagar-Main,Hospital Rd,VR-Headset,9,4469.561981329689
POS-05300,2023-08-28,Lalitpur-Patan,Pulchowk Rd,Drone-HD,1,19.424362901193362
POS-05301,2023-08-31,Butwal-Chowk,Traffic Chowk E,Solar-Battery,4,3442.1539234712386
POS-05302,2023-06-13,Butwal-Chowk,Traffic Chowk E,Solar-Battery,5,1962.3609406964529
POS-05303,2023-07-29,Biratnagar-Main,Hospital Rd,4K-TV,9,-48.443199626787305
POS-05304,2023-07-21,Biratnagar-Main,Hospital Rd,Drone-HD,3,2338.675357814088
POS-05305,2023-08-28,Biratnagar-Main,Hospital Rd,VR-Headset,5,4141.4611444174125
POS-05306,2023-08-08,Pokhara-Lakeside,Baidam Street 6,Solar-Battery,4,2707.468278976399
POS-05307,2023-09-30,Butwal-Chowk,Traffic Chowk E,Gaming-Console,7,279.9185728033482
POS-05308,2023-09-07,Kathmandu-DurbarMarg,King's Way 101,VR-Headset,7,1415.4274533027967
POS-05309,2023-10-10,Lalitpur-Patan,Pulchowk Rd,Gaming-Console,3,4275.204479301574
POS-05310,2023-11-16,Butwal-Chowk,Traffic Chowk E,4K-TV,8,1446.0749274561308
POS-05311,2023-06-07,Biratnagar-Main,Hospital Rd,Solar-Battery,8,3006.891290411431
POS-05312,2023-04-09,Lalitpur-Patan,Pulchowk Rd,Solar-Battery,9,629.6287146866546
POS-05313,2023-03-28,Kathmandu-DurbarMarg,King's Way 101,4K-TV,4,199.56399298799056
POS-05314,2023-05-10,Kathmandu-DurbarMarg,King's Way 101,Drone-HD,9,-50.76919892663215
POS-05315,2023-07-16,Biratnagar-Main,Hospital Rd,Drone-HD,2,896.532578019758
POS-05316,2023-06-15,Lalitpur-Patan,Pulchowk Rd,Gaming-Console,4,2855.144694648066
POS-05317,2023-07-15,Lalitpur-Patan,Pulchowk Rd,VR-Headset,6,-67.76039650097525
POS-05318,2023-09-05,Biratnagar-Main,Hospital Rd,Drone-HD,8,163.57416776202592
POS-05319,2023-09-28,Kathmandu-DurbarMarg,King's Way 101,Solar-Battery,1,463.08356001019183
POS-05320,2023-06-04,Pokhara-Lakeside,Baidam Street 6,VR-Headset,8,4081.241252418139
POS-05321,2023-02-22,Kathmandu-DurbarMarg,King's Way 101,Smart-Hub,6,898.0375601556776
POS-05322,2023-06-21,Kathmandu-DurbarMarg,King's Way 101,VR-Headset,8,1110.3057661106338
POS-05323,2023-07-06,Lalitpur-Patan,Pulchowk Rd,Gaming-Console,4,4523.786840538727
POS-05324,2023-02-14,Kathmandu-DurbarMarg,King's Way 101,4K-TV,8,3127.377945161198
POS-05325,2023-10-14,Kathmandu-DurbarMarg,King's Way 101,VR-Headset,9,4848.1193996832235
POS-05326,2023-10-12,Butwal-Chowk,Traffic Chowk E,Gaming-Console,2,3272.3099380859585
POS-05327,2023-03-07,Lalitpur-Patan,Pulchowk Rd,VR-Headset,6,1266.2214322995321
POS-05328,2023-11-12,Lalitpur-Patan,Pulchowk Rd,4K-TV,7,1270.8437458900169
POS-05329,2023-05-04,Biratnagar-Main,Hospital Rd,4K-TV,6,4306.3641558914605
POS-05330,2023-01-30,Lalitpur-Patan,Pulchowk Rd,4K-TV,9,352.5748087423349
POS-05331,2023-11-08,Butwal-Chowk,Traffic Chowk E,Solar-Battery,5,1094.7509093791564
POS-05332,2023-11-12,Lalitpur-Patan,Pulchowk Rd,Drone-HD,2,4278.334439166764
POS-05333,2023-08-15,Kathmandu-DurbarMarg,King's Way 101,Drone-HD,3,4996.184572828809
POS-05334,2023-07-18,Pokhara-Lakeside,Baidam Street 6,4K-TV,6,3299.1505130421406
POS-05335,2023-04-18,Biratnagar-Main,Hospital Rd,Solar-Battery,3,3317.8095819939585
POS-05336,2023-01-24,Lalitpur-Patan,Pulchowk Rd,Solar-Battery,5,3396.081013197036
POS-05337,2023-09-07,Butwal-Chowk,Traffic Chowk E,Smart-Hub,7,2470.7108003645653
POS-05338,2023-06-04,Pokhara-Lakeside,Baidam Street 6,Smart-Hub,5,1983.8604562251476
POS-05339,2023-10-31,Pokhara-Lakeside,Baidam Street 6,Drone-HD,4,4740.741753772833
POS-05340,2023-03-01,Kathmandu-DurbarMarg,King's Way 101,VR-Headset,9,2122.796647208199
POS-05341,2023-08-01,Lalitpur-Patan,Pulchowk Rd,Smart-Hub,3,1040.9554517100435
POS-05342,2023-10-25,Lalitpur-Patan,Pulchowk Rd,Solar-Battery,3,4847.197583391276
POS-05343,2023-04-14,Butwal-Chowk,Traffic Chowk E,Gaming-Console,3,-11.579164796306912
POS-05344,2023-10-24,Kathmandu-DurbarMarg,King's Way 101,Solar-Battery,9,4849.746999871677
POS-05345,2023-05-03,Lalitpur-Patan,Pulchowk Rd,Drone-HD,9,3764.743870001732
POS-05346,2023-05-31,Lalitpur-Patan,Pulchowk Rd,Gaming-Console,3,696.5239957418905
POS-05347,2023-07-22,Butwal-Chowk,Traffic Chowk E,Smart-Hub,4,1305.689658901547
POS-05348,2023-05-31,Biratnagar-Main,Hospital Rd,VR-Headset,8,4469.692431152878
POS-05349,2023-08-02,Pokhara-Lakeside,Baidam Street 6,4K-TV,7,3149.0019271718247
POS-05350,2023-01-12,Lalitpur-Patan,Pulchowk Rd,Gaming-Console,5,2628.7735970932013
POS-05351,2023-07-16,Pokhara-Lakeside,Baidam Street 6,Solar-Battery,5,4693.237971230387
POS-05352,2023-10-26,Pokhara-Lakeside,Baidam Street 6,Gaming-Console,4,1161.0038046509526
POS-05353,2023-06-22,Kathmandu-DurbarMarg,King's Way 101,VR-Headset,9,4564.87011476877
POS-05354,2023-06-01,Pokhara-Lakeside,Baidam Street 6,VR-Headset,1,548.7896133333762
POS-05355,2023-05-29,Lalitpur-Patan,Pulchowk Rd,Drone-HD,5,495.15917243930676
POS-05356,2023-07-24,Lalitpur-Patan,Pulchowk Rd,Gaming-Console,8,3548.3645318938443
POS-05357,2023-02-15,Pokhara-Lakeside,Baidam Street 6,VR-Headset,6,3762.030058612699
POS-05358,2023-04-28,Butwal-Chowk,Traffic Chowk E,Solar-Battery,6,1442.3416408248781
POS-05359,2023-07-20,Lalitpur-Patan,Pulchowk Rd,VR-Headset,4,3161.4495969091777
POS-05360,2023-06-23,Kathmandu-DurbarMarg,King's Way 101,Solar-Battery,2,2635.750595012136
POS-05361,2023-05-31,Lalitpur-Patan,Pulchowk Rd,Smart-Hub,9,459.1207790005143
POS-05362,2023-08-29,Kathmandu-DurbarMarg,King's Way 101,Gaming-Console,6,1480.5652921726382
POS-05363,2023-09-04,Lalitpur-Patan,Pulchowk Rd,Smart-Hub,5,3045.0715409513687
POS-05364,2023-03-14,Butwal-Chowk,Traffic Chowk E,Smart-Hub,2,180.23162108719998
POS-05365,2023-10-24,Butwal-Chowk,Traffic Chowk E,VR-Headset,3,3995.2390871580874
POS-05366,2023-08-11,Pokhara-Lakeside,Baidam Street 6,Drone-HD,6,4583.702267256401
POS-05367,2023-05-18,Butwal-Chowk,Traffic Chowk E,Drone-HD,2,2913.6367755496963
POS-05368,2023-05-02,Kathmandu-DurbarMarg,King's Way 101,4K-TV,7,3037.278121871951
POS-05369,2023-07-27,Lalitpur-Patan,Pulchowk Rd,4K-TV,9,3848.1405670034555
POS-05370,2023-05-11,Biratnagar-Main,Hospital Rd,Drone-HD,8,4796.425689118492
POS-05371,2023-10-04,Biratnagar-Main,Hospital Rd,4K-TV,5,2156.488008634799
POS-05372,2023-02-27,Biratnagar-Main,Hospital Rd,Drone-HD,6,3387.268072130986
POS-05373,2023-05-06,Lalitpur-Patan,Pulchowk Rd,4K-TV,9,4673.420560404594
POS-05374,2023-11-05,Lalitpur-Patan,Pulchowk Rd,VR-Headset,5,2471.233114667414
POS-05375,2023-08-13,Lalitpur-Patan,Pulchowk Rd,Drone-HD,3,1444.8967547033803
POS-05376,2023-01-04,Pokhara-Lakeside,Baidam Street 6,Smart-Hub,4,4717.370604204775
POS-05377,2023-04-13,Pokhara-Lakeside,Baidam Street 6,Solar-Battery,1,733.4621124500428
POS-05378,2023-05-05,Pokhara-Lakeside,Baidam Street 6,Smart-Hub,7,3806.9729312378386
POS-05379,2023-10-19,Butwal-Chowk,Traffic Chowk E,Gaming-Console,3,912.6150978586253
POS-05380,2023-06-19,Kathmandu-DurbarMarg,King's Way 101,VR-Headset,5,461.80843198216394
POS-05381,2023-02-25,Biratnagar-Main,Hospital Rd,Smart-Hub,5,513.9539112006204
POS-05382,2023-12-26,Butwal-Chowk,Traffic Chowk E,4K-TV,2,3098.202551543029
POS-05383,2023-06-13,Biratnagar-Main,Hospital Rd,4K-TV,5,1486.9883752779351
POS-05384,2023-04-26,Lalitpur-Patan,Pulchowk Rd,Smart-Hub,6,4625.632915977374
POS-05385,2023-06-25,Biratnagar-Main,Hospital Rd,4K-TV,6,4282.833506951185
POS-05386,2023-12-23,Pokhara-Lakeside,Baidam Street 6,Gaming-Console,5,1063.2423160081685
POS-05387,2023-06-27,Kathmandu-DurbarMarg,King's Way 101,Drone-HD,5,2095.2854607180075
POS-05388,2023-02-22,Pokhara-Lakeside,Baidam Street 6,Drone-HD,7,32.049694475463156
POS-05389,2023-06-21,Butwal-Chowk,Traffic Chowk E,VR-Headset,6,3239.799529444606
POS-05390,2023-04-15,Biratnagar-Main,Hospital Rd,4K-TV,9,416.43706027244616
POS-05391,2023-09-21,Lalitpur-Patan,Pulchowk Rd,4K-TV,4,2311.372924560815
POS-05392,2023-07-11,Kathmandu-DurbarMarg,King's Way 101,Gaming-Console,5,4060.365844706659
POS-05393,2023-07-29,Pokhara-Lakeside,Baidam Street 6,Smart-Hub,4,4218.474779965727
POS-05394,2023-03-03,Biratnagar-Main,Hospital Rd,Solar-Battery,3,4577.239987261194
POS-05395,2023-09-24,Lalitpur-Patan,Pulchowk Rd,4K-TV,9,1107.3368447253815
POS-05396,2023-10-29,Kathmandu-DurbarMarg,King's Way 101,Solar-Battery,8,320.74366150235875
POS-05397,2023-05-04,Biratnagar-Main,Hospital Rd,VR-Headset,4,3084.6402263451523
POS-05398,2023-05-23,Butwal-Chowk,Traffic Chowk E,Smart-Hub,3,4024.8352187610035
POS-05399,2023-11-16,Pokhara-Lakeside,Baidam Street 6,Smart-Hub,5,4677.721901869422
POS-05400,2023-08-23,Lalitpur-Patan,Pulchowk Rd,4K-TV,6,4230.489542453252
POS-05401,2023-08-25,Pokhara-Lakeside,Baidam Street 6,Gaming-Console,4,1945.7843211565764
POS-05402,2023-05-04,Pokhara-Lakeside,Baidam Street 6,VR-Headset,9,4935.406441154738
POS-05403,2023-11-28,Biratnagar-Main,Hospital Rd,Smart-Hub,4,4574.7178379649895
POS-05404,2023-04-14,Biratnagar-Main,Hospital Rd,Solar-Battery,3,483.4834688995586
POS-05405,2023-03-01,Biratnagar-Main,Hospital Rd,4K-TV,5,1911.674948594959
POS-05406,2023-10-27,Pokhara-Lakeside,Baidam Street 6,VR-Headset,2,909.2456980386644
POS-05407,2023-04-12,Lalitpur-Patan,Pulchowk Rd,Solar-Battery,8,318.0121045931108
POS-05408,2023-04-10,Lalitpur-Patan,Pulchowk Rd,Drone-HD,4,3139.7852971584925
POS-05409,2023-04-11,Butwal-Chowk,Traffic Chowk E,Drone-HD,1,4961.4613665078405
POS-05410,2023-01-26,Kathmandu-DurbarMarg,King's Way 101,VR-Headset,2,3224.841087828585
POS-05411,2023-02-20,Biratnagar-Main,Hospital Rd,Solar-Battery,9,882.5993631191353
POS-05412,2023-04-12,Pokhara-Lakeside,Baidam Street 6,Solar-Battery,3,1261.393978095692
POS-05413,2023-12-21,Pokhara-Lakeside,Baidam Street 6,Solar-Battery,8,3943.471377577632
POS-05414,2023-06-29,Biratnagar-Main,Hospital Rd,Drone-HD,7,1045.958730134898
POS-05415,2023-08-31,Pokhara-Lakeside,Baidam Street 6,Smart-Hub,5,2088.7020775774245
POS-05416,2023-09-30,Biratnagar-Main,Hospital Rd,Gaming-Console,2,3050.3915661222
POS-05417,2023-06-27,Pokhara-Lakeside,Baidam Street 6,Smart-Hub,2,-86.6168894209134
POS-05418,2023-04-16,Lalitpur-Patan,Pulchowk Rd,Smart-Hub,8,4085.084843842381
POS-05419,2023-06-15,Butwal-Chowk,Traffic Chowk E,Smart-Hub,1,4054.953013055977
POS-05420,2023-01-16,Pokhara-Lakeside,Baidam Street 6,Gaming-Console,1,4311.370235819671
POS-05421,2023-03-19,Lalitpur-Patan,Pulchowk Rd,Gaming-Console,9,1238.9857137064705
POS-05422,2023-01-31,Kathmandu-DurbarMarg,King's Way 101,Drone-HD,4,1076.448177704932
POS-05423,2023-06-21,Lalitpur-Patan,Pulchowk Rd,VR-Headset,4,2283.99357853005
POS-05424,2023-02-22,Kathmandu-DurbarMarg,King's Way 101,Smart-Hub,7,517.7857874146003
POS-05425,2023-11-08,Butwal-Chowk,Traffic Chowk E,VR-Headset,4,2159.054766990368
POS-05426,2023-01-29,Lalitpur-Patan,Pulchowk Rd,4K-TV,5,3639.677087338716
POS-05427,2023-04-07,Pokhara-Lakeside,Baidam Street 6,Gaming-Console,1,4450.961605049898
POS-05428,2023-09-22,Biratnagar-Main,Hospital Rd,Gaming-Console,5,4096.8771983306
POS-05429,2023-11-05,Pokhara-Lakeside,Baidam Street 6,4K-TV,8,2039.5600100532442
POS-05430,2023-08-27,Pokhara-Lakeside,Baidam Street 6,VR-Headset,1,2.2084645130549774
POS-05431,2023-01-17,Biratnagar-Main,Hospital Rd,Gaming-Console,3,640.801220924377
POS-05432,2023-11-30,Lalitpur-Patan,Pulchowk Rd,Solar-Battery,2,4213.077626194706
POS-05433,2023-09-22,Biratnagar-Main,Hospital Rd,Drone-HD,2,2102.001364986647
POS-05434,2023-02-24,Pokhara-Lakeside,Baidam Street 6,4K-TV,9,2616.691157853625
POS-05435,2023-05-09,Biratnagar-Main,Hospital Rd,Smart-Hub,7,29.47088209753545
POS-05436,2023-10-14,Pokhara-Lakeside,Baidam Street 6,Solar-Battery,7,1069.2883033019646
POS-05437,2023-07-17,Butwal-Chowk,Traffic Chowk E,VR-Headset,1,1188.6949868781505
POS-05438,2023-09-15,Pokhara-Lakeside,Baidam Street 6,4K-TV,4,2207.9350674730085
POS-05439,2023-05-18,Kathmandu-DurbarMarg,King's Way 101,4K-TV,6,4754.813801084678
POS-05440,2023-12-05,Biratnagar-Main,Hospital Rd,Solar-Battery,4,4688.639001444874
POS-05441,2023-02-23,Butwal-Chowk,Traffic Chowk E,Smart-Hub,6,2872.961193302147
POS-05442,2023-12-26,Pokhara-Lakeside,Baidam Street 6,Drone-HD,1,2201.44873089904
POS-05443,2023-06-22,Biratnagar-Main,Hospital Rd,VR-Headset,5,1668.5928320677417
POS-05444,2023-03-12,Kathmandu-DurbarMarg,King's Way 101,Gaming-Console,8,4160.233749710597
POS-05445,2023-01-28,Butwal-Chowk,Traffic Chowk E,Solar-Battery,2,3097.595153583869
POS-05446,2023-03-31,Butwal-Chowk,Traffic Chowk E,VR-Headset,2,1003.4649581887893
POS-05447,2023-09-12,Pokhara-Lakeside,Baidam Street 6,Smart-Hub,2,969.0920015737727
POS-05448,2023-05-14,Butwal-Chowk,Traffic Chowk E,4K-TV,1,4475.00855882476
POS-05449,2023-04-25,Pokhara-Lakeside,Baidam Street 6,Gaming-Console,4,1644.7731554410882
POS-05450,2023-10-03,Butwal-Chowk,Traffic Chowk E,4K-TV,8,595.4415743780644
POS-05451,2023-12-14,Butwal-Chowk,Traffic Chowk E,Drone-HD,1,2304.186300473823
POS-05452,2023-01-19,Butwal-Chowk,Traffic Chowk E,Solar-Battery,4,2251.675982340878
POS-05453,2023-05-16,Kathmandu-DurbarMarg,King's Way 101,Smart-Hub,2,700.4662460986693
POS-05454,2023-03-30,Lalitpur-Patan,Pulchowk Rd,VR-Headset,7,2793.4819648331213
POS-05455,2023-09-01,Kathmandu-DurbarMarg,King's Way 101,4K-TV,3,3280.5299224717137
POS-05456,2023-09-09,Lalitpur-Patan,Pulchowk Rd,Solar-Battery,8,1928.0937720264355
POS-05457,2023-11-20,Butwal-Chowk,Traffic Chowk E,Drone-HD,2,2226.3213526072154
POS-05458,2023-04-13,Lalitpur-Patan,Pulchowk Rd,VR-Headset,3,3618.654991496118
POS-05459,2023-01-07,Biratnagar-Main,Hospital Rd,Drone-HD,7,4055.2323307285587
POS-05460,2023-08-25,Pokhara-Lakeside,Baidam Street 6,Drone-HD,5,4152.601419428994
POS-05461,2023-06-10,Biratnagar-Main,Hospital Rd,Solar-Battery,5,1023.9233451136099
POS-05462,2023-02-19,Butwal-Chowk,Traffic Chowk E,Drone-HD,5,979.662026265029
POS-05463,2023-11-27,Pokhara-Lakeside,Baidam Street 6,Solar-Battery,7,3057.725654827604
POS-05464,2023-12-13,Butwal-Chowk,Traffic Chowk E,Drone-HD,9,916.38078784588
POS-05465,2023-08-08,Lalitpur-Patan,Pulchowk Rd,Smart-Hub,5,4642.430646239433
POS-05466,2023-02-08,Biratnagar-Main,Hospital Rd,Gaming-Console,3,1442.604258651753
POS-05467,2023-09-10,Lalitpur-Patan,Pulchowk Rd,4K-TV,4,118.98206180225546
POS-05468,2023-12-20,Lalitpur-Patan,Pulchowk Rd,Gaming-Console,8,411.18535596461214
POS-05469,2023-05-18,Pokhara-Lakeside,Baidam Street 6,Drone-HD,2,4025.812755343277
POS-05470,2023-10-01,Lalitpur-Patan,Pulchowk Rd,4K-TV,2,1557.5313136772386
POS-05471,2023-07-05,Butwal-Chowk,Traffic Chowk E,Gaming-Console,2,3101.300769710076
POS-05472,2023-04-04,Pokhara-Lakeside,Baidam Street 6,Gaming-Console,9,4676.028866033463
POS-05473,2023-10-19,Butwal-Chowk,Traffic Chowk E,Smart-Hub,6,1227.3067962223852
POS-05474,2023-08-31,Biratnagar-Main,Hospital Rd,Gaming-Console,3,4423.819848547407
POS-05475,2023-03-09,Lalitpur-Patan,Pulchowk Rd,4K-TV,1,4790.322724335641
POS-05476,2023-06-16,Lalitpur-Patan,Pulchowk Rd,4K-TV,8,352.1353837945964
POS-05477,2023-08-02,Butwal-Chowk,Traffic Chowk E,4K-TV,5,301.9084658809985
POS-05478,2023-11-21,Lalitpur-Patan,Pulchowk Rd,Gaming-Console,1,3647.226782935969
POS-05479,2023-09-20,Biratnagar-Main,Hospital Rd,Solar-Battery,1,2922.313980397717
POS-05480,2023-11-26,Kathmandu-DurbarMarg,King's Way 101,Smart-Hub,2,2305.2559926100175
POS-05481,2023-09-28,Butwal-Chowk,Traffic Chowk E,VR-Headset,4,-52.49920436158355
POS-05482,2023-04-09,Lalitpur-Patan,Pulchowk Rd,Drone-HD,8,2491.159214684802
POS-05483,2023-11-18,Pokhara-Lakeside,Baidam Street 6,Smart-Hub,6,2980.1545890345888
POS-05484,2023-10-15,Kathmandu-DurbarMarg,King's Way 101,Drone-HD,3,4341.868940670518
POS-05485,2023-06-11,Pokhara-Lakeside,Baidam Street 6,VR-Headset,7,4031.904041396182
POS-05486,2023-08-25,Biratnagar-Main,Hospital Rd,Solar-Battery,5,1659.3571317198218
POS-05487,2023-04-17,Butwal-Chowk,Traffic Chowk E,Smart-Hub,3,2747.7181568537917
POS-05488,2023-07-23,Lalitpur-Patan,Pulchowk Rd,Smart-Hub,4,838.5757230202436
POS-05489,2023-09-14,Lalitpur-Patan,Pulchowk Rd,Drone-HD,1,1686.4190588512445
POS-05490,2023-06-21,Biratnagar-Main,Hospital Rd,Drone-HD,3,659.5043552557075
POS-05491,2023-10-16,Kathmandu-DurbarMarg,King's Way 101,VR-Headset,3,3544.9542139190467
POS-05492,2023-04-10,Lalitpur-Patan,Pulchowk Rd,4K-TV,6,3803.65701761498
POS-05493,2023-08-23,Kathmandu-DurbarMarg,King's Way 101,VR-Headset,2,142.4726626543805
POS-05494,2023-02-27,Biratnagar-Main,Hospital Rd,Smart-Hub,5,4090.657580744887
POS-05495,2023-01-04,Lalitpur-Patan,Pulchowk Rd,VR-Headset,4,1055.2242136515772
POS-05496,2023-02-08,Pokhara-Lakeside,Baidam Street 6,4K-TV,7,4474.11964345143
POS-05497,2023-11-10,Kathmandu-DurbarMarg,King's Way 101,VR-Headset,2,1728.5134737524736
POS-05498,2023-10-30,Pokhara-Lakeside,Baidam Street 6,Solar-Battery,3,2076.9701205286347
POS-05499,2023-12-11,Kathmandu-DurbarMarg,King's Way 101,Gaming-Console,8,2209.2942609623583
POS-05500,2023-07-27,Pokhara-Lakeside,Baidam Street 6,4K-TV,6,1251.307905090438
POS-05501,2023-07-01,Lalitpur-Patan,Pulchowk Rd,4K-TV,6,633.3237785138342
POS-05502,2023-02-19,Butwal-Chowk,Traffic Chowk E,Drone-HD,7,3917.3330622630906
POS-05503,2023-01-01,Kathmandu-DurbarMarg,King's Way 101,Drone-HD,2,3439.452026990317
POS-05504,2023-10-03,Biratnagar-Main,Hospital Rd,Smart-Hub,3,3084.9465776492416
POS-05505,2023-04-12,Kathmandu-DurbarMarg,King's Way 101,Solar-Battery,8,2864.3400764047724
POS-05506,2023-02-19,Pokhara-Lakeside,Baidam Street 6,Gaming-Console,9,1929.0865273907752
POS-05507,2023-09-04,Butwal-Chowk,Traffic Chowk E,Smart-Hub,2,2938.1313902498946
POS-05508,2023-11-07,Pokhara-Lakeside,Baidam Street 6,Gaming-Console,7,1162.5738178253578
POS-05509,2023-11-17,Lalitpur-Patan,Pulchowk Rd,Smart-Hub,2,488.740415280398
POS-05510,2023-09-10,Kathmandu-DurbarMarg,King's Way 101,VR-Headset,8,1246.7830663446668
POS-05511,2023-07-31,Butwal-Chowk,Traffic Chowk E,Smart-Hub,7,4552.660673204162
POS-05512,2023-06-10,Pokhara-Lakeside,Baidam Street 6,4K-TV,9,1925.071164318236
POS-05513,2023-06-05,Kathmandu-DurbarMarg,King's Way 101,4K-TV,6,380.37648584191254
POS-05514,2023-05-06,Kathmandu-DurbarMarg,King's Way 101,4K-TV,3,855.1697164024315
POS-05515,2023-07-16,Biratnagar-Main,Hospital Rd,Solar-Battery,7,3008.2466821388125
POS-05516,2023-10-01,Kathmandu-DurbarMarg,King's Way 101,Solar-Battery,8,4455.2778677197575
POS-05517,2023-06-25,Biratnagar-Main,Hospital Rd,Solar-Battery,7,2941.466667049144
POS-05518,2023-10-31,Pokhara-Lakeside,Baidam Street 6,Smart-Hub,9,232.76252094030372
POS-05519,2023-03-25,Biratnagar-Main,Hospital Rd,Smart-Hub,7,2989.580218456726
POS-05520,2023-01-11,Pokhara-Lakeside,Baidam Street 6,Smart-Hub,3,578.4240585203011
POS-05521,2023-09-29,Butwal-Chowk,Traffic Chowk E,Drone-HD,6,1077.389354957295
POS-05522,2023-10-13,Kathmandu-DurbarMarg,King's Way 101,Gaming-Console,1,-90.64506380403479
POS-05523,2023-12-15,Butwal-Chowk,Traffic Chowk E,Gaming-Console,1,218.63453631844953
POS-05524,2023-02-04,Pokhara-Lakeside,Baidam Street 6,VR-Headset,3,2555.7493357449544
POS-05525,2023-06-12,Butwal-Chowk,Traffic Chowk E,Drone-HD,8,2632.5541248680834
POS-05526,2023-07-30,Biratnagar-Main,Hospital Rd,Smart-Hub,1,1009.8376761852358
POS-05527,2023-07-21,Lalitpur-Patan,Pulchowk Rd,Smart-Hub,1,3371.2930484984868
POS-05528,2023-01-07,Pokhara-Lakeside,Baidam Street 6,Gaming-Console,5,4895.3544999748665
POS-05529,2023-03-30,Biratnagar-Main,Hospital Rd,Smart-Hub,3,2207.673105271063
POS-05530,2023-10-23,Butwal-Chowk,Traffic Chowk E,4K-TV,8,3720.012556627382
POS-05531,2023-03-15,Lalitpur-Patan,Pulchowk Rd,Solar-Battery,7,1132.987449432668
POS-05532,2023-12-16,Lalitpur-Patan,Pulchowk Rd,VR-Headset,1,2181.7427332663306
POS-05533,2023-02-23,Kathmandu-DurbarMarg,King's Way 101,Solar-Battery,3,1133.6698221325946
POS-05534,2023-12-21,Lalitpur-Patan,Pulchowk Rd,VR-Headset,7,3879.950743981136
POS-05535,2023-08-22,Lalitpur-Patan,Pulchowk Rd,Gaming-Console,2,3256.415570039987
POS-05536,2023-03-05,Biratnagar-Main,Hospital Rd,VR-Headset,9,4439.913984823368
POS-05537,2023-03-04,Pokhara-Lakeside,Baidam Street 6,VR-Headset,6,1981.7255800564371
POS-05538,2023-10-01,Biratnagar-Main,Hospital Rd,Solar-Battery,6,3866.2021583408246
POS-05539,2023-06-22,Butwal-Chowk,Traffic Chowk E,4K-TV,5,1778.8756591671893
POS-05540,2023-12-21,Butwal-Chowk,Traffic Chowk E,VR-Headset,3,3449.1198423839355
POS-05541,2023-11-22,Biratnagar-Main,Hospital Rd,Gaming-Console,6,3620.322710059052
POS-05542,2023-01-15,Pokhara-Lakeside,Baidam Street 6,VR-Headset,6,2489.3832399268144
POS-05543,2023-06-21,Biratnagar-Main,Hospital Rd,Drone-HD,4,3689.542238348846
POS-05544,2023-08-18,Biratnagar-Main,Hospital Rd,Smart-Hub,1,2104.11524374452
POS-05545,2023-02-15,Lalitpur-Patan,Pulchowk Rd,4K-TV,6,4098.419585916872
POS-05546,2023-05-24,Biratnagar-Main,Hospital Rd,4K-TV,9,1113.4665154697923
POS-05547,2023-12-21,Kathmandu-DurbarMarg,King's Way 101,VR-Headset,6,2505.539457435796
POS-05548,2023-09-04,Lalitpur-Patan,Pulchowk Rd,Smart-Hub,2,3418.4518352691657
POS-05549,2023-04-13,Pokhara-Lakeside,Baidam Street 6,Gaming-Console,8,100.4088442065914
POS-05550,2023-04-02,Kathmandu-DurbarMarg,King's Way 101,Gaming-Console,9,4309.640397366868
POS-05551,2023-11-04,Butwal-Chowk,Traffic Chowk E,Drone-HD,6,55.490881759355034
POS-05552,2023-12-22,Pokhara-Lakeside,Baidam Street 6,Solar-Battery,1,2931.3821586232807
POS-05553,2023-05-09,Butwal-Chowk,Traffic Chowk E,Smart-Hub,9,3625.244338988324
POS-05554,2023-05-26,Pokhara-Lakeside,Baidam Street 6,4K-TV,6,4605.579962559283
POS-05555,2023-08-20,Pokhara-Lakeside,Baidam Street 6,Gaming-Console,8,422.60157742576826
POS-05556,2023-06-16,Biratnagar-Main,Hospital Rd,Drone-HD,4,2158.805704428518
POS-05557,2023-07-17,Lalitpur-Patan,Pulchowk Rd,VR-Headset,7,338.190116301747
POS-05558,2023-11-16,Biratnagar-Main,Hospital Rd,Smart-Hub,4,3014.1369518489423
POS-05559,2023-07-17,Lalitpur-Patan,Pulchowk Rd,Smart-Hub,6,2017.086301903043
POS-05560,2023-01-01,Biratnagar-Main,Hospital Rd,Smart-Hub,8,3200.992343271439
POS-05561,2023-06-19,Lalitpur-Patan,Pulchowk Rd,4K-TV,4,1798.007106808848
POS-05562,2023-02-23,Kathmandu-DurbarMarg,King's Way 101,4K-TV,7,4690.5413974528965
POS-05563,2023-09-26,Kathmandu-DurbarMarg,King's Way 101,4K-TV,7,1595.774048957399
POS-05564,2023-12-13,Lalitpur-Patan,Pulchowk Rd,4K-TV,2,3051.0126101934084
POS-05565,2023-11-11,Pokhara-Lakeside,Baidam Street 6,Drone-HD,8,4417.477436192419
POS-05566,2023-01-20,Lalitpur-Patan,Pulchowk Rd,Smart-Hub,1,44.28520111838006
POS-05567,2023-11-27,Lalitpur-Patan,Pulchowk Rd,Solar-Battery,9,192.34828626566588
POS-05568,2023-08-30,Butwal-Chowk,Traffic Chowk E,Gaming-Console,2,87.94087109107122
POS-05569,2023-10-25,Butwal-Chowk,Traffic Chowk E,VR-Headset,3,21.276045422003364
POS-05570,2023-07-17,Pokhara-Lakeside,Baidam Street 6,Solar-Battery,3,4633.423911540887
POS-05571,2023-07-24,Lalitpur-Patan,Pulchowk Rd,Drone-HD,8,99.9047767617626
POS-05572,2023-07-23,Kathmandu-DurbarMarg,King's Way 101,4K-TV,5,2208.1985094484457
POS-05573,2023-12-23,Lalitpur-Patan,Pulchowk Rd,Drone-HD,2,4835.93987237358
POS-05574,2023-10-11,Pokhara-Lakeside,Baidam Street 6,VR-Headset,7,995.8460932403805
POS-05575,2023-01-19,Biratnagar-Main,Hospital Rd,Smart-Hub,8,4848.842041877602
POS-05576,2023-10-02,Butwal-Chowk,Traffic Chowk E,Smart-Hub,1,2912.5861462652633
POS-05577,2023-09-23,Biratnagar-Main,Hospital Rd,VR-Headset,7,4487.307671602764
POS-05578,2023-09-02,Biratnagar-Main,Hospital Rd,Smart-Hub,5,4227.753578502553
POS-05579,2023-07-02,Pokhara-Lakeside,Baidam Street 6,Smart-Hub,8,358.3948898753357
POS-05580,2023-02-19,Lalitpur-Patan,Pulchowk Rd,VR-Headset,5,2581.1425217409064
POS-05581,2023-05-06,Lalitpur-Patan,Pulchowk Rd,Solar-Battery,8,4922.927450011284
POS-05582,2023-07-07,Kathmandu-DurbarMarg,King's Way 101,Drone-HD,1,87.11945104030823
POS-05583,2023-10-18,Lalitpur-Patan,Pulchowk Rd,Smart-Hub,9,4997.935960392943
POS-05584,2023-10-31,Lalitpur-Patan,Pulchowk Rd,Solar-Battery,3,994.7704085288915
POS-05585,2023-08-08,Kathmandu-DurbarMarg,King's Way 101,Smart-Hub,3,59.565521118538214
POS-05586,2023-03-30,Biratnagar-Main,Hospital Rd,4K-TV,5,1923.4161126066056
POS-05587,2023-11-14,Lalitpur-Patan,Pulchowk Rd,4K-TV,9,790.5824700067928
POS-05588,2023-04-11,Butwal-Chowk,Traffic Chowk E,Drone-HD,7,4199.422293466063
POS-05589,2023-12-07,Butwal-Chowk,Traffic Chowk E,Gaming-Console,3,2617.5580194305617
POS-05590,2023-09-19,Lalitpur-Patan,Pulchowk Rd,Solar-Battery,5,2065.58404080129
POS-05591,2023-02-04,Pokhara-Lakeside,Baidam Street 6,Drone-HD,9,1433.137593684976
POS-05592,2023-02-27,Butwal-Chowk,Traffic Chowk E,4K-TV,6,50.96590883396158
POS-05593,2023-07-30,Biratnagar-Main,Hospital Rd,Smart-Hub,3,1369.879740936964
POS-05594,2023-10-19,Biratnagar-Main,Hospital Rd,Gaming-Console,3,1703.5983809401966
POS-05595,2023-05-03,Kathmandu-DurbarMarg,King's Way 101,Drone-HD,2,1327.8098457204774
POS-05596,2023-08-11,Lalitpur-Patan,Pulchowk Rd,VR-Headset,1,4399.810949111449
POS-05597,2023-10-17,Lalitpur-Patan,Pulchowk Rd,Gaming-Console,8,499.81561175615195
POS-05598,2023-02-14,Kathmandu-DurbarMarg,King's Way 101,Smart-Hub,9,313.2915705319417
POS-05599,2023-02-25,Pokhara-Lakeside,Baidam Street 6,4K-TV,6,4105.331593441716
POS-05600,2023-11-26,Butwal-Chowk,Traffic Chowk E,4K-TV,8,1958.5727280664928
POS-05601,2023-06-06,Kathmandu-DurbarMarg,King's Way 101,Solar-Battery,2,3531.221331938653
POS-05602,2023-05-09,Biratnagar-Main,Hospital Rd,Smart-Hub,2,75.73021414213781
POS-05603,2023-02-18,Butwal-Chowk,Traffic Chowk E,Gaming-Console,1,3565.630186647632
POS-05604,2023-09-12,Butwal-Chowk,Traffic Chowk E,Drone-HD,6,169.16388570569148
POS-05605,2023-03-09,Butwal-Chowk,Traffic Chowk E,Drone-HD,4,3603.7266387342024
POS-05606,2023-08-04,Pokhara-Lakeside,Baidam Street 6,4K-TV,8,3932.288946500801
POS-05607,2023-02-20,Kathmandu-DurbarMarg,King's Way 101,Smart-Hub,8,587.2076468501057
POS-05608,2023-03-17,Pokhara-Lakeside,Baidam Street 6,Smart-Hub,1,2984.855759712743
POS-05609,2023-11-22,Pokhara-Lakeside,Baidam Street 6,Drone-HD,7,279.2563628829837
POS-05610,2023-08-22,Kathmandu-DurbarMarg,King's Way 101,Drone-HD,4,25.32911360813155
POS-05611,2023-02-11,Pokhara-Lakeside,Baidam Street 6,Solar-Battery,2,3569.722522106792
POS-05612,2023-03-20,Pokhara-Lakeside,Baidam Street 6,Gaming-Console,3,1205.6414247343512
POS-05613,2023-09-07,Biratnagar-Main,Hospital Rd,Smart-Hub,7,1466.815811175298
POS-05614,2023-03-04,Kathmandu-DurbarMarg,King's Way 101,Gaming-Console,8,3412.099061872366
POS-05615,2023-09-13,Butwal-Chowk,Traffic Chowk E,VR-Headset,7,3658.9647914766197
POS-05616,2023-03-02,Lalitpur-Patan,Pulchowk Rd,Solar-Battery,8,3766.759210846976
POS-05617,2023-10-10,Lalitpur-Patan,Pulchowk Rd,Gaming-Console,4,613.0215368492802
POS-05618,2023-09-19,Lalitpur-Patan,Pulchowk Rd,VR-Headset,7,2935.826644596258
POS-05619,2023-06-28,Pokhara-Lakeside,Baidam Street 6,VR-Headset,6,4101.580032999469
POS-05620,2023-03-31,Butwal-Chowk,Traffic Chowk E,4K-TV,4,1030.270266232524
POS-05621,2023-06-07,Butwal-Chowk,Traffic Chowk E,Gaming-Console,6,4923.607850809438
POS-05622,2023-06-08,Kathmandu-DurbarMarg,King's Way 101,Smart-Hub,7,4077.261484114052
POS-05623,2023-10-16,Biratnagar-Main,Hospital Rd,Smart-Hub,7,2770.6018079511673
POS-05624,2023-12-19,Pokhara-Lakeside,Baidam Street 6,Gaming-Console,3,2789.080078965942
POS-05625,2023-05-08,Biratnagar-Main,Hospital Rd,Solar-Battery,4,2540.9873851307007
POS-05626,2023-02-20,Biratnagar-Main,Hospital Rd,4K-TV,9,1566.841943218374
POS-05627,2023-01-29,Lalitpur-Patan,Pulchowk Rd,Drone-HD,1,1304.6799104254296
POS-05628,2023-11-28,Biratnagar-Main,Hospital Rd,4K-TV,1,1440.3124961779183
POS-05629,2023-05-28,Butwal-Chowk,Traffic Chowk E,4K-TV,2,3817.630605463774
POS-05630,2023-07-04,Butwal-Chowk,Traffic Chowk E,VR-Headset,9,1461.4666570590948
POS-05631,2023-06-25,Biratnagar-Main,Hospital Rd,Solar-Battery,1,2909.103723217125
POS-05632,2023-05-15,Biratnagar-Main,Hospital Rd,4K-TV,3,4819.89182148688
POS-05633,2023-04-17,Biratnagar-Main,Hospital Rd,Solar-Battery,4,177.51342309648413
POS-05634,2023-01-10,Biratnagar-Main,Hospital Rd,Drone-HD,5,1564.7238557524702
POS-05635,2023-05-17,Butwal-Chowk,Traffic Chowk E,VR-Headset,1,3820.469778572341
POS-05636,2023-11-16,Butwal-Chowk,Traffic Chowk E,Smart-Hub,7,3386.465100382637
POS-05637,2023-08-08,Pokhara-Lakeside,Baidam Street 6,4K-TV,5,513.8405394890311
POS-05638,2023-05-09,Butwal-Chowk,Traffic Chowk E,Solar-Battery,6,2851.935640717087
POS-05639,2023-06-30,Lalitpur-Patan,Pulchowk Rd,Drone-HD,2,2629.8100139337957
POS-05640,2023-06-19,Butwal-Chowk,Traffic Chowk E,4K-TV,4,4193.766789325129
POS-05641,2023-04-24,Lalitpur-Patan,Pulchowk Rd,Drone-HD,1,998.0917748678726
POS-05642,2023-05-17,Kathmandu-DurbarMarg,King's Way 101,Smart-Hub,4,2311.122538081264
POS-05643,2023-07-01,Lalitpur-Patan,Pulchowk Rd,4K-TV,6,4854.976847667735
POS-05644,2023-12-25,Pokhara-Lakeside,Baidam Street 6,Drone-HD,4,98.394340183146
POS-05645,2023-04-12,Kathmandu-DurbarMarg,King's Way 101,Solar-Battery,1,3586.3605801742247
POS-05646,2023-12-13,Kathmandu-DurbarMarg,King's Way 101,4K-TV,7,2670.4978872697384
POS-05647,2023-02-25,Lalitpur-Patan,Pulchowk Rd,Gaming-Console,9,3405.1458171492686
POS-05648,2023-02-09,Biratnagar-Main,Hospital Rd,Solar-Battery,5,4703.152041233117
POS-05649,2023-08-09,Kathmandu-DurbarMarg,King's Way 101,VR-Headset,9,1999.9176584111851
POS-05650,2023-10-18,Butwal-Chowk,Traffic Chowk E,VR-Headset,5,4523.253046019218
POS-05651,2023-10-10,Biratnagar-Main,Hospital Rd,Drone-HD,6,3615.1355419195584
POS-05652,2023-08-10,Pokhara-Lakeside,Baidam Street 6,Drone-HD,6,2838.992944185892
POS-05653,2023-04-01,Pokhara-Lakeside,Baidam Street 6,4K-TV,3,2685.6090494329687
POS-05654,2023-05-03,Biratnagar-Main,Hospital Rd,VR-Headset,3,1443.8436543388507
POS-05655,2023-08-26,Butwal-Chowk,Traffic Chowk E,Gaming-Console,4,2616.896026025193
POS-05656,2023-05-28,Lalitpur-Patan,Pulchowk Rd,Smart-Hub,1,1239.269544306968
POS-05657,2023-04-22,Lalitpur-Patan,Pulchowk Rd,VR-Headset,2,2468.3897079302305
POS-05658,2023-01-16,Kathmandu-DurbarMarg,King's Way 101,Solar-Battery,7,3483.146269508588
POS-05659,2023-10-02,Lalitpur-Patan,Pulchowk Rd,4K-TV,5,2995.765567725748
POS-05660,2023-09-09,Kathmandu-DurbarMarg,King's Way 101,Solar-Battery,7,352.47813001631175
POS-05661,2023-12-14,Pokhara-Lakeside,Baidam Street 6,Drone-HD,6,3307.7935111853158
POS-05662,2023-06-04,Kathmandu-DurbarMarg,King's Way 101,Solar-Battery,4,2820.5277026235203
POS-05663,2023-11-22,Lalitpur-Patan,Pulchowk Rd,Smart-Hub,7,4308.166137917878
POS-05664,2023-12-15,Pokhara-Lakeside,Baidam Street 6,Gaming-Console,7,3687.028330556053
POS-05665,2023-04-05,Lalitpur-Patan,Pulchowk Rd,4K-TV,9,205.3739162339972
POS-05666,2023-10-08,Lalitpur-Patan,Pulchowk Rd,4K-TV,8,3074.605926691563
POS-05667,2023-02-28,Lalitpur-Patan,Pulchowk Rd,Drone-HD,8,2983.2162504932476
POS-05668,2023-10-03,Butwal-Chowk,Traffic Chowk E,Drone-HD,1,2619.7797736696275
POS-05669,2023-11-25,Kathmandu-DurbarMarg,King's Way 101,Smart-Hub,8,3819.6905594206614
POS-05670,2023-11-28,Biratnagar-Main,Hospital Rd,Gaming-Console,3,3229.676845508492
POS-05671,2023-06-25,Lalitpur-Patan,Pulchowk Rd,Smart-Hub,9,27.93174588358127
POS-05672,2023-09-02,Butwal-Chowk,Traffic Chowk E,Drone-HD,4,522.0575960507681
POS-05673,2023-02-01,Butwal-Chowk,Traffic Chowk E,Solar-Battery,8,2068.4063982137036
POS-05674,2023-06-25,Kathmandu-DurbarMarg,King's Way 101,Gaming-Console,7,286.6140176199212
POS-05675,2023-01-08,Lalitpur-Patan,Pulchowk Rd,Smart-Hub,1,4383.679822938808
POS-05676,2023-01-24,Lalitpur-Patan,Pulchowk Rd,Drone-HD,9,4670.334325195355
POS-05677,2023-01-27,Kathmandu-DurbarMarg,King's Way 101,Smart-Hub,9,359.24707876350925
POS-05678,2023-01-19,Biratnagar-Main,Hospital Rd,Solar-Battery,7,2042.4347935930905
POS-05679,2023-09-20,Lalitpur-Patan,Pulchowk Rd,Drone-HD,6,1123.3553909250275
POS-05680,2023-11-11,Pokhara-Lakeside,Baidam Street 6,Gaming-Console,3,2024.6008385696396
POS-05681,2023-11-27,Lalitpur-Patan,Pulchowk Rd,Solar-Battery,2,4648.394395365744
POS-05682,2023-04-30,Lalitpur-Patan,Pulchowk Rd,Smart-Hub,8,1749.945453507295
POS-05683,2023-01-09,Kathmandu-DurbarMarg,King's Way 101,Gaming-Console,2,3808.0209783825476
POS-05684,2023-09-14,Pokhara-Lakeside,Baidam Street 6,4K-TV,1,2915.3715924787007
POS-05685,2023-07-05,Biratnagar-Main,Hospital Rd,4K-TV,6,2342.8268719258904
POS-05686,2023-02-06,Butwal-Chowk,Traffic Chowk E,Gaming-Console,1,1493.3074865148844
POS-05687,2023-08-17,Pokhara-Lakeside,Baidam Street 6,Solar-Battery,5,2368.75885001938
POS-05688,2023-06-26,Pokhara-Lakeside,Baidam Street 6,Drone-HD,2,4519.014527034767
POS-05689,2023-05-26,Butwal-Chowk,Traffic Chowk E,Smart-Hub,9,1582.1698158228182
POS-05690,2023-09-07,Kathmandu-DurbarMarg,King's Way 101,Gaming-Console,3,836.3706529908836
POS-05691,2023-04-20,Lalitpur-Patan,Pulchowk Rd,VR-Headset,5,3247.4356417071654
POS-05692,2023-01-11,Pokhara-Lakeside,Baidam Street 6,Gaming-Console,5,2276.9531143478343
POS-05693,2023-06-24,Biratnagar-Main,Hospital Rd,4K-TV,9,2253.0867365284753
POS-05694,2023-09-26,Lalitpur-Patan,Pulchowk Rd,VR-Headset,4,4844.207333714975
POS-05695,2023-07-06,Kathmandu-DurbarMarg,King's Way 101,Solar-Battery,9,3720.57166431148
POS-05696,2023-12-05,Biratnagar-Main,Hospital Rd,VR-Headset,6,2158.112519925155
POS-05697,2023-10-21,Butwal-Chowk,Traffic Chowk E,4K-TV,9,680.3165861137534
POS-05698,2023-11-13,Pokhara-Lakeside,Baidam Street 6,VR-Headset,8,675.1602970186678
POS-05699,2023-06-01,Biratnagar-Main,Hospital Rd,Solar-Battery,1,1338.04109783413
POS-05700,2023-01-02,Kathmandu-DurbarMarg,King's Way 101,VR-Headset,3,4810.44401673574
POS-05701,2023-10-29,Pokhara-Lakeside,Baidam Street 6,Gaming-Console,2,1509.739834134517
POS-05702,2023-02-14,Kathmandu-DurbarMarg,King's Way 101,4K-TV,3,1723.2817566307342
POS-05703,2023-10-22,Lalitpur-Patan,Pulchowk Rd,Gaming-Console,8,-26.803647099432965
POS-05704,2023-04-08,Biratnagar-Main,Hospital Rd,Solar-Battery,2,-26.561807256823855
POS-05705,2023-07-27,Kathmandu-DurbarMarg,King's Way 101,Gaming-Console,1,2542.7853756347918
POS-05706,2023-07-23,Pokhara-Lakeside,Baidam Street 6,Smart-Hub,9,1952.0928304087602
POS-05707,2023-12-12,Biratnagar-Main,Hospital Rd,Drone-HD,8,2976.372271052463
POS-05708,2023-02-25,Biratnagar-Main,Hospital Rd,Smart-Hub,5,2645.718318577213
POS-05709,2023-06-27,Pokhara-Lakeside,Baidam Street 6,Solar-Battery,7,4045.7567482323757
POS-05710,2023-06-14,Kathmandu-DurbarMarg,King's Way 101,Drone-HD,1,4529.442057557031
POS-05711,2023-05-24,Pokhara-Lakeside,Baidam Street 6,4K-TV,9,1016.180952969703
POS-05712,2023-04-21,Biratnagar-Main,Hospital Rd,4K-TV,7,2898.9402182190547
POS-05713,2023-12-10,Pokhara-Lakeside,Baidam Street 6,Solar-Battery,9,4401.616548922578
POS-05714,2023-11-01,Biratnagar-Main,Hospital Rd,Smart-Hub,2,3715.1768828702743
POS-05715,2023-12-04,Butwal-Chowk,Traffic Chowk E,VR-Headset,3,2348.728763525489
POS-05716,2023-10-10,Biratnagar-Main,Hospital Rd,Smart-Hub,8,803.7835445867561
POS-05717,2023-02-18,Biratnagar-Main,Hospital Rd,Solar-Battery,1,3771.0170702045357
POS-05718,2023-02-07,Pokhara-Lakeside,Baidam Street 6,Drone-HD,1,3014.4119088181524
POS-05719,2023-06-09,Butwal-Chowk,Traffic Chowk E,Solar-Battery,7,4373.277791722717
POS-05720,2023-11-05,Butwal-Chowk,Traffic Chowk E,Drone-HD,1,3052.493297608396
POS-05721,2023-12-26,Pokhara-Lakeside,Baidam Street 6,4K-TV,7,-10.02000183105369
POS-05722,2023-06-14,Butwal-Chowk,Traffic Chowk E,VR-Headset,9,1164.8894390965356
POS-05723,2023-08-02,Pokhara-Lakeside,Baidam Street 6,Solar-Battery,8,568.6306581364404
POS-05724,2023-11-29,Kathmandu-DurbarMarg,King's Way 101,Smart-Hub,1,889.3149762758834
POS-05725,2023-09-14,Lalitpur-Patan,Pulchowk Rd,Drone-HD,4,3207.9635410929727
POS-05726,2023-01-03,Lalitpur-Patan,Pulchowk Rd,4K-TV,1,4921.659496496113
POS-05727,2023-10-29,Butwal-Chowk,Traffic Chowk E,4K-TV,4,3031.8789787349833
POS-05728,2023-07-06,Biratnagar-Main,Hospital Rd,Gaming-Console,1,1142.113841807081
POS-05729,2023-11-12,Kathmandu-DurbarMarg,King's Way 101,Solar-Battery,5,3142.5903426305376
POS-05730,2023-02-02,Lalitpur-Patan,Pulchowk Rd,Smart-Hub,9,4537.526995828347
POS-05731,2023-11-19,Kathmandu-DurbarMarg,King's Way 101,Solar-Battery,6,4051.593728035047
POS-05732,2023-09-18,Kathmandu-DurbarMarg,King's Way 101,Gaming-Console,8,3485.7807359668254
POS-05733,2023-01-05,Biratnagar-Main,Hospital Rd,Gaming-Console,6,-42.054173536486
POS-05734,2023-04-13,Lalitpur-Patan,Pulchowk Rd,Drone-HD,1,234.22860759910537
POS-05735,2023-05-19,Kathmandu-DurbarMarg,King's Way 101,4K-TV,1,3356.5534843920223
POS-05736,2023-04-21,Kathmandu-DurbarMarg,King's Way 101,VR-Headset,4,4953.545835539699
POS-05737,2023-02-16,Biratnagar-Main,Hospital Rd,VR-Headset,8,665.0086465683382
POS-05738,2023-05-06,Lalitpur-Patan,Pulchowk Rd,Gaming-Console,9,4096.372112845458
POS-05739,2023-01-26,Biratnagar-Main,Hospital Rd,Drone-HD,9,453.0840212963518
POS-05740,2023-03-22,Pokhara-Lakeside,Baidam Street 6,Solar-Battery,4,1253.695912508003
POS-05741,2023-12-20,Butwal-Chowk,Traffic Chowk E,Solar-Battery,1,4111.8075494627055
POS-05742,2023-02-01,Kathmandu-DurbarMarg,King's Way 101,Gaming-Console,2,4481.458531330632
POS-05743,2023-07-16,Kathmandu-DurbarMarg,King's Way 101,Smart-Hub,4,1640.9025941514774
POS-05744,2023-01-11,Butwal-Chowk,Traffic Chowk E,Smart-Hub,2,1645.0737827911962
POS-05745,2023-06-25,Butwal-Chowk,Traffic Chowk E,VR-Headset,3,649.6285668434437
POS-05746,2023-02-27,Butwal-Chowk,Traffic Chowk E,4K-TV,5,3668.322707824404
POS-05747,2023-02-24,Kathmandu-DurbarMarg,King's Way 101,Drone-HD,2,779.2993886171689
POS-05748,2023-04-15,Kathmandu-DurbarMarg,King's Way 101,Gaming-Console,7,848.0301152003065
POS-05749,2023-11-29,Lalitpur-Patan,Pulchowk Rd,Drone-HD,4,4502.192761404834
POS-05750,2023-10-09,Biratnagar-Main,Hospital Rd,Gaming-Console,8,-31.417655506457848
POS-05751,2023-09-23,Pokhara-Lakeside,Baidam Street 6,Smart-Hub,4,4832.285322435126
POS-05752,2023-07-08,Butwal-Chowk,Traffic Chowk E,Drone-HD,9,4504.766940637781
POS-05753,2023-05-19,Butwal-Chowk,Traffic Chowk E,Smart-Hub,8,4380.567947154763
POS-05754,2023-03-12,Butwal-Chowk,Traffic Chowk E,Solar-Battery,9,331.40616229632013
POS-05755,2023-05-08,Lalitpur-Patan,Pulchowk Rd,VR-Headset,1,508.4276052249496
POS-05756,2023-01-27,Pokhara-Lakeside,Baidam Street 6,Smart-Hub,4,516.7081104770527
POS-05757,2023-09-07,Kathmandu-DurbarMarg,King's Way 101,4K-TV,3,1316.8819303512828
POS-05758,2023-05-12,Kathmandu-DurbarMarg,King's Way 101,VR-Headset,1,3341.618782506204
POS-05759,2023-04-27,Pokhara-Lakeside,Baidam Street 6,Smart-Hub,1,2613.6171752826476
POS-05760,2023-03-17,Kathmandu-DurbarMarg,King's Way 101,Drone-HD,6,742.4661965515336
POS-05761,2023-09-27,Butwal-Chowk,Traffic Chowk E,Drone-HD,8,4916.233452942435
POS-05762,2023-09-21,Biratnagar-Main,Hospital Rd,Smart-Hub,9,4294.599954246785
POS-05763,2023-04-16,Butwal-Chowk,Traffic Chowk E,VR-Headset,8,2856.536674463959
POS-05764,2023-06-06,Pokhara-Lakeside,Baidam Street 6,VR-Headset,3,2636.3569597010237
POS-05765,2023-08-16,Lalitpur-Patan,Pulchowk Rd,Gaming-Console,2,4767.082347271718
POS-05766,2023-03-17,Biratnagar-Main,Hospital Rd,4K-TV,1,2639.2028897721098
POS-05767,2023-03-22,Butwal-Chowk,Traffic Chowk E,4K-TV,1,3154.3882269392566
POS-05768,2023-01-08,Lalitpur-Patan,Pulchowk Rd,VR-Headset,2,4699.0216380355005
POS-05769,2023-08-06,Pokhara-Lakeside,Baidam Street 6,4K-TV,9,4679.057170059212
POS-05770,2023-10-14,Kathmandu-DurbarMarg,King's Way 101,Gaming-Console,1,721.5231792626566
POS-05771,2023-05-04,Kathmandu-DurbarMarg,King's Way 101,Gaming-Console,4,1177.9788611737622
POS-05772,2023-09-04,Pokhara-Lakeside,Baidam Street 6,VR-Headset,4,1758.947039393473
POS-05773,2023-08-31,Biratnagar-Main,Hospital Rd,Drone-HD,5,2569.9355166476
POS-05774,2023-07-01,Biratnagar-Main,Hospital Rd,VR-Headset,7,4043.7533216308475
POS-05775,2023-04-20,Kathmandu-DurbarMarg,King's Way 101,Solar-Battery,9,931.9511337146093
POS-05776,2023-02-18,Butwal-Chowk,Traffic Chowk E,VR-Headset,4,2537.6073328707203
POS-05777,2023-07-29,Butwal-Chowk,Traffic Chowk E,Smart-Hub,6,2320.730024948132
POS-05778,2023-04-25,Pokhara-Lakeside,Baidam Street 6,VR-Headset,5,2922.7262289798264
POS-05779,2023-01-15,Butwal-Chowk,Traffic Chowk E,Smart-Hub,6,3529.157466758202
POS-05780,2023-01-03,Lalitpur-Patan,Pulchowk Rd,Drone-HD,6,3038.7426481860603
POS-05781,2023-01-28,Lalitpur-Patan,Pulchowk Rd,Drone-HD,9,2131.770275024448
POS-05782,2023-04-26,Kathmandu-DurbarMarg,King's Way 101,Solar-Battery,5,4713.036207491734
POS-05783,2023-01-31,Kathmandu-DurbarMarg,King's Way 101,Drone-HD,6,752.6247644776464
POS-05784,2023-01-31,Biratnagar-Main,Hospital Rd,Gaming-Console,6,3542.731545310148
POS-05785,2023-12-11,Butwal-Chowk,Traffic Chowk E,Drone-HD,3,3927.675847873586
POS-05786,2023-06-12,Butwal-Chowk,Traffic Chowk E,4K-TV,3,3674.561680036409
POS-05787,2023-05-11,Kathmandu-DurbarMarg,King's Way 101,Smart-Hub,1,2997.2776178155
POS-05788,2023-05-18,Butwal-Chowk,Traffic Chowk E,Gaming-Console,3,1877.772774590913
POS-05789,2023-11-23,Butwal-Chowk,Traffic Chowk E,Smart-Hub,1,3122.8458526838053
POS-05790,2023-03-05,Pokhara-Lakeside,Baidam Street 6,Drone-HD,6,3725.5465850548926
POS-05791,2023-04-08,Kathmandu-DurbarMarg,King's Way 101,Solar-Battery,4,3447.6971067777085
POS-05792,2023-05-31,Biratnagar-Main,Hospital Rd,Gaming-Console,4,1562.772358659168
POS-05793,2023-03-30,Biratnagar-Main,Hospital Rd,Smart-Hub,2,3531.109647572604
POS-05794,2023-05-04,Lalitpur-Patan,Pulchowk Rd,Drone-HD,6,3549.4607968637542
POS-05795,2023-06-25,Kathmandu-DurbarMarg,King's Way 101,Solar-Battery,8,3354.4457437931305
POS-05796,2023-02-14,Biratnagar-Main,Hospital Rd,Smart-Hub,6,311.4701704054185
POS-05797,2023-11-30,Lalitpur-Patan,Pulchowk Rd,Solar-Battery,6,4172.545170215376
POS-05798,2023-03-10,Pokhara-Lakeside,Baidam Street 6,Gaming-Console,7,484.6546011160234
POS-05799,2023-12-02,Pokhara-Lakeside,Baidam Street 6,VR-Headset,5,4194.056921525134
POS-05800,2023-07-13,Pokhara-Lakeside,Baidam Street 6,VR-Headset,8,1246.7500855042356
POS-05801,2023-08-22,Butwal-Chowk,Traffic Chowk E,Smart-Hub,3,972.4189727592748
POS-05802,2023-09-10,Lalitpur-Patan,Pulchowk Rd,4K-TV,2,521.1039107726632
POS-05803,2023-11-05,Butwal-Chowk,Traffic Chowk E,4K-TV,4,3191.079432249797
POS-05804,2023-04-03,Pokhara-Lakeside,Baidam Street 6,Solar-Battery,6,36.94256493348905
POS-05805,2023-03-18,Pokhara-Lakeside,Baidam Street 6,Smart-Hub,2,-85.90559440151986
POS-05806,2023-10-30,Pokhara-Lakeside,Baidam Street 6,Solar-Battery,2,1055.8106860847697
POS-05807,2023-09-26,Biratnagar-Main,Hospital Rd,VR-Headset,8,1771.5432599379942
POS-05808,2023-10-17,Biratnagar-Main,Hospital Rd,VR-Headset,9,2524.45204988337
POS-05809,2023-12-14,Pokhara-Lakeside,Baidam Street 6,Solar-Battery,6,3770.504840734848
POS-05810,2023-06-16,Pokhara-Lakeside,Baidam Street 6,Solar-Battery,4,1495.2518800492378
POS-05811,2023-03-16,Butwal-Chowk,Traffic Chowk E,4K-TV,4,1477.4285357834208
POS-05812,2023-04-26,Kathmandu-DurbarMarg,King's Way 101,Smart-Hub,5,1963.1560281124548
POS-05813,2023-09-10,Lalitpur-Patan,Pulchowk Rd,Smart-Hub,9,3293.954737052718
POS-05814,2023-11-20,Butwal-Chowk,Traffic Chowk E,Smart-Hub,6,4199.762288096066
POS-05815,2023-04-04,Biratnagar-Main,Hospital Rd,Drone-HD,2,170.26242577536397
POS-05816,2023-01-24,Pokhara-Lakeside,Baidam Street 6,4K-TV,7,258.57884891490846
POS-05817,2023-06-21,Biratnagar-Main,Hospital Rd,Gaming-Console,5,2844.719164407111
POS-05818,2023-07-03,Lalitpur-Patan,Pulchowk Rd,Gaming-Console,8,1039.2219289799123
POS-05819,2023-03-01,Biratnagar-Main,Hospital Rd,Solar-Battery,9,2580.1522709499955
POS-05820,2023-02-26,Pokhara-Lakeside,Baidam Street 6,4K-TV,9,1212.4106668969737
POS-05821,2023-12-05,Butwal-Chowk,Traffic Chowk E,VR-Headset,3,388.70693814297573
POS-05822,2023-12-22,Biratnagar-Main,Hospital Rd,Gaming-Console,3,4932.783572509188
POS-05823,2023-10-15,Butwal-Chowk,Traffic Chowk E,Drone-HD,6,1927.16134198773
POS-05824,2023-12-02,Pokhara-Lakeside,Baidam Street 6,Gaming-Console,8,895.4742514630442
POS-05825,2023-01-13,Lalitpur-Patan,Pulchowk Rd,Smart-Hub,4,3713.174445210723
POS-05826,2023-06-23,Kathmandu-DurbarMarg,King's Way 101,VR-Headset,8,3496.067632463032
POS-05827,2023-01-27,Butwal-Chowk,Traffic Chowk E,VR-Headset,5,4300.839136353994
POS-05828,2023-01-04,Butwal-Chowk,Traffic Chowk E,Gaming-Console,5,1384.5475624076475
POS-05829,2023-06-01,Biratnagar-Main,Hospital Rd,Drone-HD,3,1397.0582995428958
POS-05830,2023-03-11,Pokhara-Lakeside,Baidam Street 6,Drone-HD,8,1034.845905219078
POS-05831,2023-05-18,Pokhara-Lakeside,Baidam Street 6,Solar-Battery,7,1708.8070030805266
POS-05832,2023-01-03,Pokhara-Lakeside,Baidam Street 6,VR-Headset,9,1306.9597863806475
POS-05833,2023-04-29,Lalitpur-Patan,Pulchowk Rd,VR-Headset,1,1028.2346393814964
POS-05834,2023-08-29,Biratnagar-Main,Hospital Rd,4K-TV,8,2320.5138433209263
POS-05835,2023-08-15,Kathmandu-DurbarMarg,King's Way 101,4K-TV,1,3672.1498525868974
POS-05836,2023-06-01,Kathmandu-DurbarMarg,King's Way 101,VR-Headset,6,1123.5668279947374
POS-05837,2023-09-08,Butwal-Chowk,Traffic Chowk E,VR-Headset,3,2756.351904714832
POS-05838,2023-05-29,Kathmandu-DurbarMarg,King's Way 101,Drone-HD,7,3309.3513447850196
POS-05839,2023-11-17,Biratnagar-Main,Hospital Rd,Drone-HD,4,3814.5752755838207
POS-05840,2023-11-18,Kathmandu-DurbarMarg,King's Way 101,Gaming-Console,2,3888.449396828341
POS-05841,2023-11-29,Pokhara-Lakeside,Baidam Street 6,Drone-HD,7,3862.0886337558754
POS-05842,2023-12-18,Kathmandu-DurbarMarg,King's Way 101,Gaming-Console,3,3169.1786201004043
POS-05843,2023-05-15,Pokhara-Lakeside,Baidam Street 6,VR-Headset,3,3587.712217260689
POS-05844,2023-11-03,Lalitpur-Patan,Pulchowk Rd,Solar-Battery,4,4952.827998774015
POS-05845,2023-10-31,Pokhara-Lakeside,Baidam Street 6,VR-Headset,5,4050.2141287971745
POS-05846,2023-03-05,Butwal-Chowk,Traffic Chowk E,VR-Headset,8,581.8991453084001
POS-05847,2023-09-17,Lalitpur-Patan,Pulchowk Rd,VR-Headset,7,1821.2072395916912
POS-05848,2023-10-31,Lalitpur-Patan,Pulchowk Rd,4K-TV,5,3804.1577317159013
POS-05849,2023-04-10,Lalitpur-Patan,Pulchowk Rd,Drone-HD,6,411.0716412174137
POS-05850,2023-04-29,Butwal-Chowk,Traffic Chowk E,Smart-Hub,4,1504.3329727777077
POS-05851,2023-11-21,Kathmandu-DurbarMarg,King's Way 101,VR-Headset,3,2836.3702332517328
POS-05852,2023-11-03,Pokhara-Lakeside,Baidam Street 6,Gaming-Console,3,2284.6980164426154
POS-05853,2023-07-21,Kathmandu-DurbarMarg,King's Way 101,Solar-Battery,4,1539.9508585161857
POS-05854,2023-10-26,Pokhara-Lakeside,Baidam Street 6,Solar-Battery,4,4364.952120850384
POS-05855,2023-05-29,Kathmandu-DurbarMarg,King's Way 101,VR-Headset,3,3627.1808413134313
POS-05856,2023-03-12,Lalitpur-Patan,Pulchowk Rd,4K-TV,5,784.2714918777169
POS-05857,2023-06-13,Biratnagar-Main,Hospital Rd,4K-TV,6,1985.742023375783
POS-05858,2023-11-12,Butwal-Chowk,Traffic Chowk E,Smart-Hub,5,37.667786683090554
POS-05859,2023-03-06,Butwal-Chowk,Traffic Chowk E,Smart-Hub,2,4583.37421103127
POS-05860,2023-07-18,Biratnagar-Main,Hospital Rd,Gaming-Console,3,1764.48497515847
POS-05861,2023-10-26,Pokhara-Lakeside,Baidam Street 6,Smart-Hub,3,18.1117681206146
POS-05862,2023-03-01,Biratnagar-Main,Hospital Rd,Drone-HD,4,1067.3922567702755
POS-05863,2023-03-19,Biratnagar-Main,Hospital Rd,Drone-HD,5,2445.046996544242
POS-05864,2023-02-18,Butwal-Chowk,Traffic Chowk E,4K-TV,5,2787.240845144172
POS-05865,2023-07-31,Butwal-Chowk,Traffic Chowk E,Smart-Hub,7,3452.932549976742
POS-05866,2023-09-04,Kathmandu-DurbarMarg,King's Way 101,Solar-Battery,3,1339.2807413310493
POS-05867,2023-10-20,Pokhara-Lakeside,Baidam Street 6,Smart-Hub,4,3058.7667835672178
POS-05868,2023-09-28,Lalitpur-Patan,Pulchowk Rd,VR-Headset,2,1236.6148989048218
POS-05869,2023-08-28,Lalitpur-Patan,Pulchowk Rd,Solar-Battery,5,3228.959056189552
POS-05870,2023-07-29,Lalitpur-Patan,Pulchowk Rd,Drone-HD,4,3432.0833148080137
POS-05871,2023-09-07,Biratnagar-Main,Hospital Rd,4K-TV,9,881.6564340867094
POS-05872,2023-11-05,Pokhara-Lakeside,Baidam Street 6,Solar-Battery,5,2559.208959191334
POS-05873,2023-07-15,Lalitpur-Patan,Pulchowk Rd,Solar-Battery,6,1609.1768625325724
POS-05874,2023-03-13,Kathmandu-DurbarMarg,King's Way 101,Drone-HD,6,3065.624290607215
POS-05875,2023-02-09,Pokhara-Lakeside,Baidam Street 6,Drone-HD,1,2210.7398875104495
POS-05876,2023-07-16,Biratnagar-Main,Hospital Rd,Smart-Hub,8,323.9572072930724
POS-05877,2023-11-02,Lalitpur-Patan,Pulchowk Rd,Gaming-Console,9,944.5176347113897
POS-05878,2023-09-25,Kathmandu-DurbarMarg,King's Way 101,4K-TV,3,2124.417609324722
POS-05879,2023-03-27,Kathmandu-DurbarMarg,King's Way 101,4K-TV,7,4390.740646821857
POS-05880,2023-03-01,Butwal-Chowk,Traffic Chowk E,Gaming-Console,5,1193.6086183654656
POS-05881,2023-12-07,Kathmandu-DurbarMarg,King's Way 101,Smart-Hub,5,4894.883796114869
POS-05882,2023-12-01,Butwal-Chowk,Traffic Chowk E,Gaming-Console,4,4472.882511129555
POS-05883,2023-10-12,Pokhara-Lakeside,Baidam Street 6,4K-TV,4,3433.312051752382
POS-05884,2023-02-06,Kathmandu-DurbarMarg,King's Way 101,Smart-Hub,4,2190.338111679918
POS-05885,2023-12-08,Kathmandu-DurbarMarg,King's Way 101,Gaming-Console,4,906.7751006807086
POS-05886,2023-12-05,Lalitpur-Patan,Pulchowk Rd,Solar-Battery,6,2415.4365150528693
POS-05887,2023-01-12,Kathmandu-DurbarMarg,King's Way 101,VR-Headset,5,3767.246321991237
POS-05888,2023-11-30,Lalitpur-Patan,Pulchowk Rd,Smart-Hub,9,127.05982733611481
POS-05889,2023-02-03,Butwal-Chowk,Traffic Chowk E,4K-TV,8,3681.9085496488574
POS-05890,2023-01-28,Butwal-Chowk,Traffic Chowk E,Solar-Battery,4,940.2240865259503
POS-05891,2023-03-01,Biratnagar-Main,Hospital Rd,4K-TV,6,954.3298950919145
POS-05892,2023-12-25,Pokhara-Lakeside,Baidam Street 6,4K-TV,5,3091.384765668985
POS-05893,2023-12-25,Pokhara-Lakeside,Baidam Street 6,Smart-Hub,1,678.8959410753715
POS-05894,2023-09-18,Biratnagar-Main,Hospital Rd,Solar-Battery,5,441.15477313533904
POS-05895,2023-10-14,Kathmandu-DurbarMarg,King's Way 101,Solar-Battery,2,2053.3004171236425
POS-05896,2023-09-16,Kathmandu-DurbarMarg,King's Way 101,VR-Headset,9,4454.491511988443
POS-05897,2023-04-07,Kathmandu-DurbarMarg,King's Way 101,Smart-Hub,4,2772.111641836483
POS-05898,2023-04-15,Pokhara-Lakeside,Baidam Street 6,Gaming-Console,3,-38.260631451436446
POS-05899,2023-09-02,Biratnagar-Main,Hospital Rd,4K-TV,3,3864.4081475926155
POS-05900,2023-06-02,Biratnagar-Main,Hospital Rd,Gaming-Console,2,1689.0363212893346
POS-05901,2023-02-28,Butwal-Chowk,Traffic Chowk E,Drone-HD,4,4847.348013180487
POS-05902,2023-11-05,Kathmandu-DurbarMarg,King's Way 101,Solar-Battery,1,2256.867605128381
POS-05903,2023-05-29,Biratnagar-Main,Hospital Rd,Drone-HD,8,867.7440410165535
POS-05904,2023-08-02,Butwal-Chowk,Traffic Chowk E,Drone-HD,5,4458.814809267296
POS-05905,2023-01-01,Butwal-Chowk,Traffic Chowk E,Smart-Hub,2,1132.4351153999219
POS-05906,2023-08-14,Biratnagar-Main,Hospital Rd,Smart-Hub,6,646.0367843922024
POS-05907,2023-01-15,Butwal-Chowk,Traffic Chowk E,4K-TV,2,327.1781976844029
POS-05908,2023-05-05,Biratnagar-Main,Hospital Rd,VR-Headset,2,1388.8304785307946
POS-05909,2023-09-06,Butwal-Chowk,Traffic Chowk E,Gaming-Console,1,4296.100277606728
POS-05910,2023-01-28,Lalitpur-Patan,Pulchowk Rd,Drone-HD,2,2569.424615698642
POS-05911,2023-03-28,Kathmandu-DurbarMarg,King's Way 101,Solar-Battery,8,3377.1645856262257
POS-05912,2023-06-09,Kathmandu-DurbarMarg,King's Way 101,Drone-HD,7,3436.7056958494236
POS-05913,2023-01-22,Biratnagar-Main,Hospital Rd,Smart-Hub,6,3467.4343468432453
POS-05914,2023-03-14,Lalitpur-Patan,Pulchowk Rd,Solar-Battery,5,3459.6349244244634
POS-05915,2023-01-01,Kathmandu-DurbarMarg,King's Way 101,Gaming-Console,8,2271.7653800197654
POS-05916,2023-10-11,Biratnagar-Main,Hospital Rd,VR-Headset,4,4445.809187539723
POS-05917,2023-01-25,Kathmandu-DurbarMarg,King's Way 101,Drone-HD,4,4112.922422335148
POS-05918,2023-07-08,Pokhara-Lakeside,Baidam Street 6,4K-TV,6,638.8848456801985
POS-05919,2023-01-30,Lalitpur-Patan,Pulchowk Rd,VR-Headset,4,4975.338060014002
POS-05920,2023-11-13,Butwal-Chowk,Traffic Chowk E,Solar-Battery,8,1620.329654701461
POS-05921,2023-02-10,Biratnagar-Main,Hospital Rd,Solar-Battery,4,1325.034572790731
POS-05922,2023-04-21,Biratnagar-Main,Hospital Rd,Smart-Hub,9,673.1116832721602
POS-05923,2023-02-23,Butwal-Chowk,Traffic Chowk E,4K-TV,8,192.10898107930456
POS-05924,2023-12-07,Biratnagar-Main,Hospital Rd,Solar-Battery,1,127.6655717972834
POS-05925,2023-11-24,Kathmandu-DurbarMarg,King's Way 101,VR-Headset,8,1207.551707260254
POS-05926,2023-07-20,Lalitpur-Patan,Pulchowk Rd,VR-Headset,6,3402.927594553174
POS-05927,2023-07-11,Butwal-Chowk,Traffic Chowk E,Smart-Hub,9,245.36544413070203
POS-05928,2023-08-03,Biratnagar-Main,Hospital Rd,Gaming-Console,1,4658.398611375956
POS-05929,2023-07-18,Biratnagar-Main,Hospital Rd,Gaming-Console,7,3104.7961585116723
POS-05930,2023-02-03,Lalitpur-Patan,Pulchowk Rd,4K-TV,4,2190.1730643106694
POS-05931,2023-09-22,Biratnagar-Main,Hospital Rd,VR-Headset,5,4493.797538719083
POS-05932,2023-06-24,Butwal-Chowk,Traffic Chowk E,Solar-Battery,3,2744.075022313823
POS-05933,2023-09-24,Biratnagar-Main,Hospital Rd,Solar-Battery,9,2721.446986242869
POS-05934,2023-12-17,Butwal-Chowk,Traffic Chowk E,VR-Headset,6,4675.055243605825
POS-05935,2023-03-12,Lalitpur-Patan,Pulchowk Rd,Drone-HD,8,1724.468020155432
POS-05936,2023-06-07,Biratnagar-Main,Hospital Rd,Gaming-Console,8,4676.96081900795
POS-05937,2023-05-04,Kathmandu-DurbarMarg,King's Way 101,Smart-Hub,2,4068.7222524538
POS-05938,2023-09-04,Butwal-Chowk,Traffic Chowk E,4K-TV,9,1087.5178381304472
POS-05939,2023-01-19,Kathmandu-DurbarMarg,King's Way 101,Drone-HD,4,1118.6768066555228
POS-05940,2023-08-19,Butwal-Chowk,Traffic Chowk E,4K-TV,3,3405.6702728925993
POS-05941,2023-10-11,Butwal-Chowk,Traffic Chowk E,4K-TV,2,1094.9526119072534
POS-05942,2023-11-09,Butwal-Chowk,Traffic Chowk E,Smart-Hub,2,3449.115954892359
POS-05943,2023-11-03,Lalitpur-Patan,Pulchowk Rd,Solar-Battery,1,3098.4560309119593
POS-05944,2023-08-11,Butwal-Chowk,Traffic Chowk E,Drone-HD,3,4249.2669384955725
POS-05945,2023-11-06,Butwal-Chowk,Traffic Chowk E,4K-TV,7,1891.0430539788774
POS-05946,2023-01-04,Lalitpur-Patan,Pulchowk Rd,Drone-HD,5,3656.351285591123
POS-05947,2023-10-26,Butwal-Chowk,Traffic Chowk E,VR-Headset,7,4455.861374674103
POS-05948,2023-10-07,Kathmandu-DurbarMarg,King's Way 101,Gaming-Console,4,2392.64733033505
POS-05949,2023-07-18,Biratnagar-Main,Hospital Rd,VR-Headset,8,906.7468065114365
POS-05950,2023-02-09,Biratnagar-Main,Hospital Rd,Drone-HD,2,4268.1754178164465
POS-05951,2023-06-04,Biratnagar-Main,Hospital Rd,Gaming-Console,6,1568.2385604374324
POS-05952,2023-10-21,Kathmandu-DurbarMarg,King's Way 101,Solar-Battery,4,4039.8687972761854
POS-05953,2023-08-14,Lalitpur-Patan,Pulchowk Rd,Gaming-Console,2,4292.655728714279
POS-05954,2023-11-08,Butwal-Chowk,Traffic Chowk E,Solar-Battery,4,1801.8692678347836
POS-05955,2023-12-23,Pokhara-Lakeside,Baidam Street 6,VR-Headset,4,3208.9142993378982
POS-05956,2023-09-09,Pokhara-Lakeside,Baidam Street 6,Smart-Hub,7,3813.0410646189143
POS-05957,2023-08-30,Biratnagar-Main,Hospital Rd,VR-Headset,4,3826.6292808881826
POS-05958,2023-03-23,Pokhara-Lakeside,Baidam Street 6,VR-Headset,7,1984.6835456908966
POS-05959,2023-10-03,Kathmandu-DurbarMarg,King's Way 101,Gaming-Console,8,3296.564338303603
POS-05960,2023-03-01,Lalitpur-Patan,Pulchowk Rd,Smart-Hub,4,4128.090628996826
POS-05961,2023-06-15,Biratnagar-Main,Hospital Rd,VR-Headset,1,2982.959745848074
POS-05962,2023-07-31,Kathmandu-DurbarMarg,King's Way 101,Solar-Battery,1,3180.120727440642
POS-05963,2023-06-08,Kathmandu-DurbarMarg,King's Way 101,Smart-Hub,7,71.89693481310363
POS-05964,2023-03-30,Biratnagar-Main,Hospital Rd,4K-TV,3,2806.647455561524
POS-05965,2023-01-12,Lalitpur-Patan,Pulchowk Rd,4K-TV,1,1451.1566091673317
POS-05966,2023-10-02,Biratnagar-Main,Hospital Rd,VR-Headset,6,4770.227053759844
POS-05967,2023-06-22,Kathmandu-DurbarMarg,King's Way 101,VR-Headset,2,1160.1829556799448
POS-05968,2023-07-02,Butwal-Chowk,Traffic Chowk E,Solar-Battery,2,1354.9281914995236
POS-05969,2023-12-23,Pokhara-Lakeside,Baidam Street 6,Gaming-Console,5,16.87199157646819
POS-05970,2023-03-09,Kathmandu-DurbarMarg,King's Way 101,Smart-Hub,6,1909.1534070208388
POS-05971,2023-01-20,Biratnagar-Main,Hospital Rd,Smart-Hub,4,3180.953211003487
POS-05972,2023-10-02,Pokhara-Lakeside,Baidam Street 6,Smart-Hub,4,903.3264616841079
POS-05973,2023-10-21,Pokhara-Lakeside,Baidam Street 6,Gaming-Console,5,3412.2053173282843
POS-05974,2023-02-01,Biratnagar-Main,Hospital Rd,VR-Headset,2,3763.5479733731067
POS-05975,2023-06-05,Lalitpur-Patan,Pulchowk Rd,VR-Headset,8,1861.599058876834
POS-05976,2023-10-07,Butwal-Chowk,Traffic Chowk E,Solar-Battery,1,1106.3231494634085
POS-05977,2023-03-31,Biratnagar-Main,Hospital Rd,Solar-Battery,4,4612.828223918743
POS-05978,2023-08-25,Butwal-Chowk,Traffic Chowk E,Smart-Hub,7,4098.24315050756
POS-05979,2023-11-12,Lalitpur-Patan,Pulchowk Rd,VR-Headset,4,3441.0212946389734
POS-05980,2023-07-21,Kathmandu-DurbarMarg,King's Way 101,Drone-HD,8,3385.2692284473956
POS-05981,2023-10-24,Biratnagar-Main,Hospital Rd,4K-TV,1,2567.8346911150766
POS-05982,2023-02-28,Butwal-Chowk,Traffic Chowk E,4K-TV,9,2939.815462901728
POS-05983,2023-03-31,Butwal-Chowk,Traffic Chowk E,4K-TV,4,725.1559885139465
POS-05984,2023-05-21,Biratnagar-Main,Hospital Rd,4K-TV,7,1981.4272257035973
POS-05985,2023-04-21,Kathmandu-DurbarMarg,King's Way 101,Drone-HD,7,3819.886203331248
POS-05986,2023-09-30,Pokhara-Lakeside,Baidam Street 6,Smart-Hub,8,2037.690765231122
POS-05987,2023-06-22,Lalitpur-Patan,Pulchowk Rd,Drone-HD,9,4390.866274343308
POS-05988,2023-03-28,Biratnagar-Main,Hospital Rd,4K-TV,9,1118.9674345475787
POS-05989,2023-09-30,Pokhara-Lakeside,Baidam Street 6,Smart-Hub,1,3112.6569591398625
POS-05990,2023-01-19,Butwal-Chowk,Traffic Chowk E,Smart-Hub,8,4027.755598937845
POS-05991,2023-09-01,Kathmandu-DurbarMarg,King's Way 101,VR-Headset,7,1130.1842680513703
POS-05992,2023-05-11,Butwal-Chowk,Traffic Chowk E,Smart-Hub,8,2048.3370881054866
POS-05993,2023-01-09,Lalitpur-Patan,Pulchowk Rd,Gaming-Console,3,4517.73748178257
POS-05994,2023-08-06,Butwal-Chowk,Traffic Chowk E,Solar-Battery,5,113.81676351732293
POS-05995,2023-04-21,Pokhara-Lakeside,Baidam Street 6,Drone-HD,8,4881.859977242564
POS-05996,2023-11-12,Pokhara-Lakeside,Baidam Street 6,VR-Headset,3,3065.6772663886723
POS-05997,2023-02-11,Biratnagar-Main,Hospital Rd,Smart-Hub,1,942.224001906902
POS-05998,2023-01-05,Kathmandu-DurbarMarg,King's Way 101,Drone-HD,7,1478.8753243860556
POS-05999,2023-02-08,Kathmandu-DurbarMarg,King's Way 101,Solar-Battery,3,304.37444952580785
POS-06000,2023-01-04,Biratnagar-Main,Hospital Rd,VR-Headset,9,1373.022092415707
POS-06001,2023-06-05,Pokhara-Lakeside,Baidam Street 6,Solar-Battery,3,2957.152345449148
POS-06002,2023-07-20,Biratnagar-Main,Hospital Rd,Gaming-Console,5,1396.9790655430802
POS-06003,2023-03-09,Lalitpur-Patan,Pulchowk Rd,VR-Headset,2,4414.528562632048
POS-06004,2023-05-17,Butwal-Chowk,Traffic Chowk E,4K-TV,2,4477.618431974885
POS-06005,2023-05-12,Lalitpur-Patan,Pulchowk Rd,Drone-HD,8,4585.791612433787
POS-06006,2023-02-12,Biratnagar-Main,Hospital Rd,VR-Headset,9,1684.4062447760841
POS-06007,2023-07-17,Pokhara-Lakeside,Baidam Street 6,4K-TV,8,1928.949513948848
POS-06008,2023-06-01,Biratnagar-Main,Hospital Rd,Drone-HD,3,2057.8185938660986
POS-06009,2023-04-11,Butwal-Chowk,Traffic Chowk E,Drone-HD,1,1838.7435566902388
POS-06010,2023-03-12,Biratnagar-Main,Hospital Rd,Solar-Battery,7,3266.99187410048
POS-06011,2023-10-30,Pokhara-Lakeside,Baidam Street 6,Solar-Battery,2,3280.838481004825
POS-06012,2023-09-07,Biratnagar-Main,Hospital Rd,Drone-HD,9,2395.808869496151
POS-06013,2023-09-16,Butwal-Chowk,Traffic Chowk E,Gaming-Console,5,3859.7383105205445
POS-06014,2023-05-15,Pokhara-Lakeside,Baidam Street 6,Solar-Battery,9,3196.3898637235125
POS-06015,2023-09-17,Kathmandu-DurbarMarg,King's Way 101,4K-TV,9,3788.7644478129355
POS-06016,2023-06-13,Pokhara-Lakeside,Baidam Street 6,Smart-Hub,7,1723.7525105667094
POS-06017,2023-03-08,Biratnagar-Main,Hospital Rd,Smart-Hub,3,2035.6938764242454
POS-06018,2023-04-06,Biratnagar-Main,Hospital Rd,Smart-Hub,3,1553.2656898973019
POS-06019,2023-10-05,Butwal-Chowk,Traffic Chowk E,Drone-HD,2,2506.8924749878315
POS-06020,2023-05-09,Biratnagar-Main,Hospital Rd,4K-TV,4,3918.675645317044
POS-06021,2023-09-25,Biratnagar-Main,Hospital Rd,Gaming-Console,7,845.6992533048186
POS-06022,2023-12-26,Biratnagar-Main,Hospital Rd,Drone-HD,1,4201.551425834617
POS-06023,2023-03-21,Biratnagar-Main,Hospital Rd,Solar-Battery,6,4330.522542222205
POS-06024,2023-07-14,Kathmandu-DurbarMarg,King's Way 101,4K-TV,7,1186.8997267447346
POS-06025,2023-05-20,Pokhara-Lakeside,Baidam Street 6,VR-Headset,3,4340.694122748059
POS-06026,2023-12-17,Biratnagar-Main,Hospital Rd,Gaming-Console,6,668.9506257273605
POS-06027,2023-04-22,Lalitpur-Patan,Pulchowk Rd,Drone-HD,9,1389.170901780414
POS-06028,2023-03-17,Kathmandu-DurbarMarg,King's Way 101,VR-Headset,3,1670.4156748225712
POS-06029,2023-10-23,Biratnagar-Main,Hospital Rd,Solar-Battery,7,2688.64213126006
POS-06030,2023-03-01,Kathmandu-DurbarMarg,King's Way 101,VR-Headset,6,2889.8891947423426
POS-06031,2023-05-12,Lalitpur-Patan,Pulchowk Rd,4K-TV,2,2380.549447236782
POS-06032,2023-12-12,Biratnagar-Main,Hospital Rd,Smart-Hub,4,2952.5623569265595
POS-06033,2023-03-01,Butwal-Chowk,Traffic Chowk E,4K-TV,4,709.2384470297219
POS-06034,2023-11-12,Biratnagar-Main,Hospital Rd,Solar-Battery,2,4735.561534785
POS-06035,2023-12-09,Lalitpur-Patan,Pulchowk Rd,Smart-Hub,1,628.6590309369399
POS-06036,2023-12-21,Pokhara-Lakeside,Baidam Street 6,Drone-HD,9,852.1203582893494
POS-06037,2023-07-09,Butwal-Chowk,Traffic Chowk E,Smart-Hub,6,1323.3326414305493
POS-06038,2023-10-22,Lalitpur-Patan,Pulchowk Rd,Gaming-Console,7,3501.432185893344
POS-06039,2023-06-09,Kathmandu-DurbarMarg,King's Way 101,Drone-HD,1,2160.057548855466
POS-06040,2023-06-04,Butwal-Chowk,Traffic Chowk E,4K-TV,8,4952.3161887206625
POS-06041,2023-05-06,Biratnagar-Main,Hospital Rd,Drone-HD,2,4782.8618551864065
POS-06042,2023-03-15,Pokhara-Lakeside,Baidam Street 6,VR-Headset,9,515.9444528241015
POS-06043,2023-12-05,Kathmandu-DurbarMarg,King's Way 101,Smart-Hub,1,4045.913951494177
POS-06044,2023-05-11,Lalitpur-Patan,Pulchowk Rd,Solar-Battery,9,2508.2168970102025
POS-06045,2023-11-24,Lalitpur-Patan,Pulchowk Rd,4K-TV,1,4974.694759423319
POS-06046,2023-04-12,Kathmandu-DurbarMarg,King's Way 101,VR-Headset,4,4632.168118188823
POS-06047,2023-01-09,Biratnagar-Main,Hospital Rd,4K-TV,6,1308.1572203076983
POS-06048,2023-02-21,Biratnagar-Main,Hospital Rd,Drone-HD,1,1078.4582527203013
POS-06049,2023-10-17,Lalitpur-Patan,Pulchowk Rd,Solar-Battery,1,514.2967857959761
POS-06050,2023-07-11,Pokhara-Lakeside,Baidam Street 6,Gaming-Console,2,1521.484272840969
POS-06051,2023-05-12,Biratnagar-Main,Hospital Rd,Smart-Hub,9,4543.975158041473
POS-06052,2023-03-31,Biratnagar-Main,Hospital Rd,Solar-Battery,5,4529.314243460545
POS-06053,2023-01-27,Biratnagar-Main,Hospital Rd,Drone-HD,7,4730.885551413967
POS-06054,2023-01-21,Butwal-Chowk,Traffic Chowk E,Drone-HD,6,2608.1193948872856
POS-06055,2023-04-24,Kathmandu-DurbarMarg,King's Way 101,Solar-Battery,8,1901.8528589352413
POS-06056,2023-01-12,Biratnagar-Main,Hospital Rd,Drone-HD,8,1450.633475453006
POS-06057,2023-08-28,Biratnagar-Main,Hospital Rd,4K-TV,4,2089.7948350703605
POS-06058,2023-07-16,Pokhara-Lakeside,Baidam Street 6,Solar-Battery,9,2018.1193666506097
POS-06059,2023-05-23,Kathmandu-DurbarMarg,King's Way 101,Smart-Hub,2,1649.9883810649544
POS-06060,2023-06-05,Lalitpur-Patan,Pulchowk Rd,Gaming-Console,7,3495.8326531783164
POS-06061,2023-01-23,Butwal-Chowk,Traffic Chowk E,Gaming-Console,7,1609.8447719449841
POS-06062,2023-03-18,Lalitpur-Patan,Pulchowk Rd,VR-Headset,6,3845.012729566587
POS-06063,2023-07-09,Pokhara-Lakeside,Baidam Street 6,4K-TV,6,2614.2315186633978
POS-06064,2023-09-18,Lalitpur-Patan,Pulchowk Rd,Solar-Battery,1,3462.37511371051
POS-06065,2023-03-31,Pokhara-Lakeside,Baidam Street 6,4K-TV,4,705.0104373473974
POS-06066,2023-12-01,Biratnagar-Main,Hospital Rd,4K-TV,6,1033.5630839189826
POS-06067,2023-04-19,Lalitpur-Patan,Pulchowk Rd,4K-TV,1,1716.1091688980753
POS-06068,2023-03-17,Butwal-Chowk,Traffic Chowk E,Smart-Hub,3,1001.2908880888758
POS-06069,2023-03-15,Biratnagar-Main,Hospital Rd,Gaming-Console,4,3790.3918031763187
POS-06070,2023-05-20,Lalitpur-Patan,Pulchowk Rd,Smart-Hub,7,2071.5879617483174
POS-06071,2023-06-04,Butwal-Chowk,Traffic Chowk E,Gaming-Console,8,1890.081431110587
POS-06072,2023-09-06,Lalitpur-Patan,Pulchowk Rd,Smart-Hub,2,1557.0297809171363
POS-06073,2023-08-10,Lalitpur-Patan,Pulchowk Rd,VR-Headset,9,2679.839975568703
POS-06074,2023-12-17,Kathmandu-DurbarMarg,King's Way 101,VR-Headset,8,3212.9222518565966
POS-06075,2023-07-17,Butwal-Chowk,Traffic Chowk E,Gaming-Console,1,2583.129415299169
POS-06076,2023-06-26,Lalitpur-Patan,Pulchowk Rd,Solar-Battery,4,4366.3115576417895
POS-06077,2023-11-07,Lalitpur-Patan,Pulchowk Rd,Gaming-Console,4,3772.067537213747
POS-06078,2023-01-05,Biratnagar-Main,Hospital Rd,Solar-Battery,7,891.5861707230812
POS-06079,2023-07-25,Kathmandu-DurbarMarg,King's Way 101,Smart-Hub,6,2551.5609070202354
POS-06080,2023-06-27,Butwal-Chowk,Traffic Chowk E,Drone-HD,8,832.4946717740298
POS-06081,2023-04-16,Kathmandu-DurbarMarg,King's Way 101,Smart-Hub,8,4552.467411074017
POS-06082,2023-11-24,Biratnagar-Main,Hospital Rd,Drone-HD,6,2981.6107992323673
POS-06083,2023-03-14,Kathmandu-DurbarMarg,King's Way 101,Smart-Hub,5,3953.1047896954456
POS-06084,2023-11-06,Biratnagar-Main,Hospital Rd,Solar-Battery,9,1081.5525607850063
POS-06085,2023-01-27,Kathmandu-DurbarMarg,King's Way 101,Gaming-Console,2,1038.9043945963904
POS-06086,2023-01-23,Biratnagar-Main,Hospital Rd,Smart-Hub,2,949.8791974331984
POS-06087,2023-03-11,Lalitpur-Patan,Pulchowk Rd,Solar-Battery,7,2257.731813203461
POS-06088,2023-01-12,Pokhara-Lakeside,Baidam Street 6,Gaming-Console,6,1658.3780846966567
POS-06089,2023-02-21,Lalitpur-Patan,Pulchowk Rd,4K-TV,4,4930.799244451437
POS-06090,2023-10-17,Kathmandu-DurbarMarg,King's Way 101,4K-TV,9,2770.001805383194
POS-06091,2023-01-22,Pokhara-Lakeside,Baidam Street 6,Smart-Hub,6,4435.908388976218
POS-06092,2023-02-23,Butwal-Chowk,Traffic Chowk E,Gaming-Console,5,3261.045949799787
POS-06093,2023-03-23,Butwal-Chowk,Traffic Chowk E,4K-TV,8,3088.4648233507382
POS-06094,2023-01-31,Biratnagar-Main,Hospital Rd,Smart-Hub,6,2034.1163835772254
POS-06095,2023-02-18,Kathmandu-DurbarMarg,King's Way 101,Smart-Hub,1,4700.827043916099
POS-06096,2023-04-03,Lalitpur-Patan,Pulchowk Rd,Gaming-Console,1,4678.746930047549
POS-06097,2023-07-03,Pokhara-Lakeside,Baidam Street 6,4K-TV,2,1634.2314797734605
POS-06098,2023-06-11,Pokhara-Lakeside,Baidam Street 6,Gaming-Console,6,893.6178270571056
POS-06099,2023-06-05,Biratnagar-Main,Hospital Rd,Smart-Hub,7,1569.9596081314019
POS-06100,2023-11-04,Lalitpur-Patan,Pulchowk Rd,Solar-Battery,8,827.017033446764
POS-06101,2023-01-08,Butwal-Chowk,Traffic Chowk E,Smart-Hub,6,1163.1013532843092
POS-06102,2023-09-09,Kathmandu-DurbarMarg,King's Way 101,4K-TV,1,3820.68148940137
POS-06103,2023-07-15,Kathmandu-DurbarMarg,King's Way 101,Smart-Hub,3,3183.365524403209
POS-06104,2023-08-13,Pokhara-Lakeside,Baidam Street 6,VR-Headset,2,2000.7715474828115
POS-06105,2023-05-08,Kathmandu-DurbarMarg,King's Way 101,4K-TV,2,3853.321191006111
POS-06106,2023-05-15,Lalitpur-Patan,Pulchowk Rd,VR-Headset,8,3157.4665496083294
POS-06107,2023-11-11,Kathmandu-DurbarMarg,King's Way 101,Smart-Hub,5,1253.251866885067
POS-06108,2023-04-25,Biratnagar-Main,Hospital Rd,Solar-Battery,5,2979.165432521573
POS-06109,2023-12-19,Biratnagar-Main,Hospital Rd,4K-TV,6,1351.5973433428862
POS-06110,2023-02-02,Butwal-Chowk,Traffic Chowk E,Drone-HD,6,4588.635334788314
POS-06111,2023-10-13,Lalitpur-Patan,Pulchowk Rd,Drone-HD,2,773.2701011033148
POS-06112,2023-07-21,Lalitpur-Patan,Pulchowk Rd,Smart-Hub,7,636.3435185826552
POS-06113,2023-01-02,Lalitpur-Patan,Pulchowk Rd,Solar-Battery,9,2036.0160318802018
POS-06114,2023-06-15,Pokhara-Lakeside,Baidam Street 6,Smart-Hub,5,3638.363305276095
POS-06115,2023-08-14,Pokhara-Lakeside,Baidam Street 6,Drone-HD,8,2964.9919544609124
POS-06116,2023-05-09,Lalitpur-Patan,Pulchowk Rd,4K-TV,6,4772.184346751706
POS-06117,2023-07-12,Kathmandu-DurbarMarg,King's Way 101,Solar-Battery,8,1793.6187638999654
POS-06118,2023-08-01,Butwal-Chowk,Traffic Chowk E,Smart-Hub,2,2005.0850340531815
POS-06119,2023-06-04,Kathmandu-DurbarMarg,King's Way 101,Smart-Hub,6,754.8517640686389
POS-06120,2023-06-13,Biratnagar-Main,Hospital Rd,Solar-Battery,9,-44.02305127796566
POS-06121,2023-10-31,Biratnagar-Main,Hospital Rd,Smart-Hub,5,2082.796424086516
POS-06122,2023-08-27,Pokhara-Lakeside,Baidam Street 6,Drone-HD,5,4171.4422140453125
POS-06123,2023-03-31,Lalitpur-Patan,Pulchowk Rd,VR-Headset,1,4935.83445361495
POS-06124,2023-06-07,Butwal-Chowk,Traffic Chowk E,4K-TV,5,4429.056520519457
POS-06125,2023-01-03,Lalitpur-Patan,Pulchowk Rd,VR-Headset,2,1833.2997930189297
POS-06126,2023-05-09,Kathmandu-DurbarMarg,King's Way 101,Drone-HD,6,4683.372218817993
POS-06127,2023-10-22,Lalitpur-Patan,Pulchowk Rd,Gaming-Console,2,48.804950606842965
POS-06128,2023-10-28,Lalitpur-Patan,Pulchowk Rd,4K-TV,4,2033.972484457734
POS-06129,2023-10-03,Pokhara-Lakeside,Baidam Street 6,4K-TV,6,4645.038680993281
POS-06130,2023-01-28,Butwal-Chowk,Traffic Chowk E,4K-TV,4,2237.5708270500218
POS-06131,2023-01-06,Kathmandu-DurbarMarg,King's Way 101,Solar-Battery,7,4652.5931966491335
POS-06132,2023-07-09,Lalitpur-Patan,Pulchowk Rd,Drone-HD,4,2039.938254431699
POS-06133,2023-05-06,Biratnagar-Main,Hospital Rd,Gaming-Console,1,445.5244865444264
POS-06134,2023-01-16,Biratnagar-Main,Hospital Rd,Drone-HD,4,4615.690033852776
POS-06135,2023-05-10,Pokhara-Lakeside,Baidam Street 6,4K-TV,6,2058.7205543323216
POS-06136,2023-09-04,Kathmandu-DurbarMarg,King's Way 101,Gaming-Console,4,2781.341139812243
POS-06137,2023-07-07,Biratnagar-Main,Hospital Rd,VR-Headset,4,4604.7410535592335
POS-06138,2023-03-28,Kathmandu-DurbarMarg,King's Way 101,Smart-Hub,2,2685.5183997799027
POS-06139,2023-01-11,Lalitpur-Patan,Pulchowk Rd,4K-TV,7,1643.2645366335187
POS-06140,2023-11-08,Pokhara-Lakeside,Baidam Street 6,4K-TV,8,4818.668702548538
POS-06141,2023-07-15,Lalitpur-Patan,Pulchowk Rd,Solar-Battery,3,3709.697754369719
POS-06142,2023-10-13,Lalitpur-Patan,Pulchowk Rd,VR-Headset,4,784.5239374046806
POS-06143,2023-01-01,Butwal-Chowk,Traffic Chowk E,Smart-Hub,6,694.9961561811231
POS-06144,2023-11-15,Kathmandu-DurbarMarg,King's Way 101,Smart-Hub,3,119.42757319905598
POS-06145,2023-08-29,Biratnagar-Main,Hospital Rd,Gaming-Console,8,321.85062157518627
POS-06146,2023-09-10,Pokhara-Lakeside,Baidam Street 6,Smart-Hub,3,497.82213315962144
POS-06147,2023-05-29,Biratnagar-Main,Hospital Rd,Solar-Battery,4,2157.4712160975073
POS-06148,2023-11-25,Butwal-Chowk,Traffic Chowk E,Drone-HD,3,330.4059800222952
POS-06149,2023-09-22,Biratnagar-Main,Hospital Rd,VR-Headset,8,2055.9549258818865
POS-06150,2023-11-18,Kathmandu-DurbarMarg,King's Way 101,VR-Headset,2,4554.487409123537
POS-06151,2023-05-27,Kathmandu-DurbarMarg,King's Way 101,Smart-Hub,3,2699.321032275407
POS-06152,2023-05-31,Kathmandu-DurbarMarg,King's Way 101,Gaming-Console,7,2906.544329272084
POS-06153,2023-04-18,Biratnagar-Main,Hospital Rd,Drone-HD,5,3792.8183401891492
POS-06154,2023-02-28,Lalitpur-Patan,Pulchowk Rd,4K-TV,4,2098.404267082494
POS-06155,2023-04-23,Lalitpur-Patan,Pulchowk Rd,Gaming-Console,1,2562.640888416598
POS-06156,2023-04-20,Kathmandu-DurbarMarg,King's Way 101,4K-TV,2,1437.4712036953522
POS-06157,2023-10-17,Biratnagar-Main,Hospital Rd,Solar-Battery,6,1340.1941258200989
POS-06158,2023-10-15,Kathmandu-DurbarMarg,King's Way 101,Smart-Hub,9,4799.163818284293
POS-06159,2023-07-30,Kathmandu-DurbarMarg,King's Way 101,Drone-HD,4,714.7159365209721
POS-06160,2023-08-09,Kathmandu-DurbarMarg,King's Way 101,Smart-Hub,9,3835.4661873273967
POS-06161,2023-11-20,Kathmandu-DurbarMarg,King's Way 101,VR-Headset,9,2421.0307027182507
POS-06162,2023-08-20,Pokhara-Lakeside,Baidam Street 6,4K-TV,2,467.8844719674116
POS-06163,2023-09-14,Pokhara-Lakeside,Baidam Street 6,Solar-Battery,3,4689.327839873253
POS-06164,2023-05-09,Butwal-Chowk,Traffic Chowk E,Gaming-Console,9,3161.0315098775036
POS-06165,2023-02-25,Pokhara-Lakeside,Baidam Street 6,Smart-Hub,3,2611.370652869639
POS-06166,2023-08-11,Lalitpur-Patan,Pulchowk Rd,Smart-Hub,1,566.014909337936
POS-06167,2023-05-24,Butwal-Chowk,Traffic Chowk E,4K-TV,2,3324.467817991912
POS-06168,2023-10-26,Lalitpur-Patan,Pulchowk Rd,VR-Headset,2,4052.5849652410525
POS-06169,2023-03-02,Pokhara-Lakeside,Baidam Street 6,Drone-HD,7,2565.9778135054908
POS-06170,2023-07-22,Kathmandu-DurbarMarg,King's Way 101,Gaming-Console,9,746.7848335130304
POS-06171,2023-01-27,Butwal-Chowk,Traffic Chowk E,Gaming-Console,1,312.25238836128887
POS-06172,2023-09-26,Lalitpur-Patan,Pulchowk Rd,Drone-HD,8,4824.44951756349
POS-06173,2023-11-12,Pokhara-Lakeside,Baidam Street 6,VR-Headset,3,4880.054611940146
POS-06174,2023-07-04,Butwal-Chowk,Traffic Chowk E,4K-TV,2,4981.327376727804
POS-06175,2023-04-04,Lalitpur-Patan,Pulchowk Rd,Smart-Hub,8,2853.7971656512327
POS-06176,2023-12-01,Butwal-Chowk,Traffic Chowk E,Smart-Hub,6,4472.666979218782
POS-06177,2023-07-27,Lalitpur-Patan,Pulchowk Rd,4K-TV,1,2207.1118678855096
POS-06178,2023-09-26,Lalitpur-Patan,Pulchowk Rd,Solar-Battery,2,4229.474089327985
POS-06179,2023-09-25,Kathmandu-DurbarMarg,King's Way 101,Smart-Hub,6,1162.148630567627
POS-06180,2023-08-24,Kathmandu-DurbarMarg,King's Way 101,Solar-Battery,2,2575.4045989384904
POS-06181,2023-07-25,Lalitpur-Patan,Pulchowk Rd,Solar-Battery,1,4672.018051288104
POS-06182,2023-03-30,Kathmandu-DurbarMarg,King's Way 101,Drone-HD,5,1185.698143644125
POS-06183,2023-10-19,Kathmandu-DurbarMarg,King's Way 101,4K-TV,7,3296.471380609071
POS-06184,2023-06-28,Biratnagar-Main,Hospital Rd,4K-TV,2,-44.71567900668481
POS-06185,2023-01-29,Lalitpur-Patan,Pulchowk Rd,Smart-Hub,5,2642.6421873854983
POS-06186,2023-05-01,Lalitpur-Patan,Pulchowk Rd,Solar-Battery,2,390.4409983283094
POS-06187,2023-05-17,Lalitpur-Patan,Pulchowk Rd,Smart-Hub,3,4644.092112909135
POS-06188,2023-05-21,Butwal-Chowk,Traffic Chowk E,Smart-Hub,6,2743.9204363901054
POS-06189,2023-09-22,Lalitpur-Patan,Pulchowk Rd,4K-TV,2,3397.634031993498
POS-06190,2023-08-21,Biratnagar-Main,Hospital Rd,4K-TV,3,4484.193330625484
POS-06191,2023-05-26,Kathmandu-DurbarMarg,King's Way 101,Gaming-Console,4,4618.883360247708
POS-06192,2023-06-12,Pokhara-Lakeside,Baidam Street 6,Solar-Battery,4,3720.336942208951
POS-06193,2023-04-09,Butwal-Chowk,Traffic Chowk E,4K-TV,9,3429.272372500667
POS-06194,2023-10-22,Lalitpur-Patan,Pulchowk Rd,4K-TV,3,3224.98216637955
POS-06195,2023-01-25,Butwal-Chowk,Traffic Chowk E,Gaming-Console,1,2942.322626584046
POS-06196,2023-04-10,Lalitpur-Patan,Pulchowk Rd,Drone-HD,1,1773.085332343257
POS-06197,2023-07-29,Lalitpur-Patan,Pulchowk Rd,Gaming-Console,4,1149.2995504838361
POS-06198,2023-01-31,Lalitpur-Patan,Pulchowk Rd,4K-TV,1,689.3039856952151
POS-06199,2023-11-04,Kathmandu-DurbarMarg,King's Way 101,4K-TV,7,2354.3068283726643
POS-06200,2023-11-06,Butwal-Chowk,Traffic Chowk E,Drone-HD,8,4145.036856215269
POS-06201,2023-07-10,Pokhara-Lakeside,Baidam Street 6,Drone-HD,3,1670.534480011959
POS-06202,2023-11-02,Kathmandu-DurbarMarg,King's Way 101,4K-TV,7,2447.220453003283
POS-06203,2023-04-25,Kathmandu-DurbarMarg,King's Way 101,Solar-Battery,3,1567.3233914765465
POS-06204,2023-11-18,Kathmandu-DurbarMarg,King's Way 101,VR-Headset,7,1199.0211218398683
POS-06205,2023-06-30,Butwal-Chowk,Traffic Chowk E,Solar-Battery,7,36.43404433061053
POS-06206,2023-03-03,Biratnagar-Main,Hospital Rd,4K-TV,5,694.7406209567711
POS-06207,2023-12-11,Lalitpur-Patan,Pulchowk Rd,4K-TV,2,618.4823009719214
POS-06208,2023-10-05,Kathmandu-DurbarMarg,King's Way 101,Smart-Hub,9,2263.1832564051583
POS-06209,2023-09-10,Kathmandu-DurbarMarg,King's Way 101,Solar-Battery,3,2681.4435472808686
POS-06210,2023-06-14,Pokhara-Lakeside,Baidam Street 6,VR-Headset,1,553.2120736568394
POS-06211,2023-04-05,Biratnagar-Main,Hospital Rd,VR-Headset,7,480.83637884358086
POS-06212,2023-07-17,Kathmandu-DurbarMarg,King's Way 101,VR-Headset,3,2114.1605440039457
POS-06213,2023-07-22,Butwal-Chowk,Traffic Chowk E,4K-TV,4,2559.5009647933052
POS-06214,2023-07-02,Kathmandu-DurbarMarg,King's Way 101,Smart-Hub,7,4818.833355723566
POS-06215,2023-09-21,Kathmandu-DurbarMarg,King's Way 101,Drone-HD,6,829.6726045025677
POS-06216,2023-04-29,Kathmandu-DurbarMarg,King's Way 101,Smart-Hub,8,2337.486338080453
POS-06217,2023-02-21,Biratnagar-Main,Hospital Rd,VR-Headset,4,3608.4954013068445
POS-06218,2023-04-02,Lalitpur-Patan,Pulchowk Rd,Drone-HD,6,881.1856966779349
POS-06219,2023-01-18,Kathmandu-DurbarMarg,King's Way 101,Drone-HD,2,4.868071737993645
POS-06220,2023-08-20,Lalitpur-Patan,Pulchowk Rd,Gaming-Console,1,3304.329212073231
POS-06221,2023-09-23,Pokhara-Lakeside,Baidam Street 6,4K-TV,2,1551.3932499900304
POS-06222,2023-04-07,Lalitpur-Patan,Pulchowk Rd,Drone-HD,9,4187.568481680177
POS-06223,2023-02-20,Pokhara-Lakeside,Baidam Street 6,Gaming-Console,6,3942.5327272634104
POS-06224,2023-05-21,Lalitpur-Patan,Pulchowk Rd,4K-TV,5,4995.58904124874
POS-06225,2023-09-07,Pokhara-Lakeside,Baidam Street 6,4K-TV,6,3506.619583491492
POS-06226,2023-02-24,Lalitpur-Patan,Pulchowk Rd,Solar-Battery,7,2831.088223946786
POS-06227,2023-07-03,Kathmandu-DurbarMarg,King's Way 101,Drone-HD,6,610.1226691647857
POS-06228,2023-04-06,Kathmandu-DurbarMarg,King's Way 101,Smart-Hub,6,-21.97462962298141
POS-06229,2023-05-26,Biratnagar-Main,Hospital Rd,Smart-Hub,6,769.7601193807714
POS-06230,2023-03-11,Kathmandu-DurbarMarg,King's Way 101,Gaming-Console,5,1304.400131904106
POS-06231,2023-11-08,Pokhara-Lakeside,Baidam Street 6,Solar-Battery,9,2706.1515300049605
POS-06232,2023-11-19,Butwal-Chowk,Traffic Chowk E,4K-TV,2,2179.2354097789516
POS-06233,2023-11-11,Biratnagar-Main,Hospital Rd,VR-Headset,9,2970.9596293312607
POS-06234,2023-11-30,Pokhara-Lakeside,Baidam Street 6,Smart-Hub,1,1240.1520230043511
POS-06235,2023-12-03,Butwal-Chowk,Traffic Chowk E,Drone-HD,2,2725.8734566002277
POS-06236,2023-09-10,Butwal-Chowk,Traffic Chowk E,Drone-HD,9,4209.056528743448
POS-06237,2023-10-28,Lalitpur-Patan,Pulchowk Rd,Gaming-Console,6,441.63906872310986
POS-06238,2023-07-28,Lalitpur-Patan,Pulchowk Rd,Gaming-Console,3,1399.9116073268538
POS-06239,2023-11-05,Lalitpur-Patan,Pulchowk Rd,Solar-Battery,4,107.32722810927038
POS-06240,2023-11-12,Lalitpur-Patan,Pulchowk Rd,Gaming-Console,3,4296.776856929097
POS-06241,2023-09-18,Biratnagar-Main,Hospital Rd,Solar-Battery,6,4174.299746830452
POS-06242,2023-03-19,Lalitpur-Patan,Pulchowk Rd,Solar-Battery,2,321.34397739587257
POS-06243,2023-04-05,Pokhara-Lakeside,Baidam Street 6,Gaming-Console,8,4670.979704816072
POS-06244,2023-11-24,Lalitpur-Patan,Pulchowk Rd,4K-TV,2,2141.1273649711284
POS-06245,2023-01-07,Lalitpur-Patan,Pulchowk Rd,VR-Headset,4,954.1965223101975
POS-06246,2023-04-01,Kathmandu-DurbarMarg,King's Way 101,Gaming-Console,7,4715.359031696015
POS-06247,2023-08-23,Kathmandu-DurbarMarg,King's Way 101,Smart-Hub,5,3667.029241817896
POS-06248,2023-11-27,Lalitpur-Patan,Pulchowk Rd,Drone-HD,7,1740.8642651176692
POS-06249,2023-06-10,Lalitpur-Patan,Pulchowk Rd,VR-Headset,1,1247.3450943436155
POS-06250,2023-05-18,Pokhara-Lakeside,Baidam Street 6,Smart-Hub,2,3450.689917232481
POS-06251,2023-06-04,Butwal-Chowk,Traffic Chowk E,Solar-Battery,3,-8.54145655616992
POS-06252,2023-05-14,Biratnagar-Main,Hospital Rd,Solar-Battery,7,4675.622679881175
POS-06253,2023-05-29,Kathmandu-DurbarMarg,King's Way 101,Drone-HD,1,3855.9259017664713
POS-06254,2023-09-30,Biratnagar-Main,Hospital Rd,4K-TV,3,509.0791880760919
POS-06255,2023-11-25,Pokhara-Lakeside,Baidam Street 6,Gaming-Console,2,1965.8128825412987
POS-06256,2023-07-13,Pokhara-Lakeside,Baidam Street 6,4K-TV,5,801.7400082090562
POS-06257,2023-01-16,Lalitpur-Patan,Pulchowk Rd,4K-TV,7,1475.8237068621756
POS-06258,2023-05-21,Lalitpur-Patan,Pulchowk Rd,Smart-Hub,9,4591.805831825624
POS-06259,2023-06-06,Biratnagar-Main,Hospital Rd,4K-TV,7,4657.755743981081
POS-06260,2023-09-30,Biratnagar-Main,Hospital Rd,Solar-Battery,1,4428.280501999886
POS-06261,2023-11-25,Biratnagar-Main,Hospital Rd,4K-TV,9,2985.366839456243
POS-06262,2023-04-25,Kathmandu-DurbarMarg,King's Way 101,Gaming-Console,3,4771.356760774362
POS-06263,2023-05-13,Lalitpur-Patan,Pulchowk Rd,Drone-HD,6,1145.4871913302961
POS-06264,2023-07-23,Butwal-Chowk,Traffic Chowk E,VR-Headset,2,2916.0243824357494
POS-06265,2023-01-15,Lalitpur-Patan,Pulchowk Rd,Drone-HD,7,2828.759960771173
POS-06266,2023-07-28,Biratnagar-Main,Hospital Rd,Solar-Battery,1,809.9061927746112
POS-06267,2023-01-08,Pokhara-Lakeside,Baidam Street 6,4K-TV,4,959.0732278476166
POS-06268,2023-06-10,Biratnagar-Main,Hospital Rd,Solar-Battery,9,534.6430530099287
POS-06269,2023-05-26,Biratnagar-Main,Hospital Rd,Solar-Battery,2,4302.540587043003
POS-06270,2023-08-31,Pokhara-Lakeside,Baidam Street 6,Drone-HD,9,270.8415563251507
POS-06271,2023-01-17,Kathmandu-DurbarMarg,King's Way 101,VR-Headset,3,147.83107958056226
POS-06272,2023-10-13,Butwal-Chowk,Traffic Chowk E,Smart-Hub,5,62.36861267065365
POS-06273,2023-10-11,Pokhara-Lakeside,Baidam Street 6,Solar-Battery,4,4729.637048029982
POS-06274,2023-06-15,Kathmandu-DurbarMarg,King's Way 101,Smart-Hub,5,180.34239006399628
POS-06275,2023-03-09,Pokhara-Lakeside,Baidam Street 6,VR-Headset,3,3246.5545460116955
POS-06276,2023-01-18,Lalitpur-Patan,Pulchowk Rd,4K-TV,9,767.1259581499573
POS-06277,2023-04-24,Biratnagar-Main,Hospital Rd,Solar-Battery,9,3872.816811977898
POS-06278,2023-04-24,Biratnagar-Main,Hospital Rd,Solar-Battery,4,393.98258725359705
POS-06279,2023-04-26,Lalitpur-Patan,Pulchowk Rd,4K-TV,1,2302.5168013015946
POS-06280,2023-01-14,Lalitpur-Patan,Pulchowk Rd,Gaming-Console,5,-41.18118531223961
POS-06281,2023-04-27,Lalitpur-Patan,Pulchowk Rd,Gaming-Console,4,2556.3388109651655
POS-06282,2023-02-12,Butwal-Chowk,Traffic Chowk E,Gaming-Console,8,2830.2499814365183
POS-06283,2023-07-21,Kathmandu-DurbarMarg,King's Way 101,Solar-Battery,2,212.80758062661693
POS-06284,2023-09-05,Lalitpur-Patan,Pulchowk Rd,Smart-Hub,1,4890.7932100722255
POS-06285,2023-04-27,Biratnagar-Main,Hospital Rd,Drone-HD,4,1368.7547791039851
POS-06286,2023-06-17,Pokhara-Lakeside,Baidam Street 6,VR-Headset,5,4236.5562861117905
POS-06287,2023-07-24,Kathmandu-DurbarMarg,King's Way 101,Drone-HD,7,4048.7660384145165
POS-06288,2023-04-26,Biratnagar-Main,Hospital Rd,Drone-HD,3,402.5138460627857
POS-06289,2023-11-21,Lalitpur-Patan,Pulchowk Rd,4K-TV,3,1991.9360880637728
POS-06290,2023-01-29,Lalitpur-Patan,Pulchowk Rd,Smart-Hub,9,1429.1898534354032
POS-06291,2023-06-08,Biratnagar-Main,Hospital Rd,4K-TV,7,2253.841684173421
POS-06292,2023-09-17,Lalitpur-Patan,Pulchowk Rd,Solar-Battery,9,4725.503277806029
POS-06293,2023-03-07,Kathmandu-DurbarMarg,King's Way 101,VR-Headset,3,3667.5708647400975
POS-06294,2023-05-10,Lalitpur-Patan,Pulchowk Rd,Drone-HD,3,-44.081302091493555
POS-06295,2023-05-27,Pokhara-Lakeside,Baidam Street 6,VR-Headset,1,3806.9269503339706
POS-06296,2023-07-23,Lalitpur-Patan,Pulchowk Rd,Drone-HD,7,1112.889137545867
POS-06297,2023-09-24,Biratnagar-Main,Hospital Rd,VR-Headset,9,4027.532146360657
POS-06298,2023-06-28,Biratnagar-Main,Hospital Rd,Gaming-Console,6,2338.3203932699166
POS-06299,2023-05-22,Lalitpur-Patan,Pulchowk Rd,4K-TV,5,618.5126520376516
POS-06300,2023-01-12,Biratnagar-Main,Hospital Rd,4K-TV,3,3985.671631693821
POS-06301,2023-01-06,Pokhara-Lakeside,Baidam Street 6,VR-Headset,9,2130.5030229123245
POS-06302,2023-09-25,Lalitpur-Patan,Pulchowk Rd,Solar-Battery,2,1921.560680454701
POS-06303,2023-03-06,Lalitpur-Patan,Pulchowk Rd,VR-Headset,6,1713.4126582951012
POS-06304,2023-12-24,Butwal-Chowk,Traffic Chowk E,VR-Headset,5,2303.2895862250216
POS-06305,2023-02-21,Kathmandu-DurbarMarg,King's Way 101,VR-Headset,1,3010.759754328767
POS-06306,2023-07-16,Kathmandu-DurbarMarg,King's Way 101,4K-TV,1,4427.721007255047
POS-06307,2023-01-29,Pokhara-Lakeside,Baidam Street 6,4K-TV,6,4760.833817528354
POS-06308,2023-01-11,Pokhara-Lakeside,Baidam Street 6,Drone-HD,4,2328.650492604855
POS-06309,2023-02-28,Lalitpur-Patan,Pulchowk Rd,Drone-HD,6,3407.054909160537
POS-06310,2023-10-03,Butwal-Chowk,Traffic Chowk E,Smart-Hub,9,1185.514384611761
POS-06311,2023-04-05,Kathmandu-DurbarMarg,King's Way 101,Smart-Hub,6,4552.85664585531
POS-06312,2023-04-22,Butwal-Chowk,Traffic Chowk E,VR-Headset,3,3630.4169334934018
POS-06313,2023-11-12,Lalitpur-Patan,Pulchowk Rd,VR-Headset,9,3483.948905093525
POS-06314,2023-03-30,Butwal-Chowk,Traffic Chowk E,VR-Headset,3,3743.7327159322112
POS-06315,2023-03-01,Biratnagar-Main,Hospital Rd,VR-Headset,5,1031.0955208228843
POS-06316,2023-07-11,Pokhara-Lakeside,Baidam Street 6,4K-TV,2,1394.7132645709298
POS-06317,2023-09-02,Pokhara-Lakeside,Baidam Street 6,4K-TV,6,1744.0081931909936
POS-06318,2023-08-13,Lalitpur-Patan,Pulchowk Rd,Smart-Hub,1,3571.487321437512
POS-06319,2023-07-15,Kathmandu-DurbarMarg,King's Way 101,Smart-Hub,1,2810.3864786466447
POS-06320,2023-11-08,Pokhara-Lakeside,Baidam Street 6,Gaming-Console,1,2267.044733450953
POS-06321,2023-09-30,Kathmandu-DurbarMarg,King's Way 101,Smart-Hub,2,2681.8412456538504
POS-06322,2023-04-05,Lalitpur-Patan,Pulchowk Rd,Smart-Hub,4,1574.3910704951547
POS-06323,2023-05-14,Biratnagar-Main,Hospital Rd,Gaming-Console,3,4483.39306222988
POS-06324,2023-11-21,Kathmandu-DurbarMarg,King's Way 101,Solar-Battery,5,3550.73882159044
POS-06325,2023-08-26,Kathmandu-DurbarMarg,King's Way 101,Smart-Hub,5,533.9782004572827
POS-06326,2023-01-06,Lalitpur-Patan,Pulchowk Rd,Drone-HD,3,3158.611523476383
POS-06327,2023-06-13,Biratnagar-Main,Hospital Rd,Smart-Hub,1,3265.8561678649553
POS-06328,2023-06-10,Kathmandu-DurbarMarg,King's Way 101,4K-TV,5,4702.034307404087
POS-06329,2023-11-10,Biratnagar-Main,Hospital Rd,Gaming-Console,1,371.4261240830218
POS-06330,2023-03-23,Pokhara-Lakeside,Baidam Street 6,Solar-Battery,2,50.607851284769566
POS-06331,2023-11-06,Butwal-Chowk,Traffic Chowk E,4K-TV,1,891.3270008588286
POS-06332,2023-08-25,Butwal-Chowk,Traffic Chowk E,VR-Headset,9,2450.5497663018587
POS-06333,2023-07-17,Kathmandu-DurbarMarg,King's Way 101,Smart-Hub,9,2364.845926567599
POS-06334,2023-04-29,Kathmandu-DurbarMarg,King's Way 101,VR-Headset,9,1180.9958359805864
POS-06335,2023-08-24,Butwal-Chowk,Traffic Chowk E,VR-Headset,3,1775.6465701119525
POS-06336,2023-11-20,Pokhara-Lakeside,Baidam Street 6,Smart-Hub,4,1432.870615278881
POS-06337,2023-06-28,Biratnagar-Main,Hospital Rd,VR-Headset,6,3676.220106515542
POS-06338,2023-03-28,Lalitpur-Patan,Pulchowk Rd,Solar-Battery,9,934.407998307129
POS-06339,2023-05-07,Pokhara-Lakeside,Baidam Street 6,Drone-HD,8,23.601805317412342
POS-06340,2023-11-20,Butwal-Chowk,Traffic Chowk E,Drone-HD,2,4435.997946181369
POS-06341,2023-06-07,Lalitpur-Patan,Pulchowk Rd,Drone-HD,2,1115.5977806624094
POS-06342,2023-10-16,Biratnagar-Main,Hospital Rd,4K-TV,6,3090.2321519109414
POS-06343,2023-05-14,Kathmandu-DurbarMarg,King's Way 101,4K-TV,4,3021.332185094484
POS-06344,2023-08-10,Biratnagar-Main,Hospital Rd,Solar-Battery,3,3445.526532252066
POS-06345,2023-03-30,Pokhara-Lakeside,Baidam Street 6,Solar-Battery,3,3338.986988775932
POS-06346,2023-02-27,Kathmandu-DurbarMarg,King's Way 101,VR-Headset,3,3263.1556468081694
POS-06347,2023-06-27,Butwal-Chowk,Traffic Chowk E,Drone-HD,3,896.95686085505
POS-06348,2023-07-09,Biratnagar-Main,Hospital Rd,Smart-Hub,4,4669.001911707433
POS-06349,2023-06-11,Butwal-Chowk,Traffic Chowk E,4K-TV,7,880.180626069227
POS-06350,2023-08-15,Kathmandu-DurbarMarg,King's Way 101,4K-TV,3,696.092147192672
POS-06351,2023-07-27,Butwal-Chowk,Traffic Chowk E,Drone-HD,8,3845.5176237121204
POS-06352,2023-01-01,Butwal-Chowk,Traffic Chowk E,Drone-HD,1,3774.555749211765
POS-06353,2023-06-19,Kathmandu-DurbarMarg,King's Way 101,Solar-Battery,2,3268.227380587172
POS-06354,2023-08-13,Kathmandu-DurbarMarg,King's Way 101,Gaming-Console,3,3500.1223704379504
POS-06355,2023-08-30,Lalitpur-Patan,Pulchowk Rd,4K-TV,4,4572.085407289953
POS-06356,2023-02-05,Biratnagar-Main,Hospital Rd,4K-TV,7,342.3291683349007
POS-06357,2023-06-22,Pokhara-Lakeside,Baidam Street 6,4K-TV,4,-23.754059385164183
POS-06358,2023-08-01,Pokhara-Lakeside,Baidam Street 6,Solar-Battery,3,3163.352170324567
POS-06359,2023-09-26,Biratnagar-Main,Hospital Rd,Drone-HD,5,1433.2526912663143
POS-06360,2023-09-22,Butwal-Chowk,Traffic Chowk E,4K-TV,3,1814.9342788130914
POS-06361,2023-01-07,Kathmandu-DurbarMarg,King's Way 101,VR-Headset,5,575.7755893213451
POS-06362,2023-03-10,Pokhara-Lakeside,Baidam Street 6,4K-TV,7,317.7937378354562
POS-06363,2023-04-02,Pokhara-Lakeside,Baidam Street 6,4K-TV,5,1711.4857844789417
POS-06364,2023-08-06,Butwal-Chowk,Traffic Chowk E,4K-TV,1,3532.347154728611
POS-06365,2023-04-16,Kathmandu-DurbarMarg,King's Way 101,Gaming-Console,3,4223.003021057945
POS-06366,2023-02-22,Pokhara-Lakeside,Baidam Street 6,Drone-HD,2,428.0091847316837
POS-06367,2023-09-20,Biratnagar-Main,Hospital Rd,Smart-Hub,3,3893.372871618058
POS-06368,2023-12-12,Biratnagar-Main,Hospital Rd,Solar-Battery,4,1693.7598437934587
POS-06369,2023-02-09,Kathmandu-DurbarMarg,King's Way 101,Solar-Battery,8,689.2464354448724
POS-06370,2023-01-03,Butwal-Chowk,Traffic Chowk E,4K-TV,2,1683.0291299765322
POS-06371,2023-01-24,Kathmandu-DurbarMarg,King's Way 101,Smart-Hub,5,3190.3702217473947
POS-06372,2023-06-26,Pokhara-Lakeside,Baidam Street 6,Solar-Battery,7,3888.9999733432564
POS-06373,2023-01-31,Pokhara-Lakeside,Baidam Street 6,Solar-Battery,5,2915.488013810274
POS-06374,2023-08-29,Kathmandu-DurbarMarg,King's Way 101,Drone-HD,4,4646.070085762332
POS-06375,2023-05-25,Kathmandu-DurbarMarg,King's Way 101,4K-TV,6,3677.632064669672
POS-06376,2023-06-18,Butwal-Chowk,Traffic Chowk E,Drone-HD,9,2125.24009131387
POS-06377,2023-05-31,Butwal-Chowk,Traffic Chowk E,Drone-HD,3,2117.9761706294266
POS-06378,2023-12-01,Kathmandu-DurbarMarg,King's Way 101,VR-Headset,8,2447.862762606318
POS-06379,2023-08-20,Biratnagar-Main,Hospital Rd,Drone-HD,9,4481.489958278312
POS-06380,2023-02-11,Lalitpur-Patan,Pulchowk Rd,Drone-HD,9,3747.399052428999
POS-06381,2023-05-22,Biratnagar-Main,Hospital Rd,Smart-Hub,4,2294.29982027313
POS-06382,2023-05-02,Kathmandu-DurbarMarg,King's Way 101,VR-Headset,3,3876.8130865015123
POS-06383,2023-04-07,Biratnagar-Main,Hospital Rd,Drone-HD,4,3550.576603900595
POS-06384,2023-05-08,Lalitpur-Patan,Pulchowk Rd,Drone-HD,2,64.28399876007717
POS-06385,2023-06-08,Kathmandu-DurbarMarg,King's Way 101,Gaming-Console,1,4851.614564945854
POS-06386,2023-06-24,Kathmandu-DurbarMarg,King's Way 101,Gaming-Console,6,1521.5677579673259
POS-06387,2023-09-22,Butwal-Chowk,Traffic Chowk E,VR-Headset,6,3769.4769391241584
POS-06388,2023-08-14,Butwal-Chowk,Traffic Chowk E,Smart-Hub,7,1273.8512812924107
POS-06389,2023-02-28,Kathmandu-DurbarMarg,King's Way 101,Smart-Hub,3,623.165746227659
POS-06390,2023-02-22,Butwal-Chowk,Traffic Chowk E,Gaming-Console,1,479.62579109585647
POS-06391,2023-01-27,Biratnagar-Main,Hospital Rd,4K-TV,4,36.53308285794347
POS-06392,2023-11-26,Pokhara-Lakeside,Baidam Street 6,Gaming-Console,6,4300.550175141737
POS-06393,2023-05-19,Pokhara-Lakeside,Baidam Street 6,Gaming-Console,7,3490.343465805965
POS-06394,2023-12-24,Lalitpur-Patan,Pulchowk Rd,Solar-Battery,1,444.70162029037647
POS-06395,2023-11-22,Lalitpur-Patan,Pulchowk Rd,Smart-Hub,9,4082.0170409074544
POS-06396,2023-10-01,Lalitpur-Patan,Pulchowk Rd,4K-TV,6,1611.7227744871996
POS-06397,2023-02-08,Lalitpur-Patan,Pulchowk Rd,Smart-Hub,6,3470.9672910901136
POS-06398,2023-01-13,Pokhara-Lakeside,Baidam Street 6,VR-Headset,7,1402.2488521726698
POS-06399,2023-08-09,Butwal-Chowk,Traffic Chowk E,4K-TV,4,1387.558619774498
POS-06400,2023-07-01,Biratnagar-Main,Hospital Rd,Gaming-Console,1,4616.342981370479
POS-06401,2023-10-18,Pokhara-Lakeside,Baidam Street 6,Smart-Hub,5,2376.023265315001
POS-06402,2023-05-19,Butwal-Chowk,Traffic Chowk E,VR-Headset,9,3367.662717429067
POS-06403,2023-03-13,Biratnagar-Main,Hospital Rd,Drone-HD,7,1136.0056510610157
POS-06404,2023-02-09,Kathmandu-DurbarMarg,King's Way 101,4K-TV,4,2156.353931184256
POS-06405,2023-08-18,Kathmandu-DurbarMarg,King's Way 101,Solar-Battery,7,1648.475511414543
POS-06406,2023-11-06,Butwal-Chowk,Traffic Chowk E,Smart-Hub,4,2655.910013552721
POS-06407,2023-08-08,Butwal-Chowk,Traffic Chowk E,4K-TV,5,4596.307965041206
POS-06408,2023-12-24,Butwal-Chowk,Traffic Chowk E,Solar-Battery,9,3005.871006801675
POS-06409,2023-10-03,Butwal-Chowk,Traffic Chowk E,Drone-HD,4,4656.773685103642
POS-06410,2023-01-18,Kathmandu-DurbarMarg,King's Way 101,Solar-Battery,5,2572.670638203824
POS-06411,2023-08-22,Pokhara-Lakeside,Baidam Street 6,Gaming-Console,2,2693.495953976555
POS-06412,2023-03-07,Biratnagar-Main,Hospital Rd,Drone-HD,4,4106.921304542542
POS-06413,2023-12-06,Pokhara-Lakeside,Baidam Street 6,Gaming-Console,5,1829.4897664398022
POS-06414,2023-04-11,Pokhara-Lakeside,Baidam Street 6,Gaming-Console,1,934.0034633394057
POS-06415,2023-12-07,Pokhara-Lakeside,Baidam Street 6,Gaming-Console,6,1445.6119526241876
POS-06416,2023-07-13,Lalitpur-Patan,Pulchowk Rd,4K-TV,2,-54.02893015092144
POS-06417,2023-11-10,Pokhara-Lakeside,Baidam Street 6,Smart-Hub,7,1113.3343477370508
POS-06418,2023-02-20,Pokhara-Lakeside,Baidam Street 6,4K-TV,9,4235.074782791745
POS-06419,2023-07-27,Lalitpur-Patan,Pulchowk Rd,Smart-Hub,8,2080.2049811481133
POS-06420,2023-11-25,Butwal-Chowk,Traffic Chowk E,Smart-Hub,3,2402.9843583896213
POS-06421,2023-10-19,Biratnagar-Main,Hospital Rd,Smart-Hub,5,2567.1966578496813
POS-06422,2023-11-14,Pokhara-Lakeside,Baidam Street 6,Solar-Battery,1,3339.140425823483
POS-06423,2023-12-22,Lalitpur-Patan,Pulchowk Rd,Gaming-Console,4,2543.5689529675797
POS-06424,2023-04-26,Kathmandu-DurbarMarg,King's Way 101,Drone-HD,2,62.70899041227534
POS-06425,2023-04-05,Kathmandu-DurbarMarg,King's Way 101,Gaming-Console,2,4837.588380432775
POS-06426,2023-10-18,Butwal-Chowk,Traffic Chowk E,Smart-Hub,2,1952.360352550073
POS-06427,2023-10-10,Pokhara-Lakeside,Baidam Street 6,Solar-Battery,4,4031.4825966316857
POS-06428,2023-01-17,Butwal-Chowk,Traffic Chowk E,Solar-Battery,7,1203.0181941134563
POS-06429,2023-11-22,Kathmandu-DurbarMarg,King's Way 101,Drone-HD,9,980.9981596779435
POS-06430,2023-05-13,Butwal-Chowk,Traffic Chowk E,Solar-Battery,9,3360.0462108891834
POS-06431,2023-07-30,Pokhara-Lakeside,Baidam Street 6,Gaming-Console,4,2683.0788051605023
POS-06432,2023-07-17,Lalitpur-Patan,Pulchowk Rd,Gaming-Console,2,3762.3117566128453
POS-06433,2023-02-15,Kathmandu-DurbarMarg,King's Way 101,Drone-HD,8,895.8305919661832
POS-06434,2023-09-25,Butwal-Chowk,Traffic Chowk E,Drone-HD,4,3410.551093133124
POS-06435,2023-09-21,Butwal-Chowk,Traffic Chowk E,VR-Headset,1,551.9112885391891
POS-06436,2023-05-14,Butwal-Chowk,Traffic Chowk E,VR-Headset,1,4586.173012505869
POS-06437,2023-11-24,Biratnagar-Main,Hospital Rd,Solar-Battery,1,2554.185174800623
POS-06438,2023-09-12,Lalitpur-Patan,Pulchowk Rd,Gaming-Console,4,1226.208826154629
POS-06439,2023-10-16,Biratnagar-Main,Hospital Rd,Drone-HD,9,3187.6906795410664
POS-06440,2023-12-07,Lalitpur-Patan,Pulchowk Rd,4K-TV,1,206.24674398594948
POS-06441,2023-06-29,Biratnagar-Main,Hospital Rd,Gaming-Console,9,2091.789438404207
POS-06442,2023-05-11,Lalitpur-Patan,Pulchowk Rd,Drone-HD,1,2171.1738444467487
POS-06443,2023-04-06,Lalitpur-Patan,Pulchowk Rd,Gaming-Console,7,3617.2679119512977
POS-06444,2023-08-07,Butwal-Chowk,Traffic Chowk E,Drone-HD,8,1393.9951738163004
POS-06445,2023-04-17,Pokhara-Lakeside,Baidam Street 6,Smart-Hub,9,1616.5170904481865
POS-06446,2023-02-01,Lalitpur-Patan,Pulchowk Rd,VR-Headset,2,1749.7044556861347
POS-06447,2023-03-23,Butwal-Chowk,Traffic Chowk E,Gaming-Console,7,1292.1204782719853
POS-06448,2023-06-04,Kathmandu-DurbarMarg,King's Way 101,4K-TV,3,3918.9646675059125
POS-06449,2023-02-10,Biratnagar-Main,Hospital Rd,Drone-HD,6,2409.3323801954316
POS-06450,2023-10-14,Lalitpur-Patan,Pulchowk Rd,Smart-Hub,6,3751.146461377926
POS-06451,2023-11-01,Butwal-Chowk,Traffic Chowk E,Smart-Hub,3,4431.5129573955355
POS-06452,2023-03-19,Lalitpur-Patan,Pulchowk Rd,Drone-HD,2,2023.625959270954
POS-06453,2023-08-27,Lalitpur-Patan,Pulchowk Rd,VR-Headset,5,3971.1996095791696
POS-06454,2023-01-16,Biratnagar-Main,Hospital Rd,Solar-Battery,8,1572.038289480891
POS-06455,2023-05-22,Butwal-Chowk,Traffic Chowk E,Gaming-Console,2,3572.244159470637
POS-06456,2023-05-17,Kathmandu-DurbarMarg,King's Way 101,Solar-Battery,4,3440.622820670063
POS-06457,2023-03-25,Biratnagar-Main,Hospital Rd,4K-TV,3,3195.665485800938
POS-06458,2023-10-19,Butwal-Chowk,Traffic Chowk E,Smart-Hub,5,2355.9458929797916
POS-06459,2023-07-25,Lalitpur-Patan,Pulchowk Rd,Smart-Hub,4,1677.9453628294668
POS-06460,2023-12-12,Pokhara-Lakeside,Baidam Street 6,Gaming-Console,4,2674.009336090158
POS-06461,2023-10-07,Lalitpur-Patan,Pulchowk Rd,Solar-Battery,8,1398.2346140265558
POS-06462,2023-08-12,Pokhara-Lakeside,Baidam Street 6,Solar-Battery,1,1943.2071249289063
POS-06463,2023-08-02,Pokhara-Lakeside,Baidam Street 6,VR-Headset,7,4797.486877962226
POS-06464,2023-05-26,Biratnagar-Main,Hospital Rd,Solar-Battery,5,1934.9127602842498
POS-06465,2023-08-14,Lalitpur-Patan,Pulchowk Rd,VR-Headset,7,4395.922610744441
POS-06466,2023-07-27,Pokhara-Lakeside,Baidam Street 6,Drone-HD,7,2982.124976214914
POS-06467,2023-01-20,Kathmandu-DurbarMarg,King's Way 101,4K-TV,9,4566.584282452229
POS-06468,2023-05-27,Lalitpur-Patan,Pulchowk Rd,Gaming-Console,3,2415.053247877462
POS-06469,2023-07-26,Biratnagar-Main,Hospital Rd,Drone-HD,4,460.85835354115886
POS-06470,2023-09-11,Biratnagar-Main,Hospital Rd,VR-Headset,4,297.0585698846169
POS-06471,2023-01-25,Pokhara-Lakeside,Baidam Street 6,Smart-Hub,3,459.32388256406443
POS-06472,2023-07-21,Lalitpur-Patan,Pulchowk Rd,Gaming-Console,4,3400.1229336748975
POS-06473,2023-10-10,Biratnagar-Main,Hospital Rd,4K-TV,4,1350.2791872531081
POS-06474,2023-10-16,Kathmandu-DurbarMarg,King's Way 101,Solar-Battery,3,742.5210590066035
POS-06475,2023-06-07,Butwal-Chowk,Traffic Chowk E,Smart-Hub,8,3509.0370180602795
POS-06476,2023-05-24,Lalitpur-Patan,Pulchowk Rd,4K-TV,5,2471.20856922603
POS-06477,2023-08-15,Kathmandu-DurbarMarg,King's Way 101,Gaming-Console,6,1659.923808665528
POS-06478,2023-02-07,Kathmandu-DurbarMarg,King's Way 101,Smart-Hub,2,1682.1598607056562
POS-06479,2023-06-29,Biratnagar-Main,Hospital Rd,4K-TV,9,4602.418019237389
POS-06480,2023-09-04,Kathmandu-DurbarMarg,King's Way 101,Gaming-Console,4,1366.354348584051
POS-06481,2023-07-29,Lalitpur-Patan,Pulchowk Rd,Smart-Hub,9,1508.2644581893012
POS-06482,2023-09-05,Butwal-Chowk,Traffic Chowk E,Gaming-Console,3,1993.4157258004088
POS-06483,2023-06-02,Lalitpur-Patan,Pulchowk Rd,Solar-Battery,5,3522.5664073525277
POS-06484,2023-04-12,Kathmandu-DurbarMarg,King's Way 101,Solar-Battery,3,1789.6304875405422
POS-06485,2023-09-26,Butwal-Chowk,Traffic Chowk E,4K-TV,1,288.7875800611673
POS-06486,2023-08-13,Kathmandu-DurbarMarg,King's Way 101,Solar-Battery,3,3330.2535039002823
POS-06487,2023-12-25,Kathmandu-DurbarMarg,King's Way 101,Smart-Hub,3,1071.9714428541815
POS-06488,2023-06-11,Kathmandu-DurbarMarg,King's Way 101,Smart-Hub,5,614.3560639542274
POS-06489,2023-08-18,Butwal-Chowk,Traffic Chowk E,Drone-HD,8,2057.635049747967
POS-06490,2023-01-16,Lalitpur-Patan,Pulchowk Rd,Gaming-Console,1,3289.038360847867
POS-06491,2023-09-22,Pokhara-Lakeside,Baidam Street 6,4K-TV,2,658.0030925786521
POS-06492,2023-12-17,Kathmandu-DurbarMarg,King's Way 101,Drone-HD,2,1278.5682033369776
POS-06493,2023-04-27,Pokhara-Lakeside,Baidam Street 6,Drone-HD,7,1204.5266085536805
POS-06494,2023-10-06,Pokhara-Lakeside,Baidam Street 6,Drone-HD,3,4590.136099436489
POS-06495,2023-01-09,Biratnagar-Main,Hospital Rd,Smart-Hub,3,-6.551299088367841
POS-06496,2023-03-03,Biratnagar-Main,Hospital Rd,Smart-Hub,7,631.0196886232804
POS-06497,2023-01-15,Pokhara-Lakeside,Baidam Street 6,Solar-Battery,5,4732.575263379535
POS-06498,2023-10-04,Pokhara-Lakeside,Baidam Street 6,Drone-HD,8,2719.9913940931606
POS-06499,2023-03-30,Lalitpur-Patan,Pulchowk Rd,4K-TV,3,835.6390422781316
POS-06500,2023-06-23,Pokhara-Lakeside,Baidam Street 6,4K-TV,2,-16.76223271858376
POS-06501,2023-09-04,Butwal-Chowk,Traffic Chowk E,Drone-HD,2,1713.3570696105648
POS-06502,2023-02-06,Butwal-Chowk,Traffic Chowk E,Gaming-Console,7,2338.232497654447
POS-06503,2023-05-02,Lalitpur-Patan,Pulchowk Rd,Drone-HD,5,1272.597438512284
POS-06504,2023-05-05,Pokhara-Lakeside,Baidam Street 6,Gaming-Console,8,1473.5303612859927
POS-06505,2023-05-22,Lalitpur-Patan,Pulchowk Rd,Gaming-Console,1,2335.404499622834
POS-06506,2023-08-23,Kathmandu-DurbarMarg,King's Way 101,4K-TV,1,3874.0270427499404
POS-06507,2023-02-20,Butwal-Chowk,Traffic Chowk E,VR-Headset,5,1237.1624855408977
POS-06508,2023-08-25,Lalitpur-Patan,Pulchowk Rd,Gaming-Console,1,2642.837152576513
POS-06509,2023-01-03,Butwal-Chowk,Traffic Chowk E,Smart-Hub,4,124.13426738259281
POS-06510,2023-01-15,Lalitpur-Patan,Pulchowk Rd,Solar-Battery,7,2458.705854124422
POS-06511,2023-04-11,Biratnagar-Main,Hospital Rd,4K-TV,9,820.5983073792883
POS-06512,2023-02-26,Pokhara-Lakeside,Baidam Street 6,VR-Headset,3,407.9715992015924
POS-06513,2023-08-25,Kathmandu-DurbarMarg,King's Way 101,4K-TV,3,1223.1681369742837
POS-06514,2023-05-03,Butwal-Chowk,Traffic Chowk E,Gaming-Console,5,3105.4666793613997
POS-06515,2023-07-27,Kathmandu-DurbarMarg,King's Way 101,Solar-Battery,1,3270.6945531585607
POS-06516,2023-10-11,Pokhara-Lakeside,Baidam Street 6,Smart-Hub,8,33.534196742429515
POS-06517,2023-05-11,Kathmandu-DurbarMarg,King's Way 101,VR-Headset,3,1923.3392176271511
POS-06518,2023-10-28,Biratnagar-Main,Hospital Rd,Smart-Hub,8,2982.982045380885
POS-06519,2023-03-22,Lalitpur-Patan,Pulchowk Rd,Drone-HD,3,2001.0559528678332
POS-06520,2023-08-26,Lalitpur-Patan,Pulchowk Rd,4K-TV,7,1553.1664581551154
POS-06521,2023-04-23,Lalitpur-Patan,Pulchowk Rd,4K-TV,9,2125.9120302723973
POS-06522,2023-02-08,Lalitpur-Patan,Pulchowk Rd,Solar-Battery,7,3055.9576395850067
POS-06523,2023-06-10,Pokhara-Lakeside,Baidam Street 6,4K-TV,5,986.9521028666793
POS-06524,2023-08-04,Lalitpur-Patan,Pulchowk Rd,Gaming-Console,5,4757.073372666114
POS-06525,2023-11-22,Butwal-Chowk,Traffic Chowk E,Solar-Battery,4,948.0968505674921
POS-06526,2023-02-05,Butwal-Chowk,Traffic Chowk E,Smart-Hub,8,1304.6858581887118
POS-06527,2023-06-15,Kathmandu-DurbarMarg,King's Way 101,4K-TV,5,219.5747535114749
POS-06528,2023-07-25,Butwal-Chowk,Traffic Chowk E,Gaming-Console,2,4378.694920849179
POS-06529,2023-07-21,Biratnagar-Main,Hospital Rd,4K-TV,9,3344.750148738727
POS-06530,2023-09-28,Pokhara-Lakeside,Baidam Street 6,Gaming-Console,6,3272.8376432835603
POS-06531,2023-06-04,Kathmandu-DurbarMarg,King's Way 101,Drone-HD,8,1595.8225837563966
POS-06532,2023-04-24,Lalitpur-Patan,Pulchowk Rd,4K-TV,6,635.8448424923449
POS-06533,2023-07-18,Kathmandu-DurbarMarg,King's Way 101,4K-TV,7,2275.5008785485165
POS-06534,2023-04-15,Biratnagar-Main,Hospital Rd,Gaming-Console,4,1000.4579596093722
POS-06535,2023-03-20,Butwal-Chowk,Traffic Chowk E,Gaming-Console,6,3038.043174042925
POS-06536,2023-07-08,Butwal-Chowk,Traffic Chowk E,Gaming-Console,3,-98.01135549586857
POS-06537,2023-06-21,Biratnagar-Main,Hospital Rd,4K-TV,5,1268.216757464393
POS-06538,2023-07-11,Butwal-Chowk,Traffic Chowk E,Drone-HD,2,1009.1005886934681
POS-06539,2023-01-16,Lalitpur-Patan,Pulchowk Rd,Smart-Hub,6,95.75719429638451
POS-06540,2023-03-05,Biratnagar-Main,Hospital Rd,Solar-Battery,6,2447.2147095344417
POS-06541,2023-07-06,Pokhara-Lakeside,Baidam Street 6,4K-TV,3,705.7561154221007
POS-06542,2023-10-20,Biratnagar-Main,Hospital Rd,Solar-Battery,2,1064.7840167475915
POS-06543,2023-07-05,Pokhara-Lakeside,Baidam Street 6,Gaming-Console,6,4315.988957894975
POS-06544,2023-04-04,Butwal-Chowk,Traffic Chowk E,Solar-Battery,7,3343.4675666088356
POS-06545,2023-02-16,Lalitpur-Patan,Pulchowk Rd,Solar-Battery,9,3835.560932129104
POS-06546,2023-08-04,Kathmandu-DurbarMarg,King's Way 101,VR-Headset,4,4650.573268599707
POS-06547,2023-08-25,Butwal-Chowk,Traffic Chowk E,4K-TV,5,990.657736602928
POS-06548,2023-09-13,Lalitpur-Patan,Pulchowk Rd,Gaming-Console,2,642.975275969581
POS-06549,2023-07-14,Butwal-Chowk,Traffic Chowk E,Smart-Hub,1,2276.794171631845
POS-06550,2023-12-22,Lalitpur-Patan,Pulchowk Rd,Smart-Hub,1,1956.6048094823213
POS-06551,2023-03-13,Butwal-Chowk,Traffic Chowk E,4K-TV,9,1212.9013864244528
POS-06552,2023-04-01,Butwal-Chowk,Traffic Chowk E,Drone-HD,6,417.00824396150244
POS-06553,2023-07-30,Lalitpur-Patan,Pulchowk Rd,Smart-Hub,5,1116.2610370078312
POS-06554,2023-09-17,Lalitpur-Patan,Pulchowk Rd,Drone-HD,1,938.046153505471
POS-06555,2023-06-06,Kathmandu-DurbarMarg,King's Way 101,Drone-HD,8,3321.590770104508
POS-06556,2023-11-15,Pokhara-Lakeside,Baidam Street 6,Drone-HD,5,3712.851971981194
POS-06557,2023-06-29,Butwal-Chowk,Traffic Chowk E,Gaming-Console,7,3089.677633236605
POS-06558,2023-06-09,Kathmandu-DurbarMarg,King's Way 101,4K-TV,6,2526.0663654771106
POS-06559,2023-09-05,Butwal-Chowk,Traffic Chowk E,Gaming-Console,5,2338.1338181967612
POS-06560,2023-02-06,Lalitpur-Patan,Pulchowk Rd,Solar-Battery,6,265.45518602850296
POS-06561,2023-08-18,Butwal-Chowk,Traffic Chowk E,Drone-HD,5,3156.25738721734
POS-06562,2023-02-27,Kathmandu-DurbarMarg,King's Way 101,Solar-Battery,6,2129.2045556405733
POS-06563,2023-07-25,Butwal-Chowk,Traffic Chowk E,Solar-Battery,4,1504.7758688539525
POS-06564,2023-06-05,Butwal-Chowk,Traffic Chowk E,Gaming-Console,3,2684.8024820887044
POS-06565,2023-01-15,Pokhara-Lakeside,Baidam Street 6,Gaming-Console,1,1624.6460104369196
POS-06566,2023-02-06,Pokhara-Lakeside,Baidam Street 6,VR-Headset,6,3673.221404094661
POS-06567,2023-06-28,Lalitpur-Patan,Pulchowk Rd,VR-Headset,7,4461.334448864198
POS-06568,2023-08-23,Biratnagar-Main,Hospital Rd,Drone-HD,4,3651.30781654995
POS-06569,2023-01-02,Biratnagar-Main,Hospital Rd,Smart-Hub,4,3119.995621327516
POS-06570,2023-07-31,Kathmandu-DurbarMarg,King's Way 101,Drone-HD,8,4897.87273938655
POS-06571,2023-03-31,Lalitpur-Patan,Pulchowk Rd,Smart-Hub,3,968.0322117477283
POS-06572,2023-10-14,Pokhara-Lakeside,Baidam Street 6,VR-Headset,1,749.2174121399801
POS-06573,2023-04-27,Lalitpur-Patan,Pulchowk Rd,Solar-Battery,7,4949.7456332422
POS-06574,2023-05-31,Butwal-Chowk,Traffic Chowk E,Gaming-Console,6,61.78026162559175
POS-06575,2023-11-16,Biratnagar-Main,Hospital Rd,Gaming-Console,5,330.28177156849097
POS-06576,2023-10-22,Pokhara-Lakeside,Baidam Street 6,4K-TV,3,1661.6496390761024
POS-06577,2023-05-03,Biratnagar-Main,Hospital Rd,Drone-HD,7,2896.113221541435
POS-06578,2023-11-18,Pokhara-Lakeside,Baidam Street 6,4K-TV,4,3435.6720730572497
POS-06579,2023-03-11,Lalitpur-Patan,Pulchowk Rd,Solar-Battery,8,4007.8971892192503
POS-06580,2023-08-26,Lalitpur-Patan,Pulchowk Rd,Solar-Battery,9,831.8170951978863
POS-06581,2023-05-06,Lalitpur-Patan,Pulchowk Rd,Drone-HD,2,1698.110094807018
POS-06582,2023-04-24,Pokhara-Lakeside,Baidam Street 6,VR-Headset,3,4855.741172335267
POS-06583,2023-04-13,Pokhara-Lakeside,Baidam Street 6,VR-Headset,7,69.89905574774144
POS-06584,2023-06-19,Biratnagar-Main,Hospital Rd,VR-Headset,7,3494.438195455288
POS-06585,2023-08-04,Pokhara-Lakeside,Baidam Street 6,Smart-Hub,3,702.2235797806703
POS-06586,2023-01-22,Pokhara-Lakeside,Baidam Street 6,Solar-Battery,4,3039.005163767597
POS-06587,2023-10-19,Kathmandu-DurbarMarg,King's Way 101,4K-TV,5,2431.5729582398762
POS-06588,2023-08-31,Biratnagar-Main,Hospital Rd,Gaming-Console,4,1848.2986711809517
POS-06589,2023-02-25,Lalitpur-Patan,Pulchowk Rd,Gaming-Console,2,4970.645364743479
POS-06590,2023-10-30,Kathmandu-DurbarMarg,King's Way 101,Smart-Hub,1,343.24349939793024
POS-06591,2023-08-24,Lalitpur-Patan,Pulchowk Rd,VR-Headset,6,2190.362753301781
POS-06592,2023-11-06,Pokhara-Lakeside,Baidam Street 6,Drone-HD,5,-99.21075062890249
POS-06593,2023-05-03,Biratnagar-Main,Hospital Rd,Gaming-Console,4,3846.0562466311626
POS-06594,2023-07-21,Lalitpur-Patan,Pulchowk Rd,Drone-HD,6,2599.637661993208
POS-06595,2023-03-25,Pokhara-Lakeside,Baidam Street 6,Smart-Hub,4,236.2743719274393
POS-06596,2023-02-19,Kathmandu-DurbarMarg,King's Way 101,Solar-Battery,2,492.3082848057802
POS-06597,2023-01-30,Butwal-Chowk,Traffic Chowk E,Smart-Hub,5,2665.637147088705
POS-06598,2023-08-05,Butwal-Chowk,Traffic Chowk E,Smart-Hub,2,4407.635932199389
POS-06599,2023-10-22,Lalitpur-Patan,Pulchowk Rd,VR-Headset,2,4480.999613730094
POS-06600,2023-11-18,Lalitpur-Patan,Pulchowk Rd,Smart-Hub,8,2036.0950191287861
POS-06601,2023-09-14,Biratnagar-Main,Hospital Rd,Gaming-Console,9,2674.173382473647
POS-06602,2023-07-19,Biratnagar-Main,Hospital Rd,Gaming-Console,6,1768.6381243260232
POS-06603,2023-01-06,Kathmandu-DurbarMarg,King's Way 101,VR-Headset,5,2525.980963984501
POS-06604,2023-11-15,Lalitpur-Patan,Pulchowk Rd,Drone-HD,3,989.4662310369249
POS-06605,2023-10-13,Kathmandu-DurbarMarg,King's Way 101,Smart-Hub,6,942.2782347044558
POS-06606,2023-02-03,Lalitpur-Patan,Pulchowk Rd,Drone-HD,5,2133.5956895313507
POS-06607,2023-12-08,Butwal-Chowk,Traffic Chowk E,Smart-Hub,1,3664.5405681605503
POS-06608,2023-02-24,Butwal-Chowk,Traffic Chowk E,Gaming-Console,6,494.55363344457214
POS-06609,2023-07-01,Butwal-Chowk,Traffic Chowk E,4K-TV,4,3571.023476246305
POS-06610,2023-01-08,Butwal-Chowk,Traffic Chowk E,Drone-HD,9,469.1832726692961
POS-06611,2023-09-27,Biratnagar-Main,Hospital Rd,Solar-Battery,5,3756.5042242064883
POS-06612,2023-01-15,Lalitpur-Patan,Pulchowk Rd,VR-Headset,2,2369.8914532106496
POS-06613,2023-05-14,Lalitpur-Patan,Pulchowk Rd,4K-TV,5,2889.913166749569
POS-06614,2023-10-13,Butwal-Chowk,Traffic Chowk E,VR-Headset,2,2612.391600316304
POS-06615,2023-10-19,Biratnagar-Main,Hospital Rd,Solar-Battery,1,2200.5210819203016
POS-06616,2023-09-19,Lalitpur-Patan,Pulchowk Rd,Drone-HD,3,3618.642122721468
POS-06617,2023-03-09,Biratnagar-Main,Hospital Rd,Gaming-Console,8,1328.914053330683
POS-06618,2023-02-28,Lalitpur-Patan,Pulchowk Rd,VR-Headset,8,4426.047403568205
POS-06619,2023-11-25,Pokhara-Lakeside,Baidam Street 6,Gaming-Console,1,353.380495814173
POS-06620,2023-02-28,Kathmandu-DurbarMarg,King's Way 101,Smart-Hub,9,3601.987875262751
POS-06621,2023-05-18,Pokhara-Lakeside,Baidam Street 6,Smart-Hub,6,3547.0965437653294
POS-06622,2023-01-22,Butwal-Chowk,Traffic Chowk E,VR-Headset,7,1133.6080590884396
POS-06623,2023-06-06,Lalitpur-Patan,Pulchowk Rd,VR-Headset,9,3546.01524935399
POS-06624,2023-10-29,Butwal-Chowk,Traffic Chowk E,Smart-Hub,5,1979.1996329561975
POS-06625,2023-02-02,Lalitpur-Patan,Pulchowk Rd,Drone-HD,2,2109.578213852305
POS-06626,2023-03-01,Biratnagar-Main,Hospital Rd,Drone-HD,3,226.3197446696911
POS-06627,2023-04-06,Butwal-Chowk,Traffic Chowk E,4K-TV,6,2632.9554301312783
POS-06628,2023-02-19,Biratnagar-Main,Hospital Rd,Gaming-Console,2,2527.350381558602
POS-06629,2023-07-04,Pokhara-Lakeside,Baidam Street 6,4K-TV,5,2960.9256866783667
POS-06630,2023-12-11,Lalitpur-Patan,Pulchowk Rd,Gaming-Console,1,4057.480204479396
POS-06631,2023-09-06,Kathmandu-DurbarMarg,King's Way 101,Smart-Hub,6,63.3419212289439
POS-06632,2023-07-31,Butwal-Chowk,Traffic Chowk E,Smart-Hub,3,2220.198970678134
POS-06633,2023-01-19,Biratnagar-Main,Hospital Rd,Drone-HD,9,2717.5866382778477
POS-06634,2023-03-23,Kathmandu-DurbarMarg,King's Way 101,Drone-HD,8,3009.5638797589954
POS-06635,2023-01-30,Pokhara-Lakeside,Baidam Street 6,VR-Headset,4,800.166863790056
POS-06636,2023-10-29,Lalitpur-Patan,Pulchowk Rd,4K-TV,6,4662.472223862497
POS-06637,2023-10-12,Pokhara-Lakeside,Baidam Street 6,Gaming-Console,3,1376.5092326552128
POS-06638,2023-11-20,Pokhara-Lakeside,Baidam Street 6,Gaming-Console,9,3326.072511214649
POS-06639,2023-08-08,Kathmandu-DurbarMarg,King's Way 101,Gaming-Console,5,2379.4265850111815
POS-06640,2023-01-13,Lalitpur-Patan,Pulchowk Rd,Smart-Hub,7,2697.18946835176
POS-06641,2023-04-13,Biratnagar-Main,Hospital Rd,4K-TV,9,613.1079118855514
POS-06642,2023-11-28,Lalitpur-Patan,Pulchowk Rd,Drone-HD,1,127.49678593295835
POS-06643,2023-08-04,Biratnagar-Main,Hospital Rd,Gaming-Console,7,1581.8301937412375
POS-06644,2023-03-26,Kathmandu-DurbarMarg,King's Way 101,Gaming-Console,6,1405.7674678091628
POS-06645,2023-02-14,Pokhara-Lakeside,Baidam Street 6,Drone-HD,1,3643.493494718368
POS-06646,2023-05-29,Butwal-Chowk,Traffic Chowk E,VR-Headset,8,1419.6683204014528
POS-06647,2023-12-17,Pokhara-Lakeside,Baidam Street 6,Gaming-Console,9,651.1294590640574
POS-06648,2023-04-26,Pokhara-Lakeside,Baidam Street 6,Drone-HD,7,1327.9349305995347
POS-06649,2023-08-23,Butwal-Chowk,Traffic Chowk E,4K-TV,3,4650.75510354394
POS-06650,2023-03-23,Biratnagar-Main,Hospital Rd,Gaming-Console,4,1586.4412770643073
POS-06651,2023-09-17,Lalitpur-Patan,Pulchowk Rd,Solar-Battery,3,3693.164955626825
POS-06652,2023-10-05,Biratnagar-Main,Hospital Rd,4K-TV,2,1120.4659193624655
POS-06653,2023-06-06,Pokhara-Lakeside,Baidam Street 6,Drone-HD,5,1616.7846206019935
POS-06654,2023-09-06,Pokhara-Lakeside,Baidam Street 6,4K-TV,1,3038.191501519371
POS-06655,2023-10-06,Kathmandu-DurbarMarg,King's Way 101,Drone-HD,2,4766.172139813557
POS-06656,2023-03-27,Lalitpur-Patan,Pulchowk Rd,Drone-HD,3,2283.0633851527587
POS-06657,2023-09-07,Butwal-Chowk,Traffic Chowk E,Gaming-Console,5,3385.6723860932516
POS-06658,2023-07-30,Kathmandu-DurbarMarg,King's Way 101,Drone-HD,5,970.1015242623942
POS-06659,2023-09-04,Butwal-Chowk,Traffic Chowk E,4K-TV,2,3765.2475994113565
POS-06660,2023-04-27,Biratnagar-Main,Hospital Rd,Smart-Hub,5,4054.050155183325
POS-06661,2023-10-07,Butwal-Chowk,Traffic Chowk E,Gaming-Console,6,678.8844943423787
POS-06662,2023-11-02,Butwal-Chowk,Traffic Chowk E,VR-Headset,7,3250.6436026373926
POS-06663,2023-05-29,Butwal-Chowk,Traffic Chowk E,Gaming-Console,3,2547.025989658887
POS-06664,2023-02-10,Lalitpur-Patan,Pulchowk Rd,VR-Headset,3,3892.0932948499603
POS-06665,2023-02-08,Lalitpur-Patan,Pulchowk Rd,4K-TV,7,2228.9378682357865
POS-06666,2023-07-26,Butwal-Chowk,Traffic Chowk E,VR-Headset,8,4215.0298663223675
POS-06667,2023-04-19,Butwal-Chowk,Traffic Chowk E,Gaming-Console,7,4125.732342862397
POS-06668,2023-09-03,Pokhara-Lakeside,Baidam Street 6,4K-TV,3,3801.1742092099516
POS-06669,2023-04-24,Kathmandu-DurbarMarg,King's Way 101,Smart-Hub,7,304.7095410033503
POS-06670,2023-02-06,Butwal-Chowk,Traffic Chowk E,Solar-Battery,9,4387.239207634982
POS-06671,2023-08-05,Butwal-Chowk,Traffic Chowk E,Gaming-Console,2,4475.193523317878
POS-06672,2023-11-18,Lalitpur-Patan,Pulchowk Rd,Gaming-Console,7,4732.9012498943775
POS-06673,2023-09-16,Kathmandu-DurbarMarg,King's Way 101,Gaming-Console,3,416.64482985101483
POS-06674,2023-07-06,Kathmandu-DurbarMarg,King's Way 101,Solar-Battery,3,1042.0935795682403
POS-06675,2023-12-05,Pokhara-Lakeside,Baidam Street 6,Gaming-Console,2,1873.7277274172734
POS-06676,2023-12-09,Kathmandu-DurbarMarg,King's Way 101,VR-Headset,5,4266.313081389744
POS-06677,2023-08-22,Biratnagar-Main,Hospital Rd,VR-Headset,4,2136.809052874028
POS-06678,2023-12-23,Kathmandu-DurbarMarg,King's Way 101,4K-TV,5,4445.492217331262
POS-06679,2023-09-28,Kathmandu-DurbarMarg,King's Way 101,4K-TV,8,556.0197272729679
POS-06680,2023-12-07,Butwal-Chowk,Traffic Chowk E,4K-TV,2,4146.993643649816
POS-06681,2023-06-11,Butwal-Chowk,Traffic Chowk E,4K-TV,8,2879.9785945966264
POS-06682,2023-12-10,Pokhara-Lakeside,Baidam Street 6,Solar-Battery,8,3300.6799546360226
POS-06683,2023-02-20,Butwal-Chowk,Traffic Chowk E,Smart-Hub,2,934.8644619632378
POS-06684,2023-06-28,Kathmandu-DurbarMarg,King's Way 101,Smart-Hub,3,4827.814205234994
POS-06685,2023-09-04,Butwal-Chowk,Traffic Chowk E,Solar-Battery,2,3296.69961099823
POS-06686,2023-04-19,Kathmandu-DurbarMarg,King's Way 101,Drone-HD,2,801.2392795564368
POS-06687,2023-12-23,Pokhara-Lakeside,Baidam Street 6,Smart-Hub,7,1742.7649507756485
POS-06688,2023-04-10,Pokhara-Lakeside,Baidam Street 6,Gaming-Console,2,1163.721429348192
POS-06689,2023-11-07,Kathmandu-DurbarMarg,King's Way 101,Solar-Battery,6,356.651333626714
POS-06690,2023-05-19,Pokhara-Lakeside,Baidam Street 6,4K-TV,9,1919.2115421566618
POS-06691,2023-09-24,Biratnagar-Main,Hospital Rd,Gaming-Console,1,634.1278135667537
POS-06692,2023-11-07,Kathmandu-DurbarMarg,King's Way 101,VR-Headset,9,4596.134790715017
POS-06693,2023-04-20,Biratnagar-Main,Hospital Rd,Solar-Battery,1,184.06862881018452
POS-06694,2023-01-31,Butwal-Chowk,Traffic Chowk E,Drone-HD,2,926.3669808211673
POS-06695,2023-06-16,Biratnagar-Main,Hospital Rd,4K-TV,8,2306.2415365741826
POS-06696,2023-05-26,Lalitpur-Patan,Pulchowk Rd,Drone-HD,5,446.3513582834927
POS-06697,2023-06-22,Lalitpur-Patan,Pulchowk Rd,4K-TV,8,2288.8744319340085
POS-06698,2023-08-08,Pokhara-Lakeside,Baidam Street 6,Smart-Hub,8,3255.09926791209
POS-06699,2023-05-03,Kathmandu-DurbarMarg,King's Way 101,4K-TV,8,3810.45735803131
POS-06700,2023-11-05,Biratnagar-Main,Hospital Rd,Solar-Battery,5,3460.674464278542
POS-06701,2023-12-02,Butwal-Chowk,Traffic Chowk E,Smart-Hub,5,2265.106414838876
POS-06702,2023-10-26,Lalitpur-Patan,Pulchowk Rd,4K-TV,8,1846.4229335289397
POS-06703,2023-04-09,Biratnagar-Main,Hospital Rd,Drone-HD,6,663.028764210466
POS-06704,2023-02-24,Lalitpur-Patan,Pulchowk Rd,Gaming-Console,8,995.4965835249204
POS-06705,2023-11-27,Butwal-Chowk,Traffic Chowk E,VR-Headset,7,2527.933543107294
POS-06706,2023-04-26,Kathmandu-DurbarMarg,King's Way 101,Solar-Battery,6,4149.495367842399
POS-06707,2023-06-06,Lalitpur-Patan,Pulchowk Rd,Drone-HD,5,1650.8525585384757
POS-06708,2023-07-05,Pokhara-Lakeside,Baidam Street 6,Smart-Hub,6,3481.5244791858263
POS-06709,2023-02-20,Lalitpur-Patan,Pulchowk Rd,Drone-HD,2,2967.2525732164077
POS-06710,2023-10-26,Kathmandu-DurbarMarg,King's Way 101,Solar-Battery,8,2090.0303354165444
POS-06711,2023-08-06,Lalitpur-Patan,Pulchowk Rd,4K-TV,2,1400.0374000352258
POS-06712,2023-11-12,Kathmandu-DurbarMarg,King's Way 101,Smart-Hub,8,1659.3651309750067
POS-06713,2023-07-08,Biratnagar-Main,Hospital Rd,Smart-Hub,7,1073.7209249143473
POS-06714,2023-08-29,Lalitpur-Patan,Pulchowk Rd,Gaming-Console,5,3407.560322811774
POS-06715,2023-07-07,Kathmandu-DurbarMarg,King's Way 101,4K-TV,3,2721.9570102277075
POS-06716,2023-06-29,Butwal-Chowk,Traffic Chowk E,Gaming-Console,2,3930.6054040095783
POS-06717,2023-08-14,Kathmandu-DurbarMarg,King's Way 101,Solar-Battery,8,660.4319909775174
POS-06718,2023-06-23,Butwal-Chowk,Traffic Chowk E,Smart-Hub,1,906.9056977803295
POS-06719,2023-08-11,Kathmandu-DurbarMarg,King's Way 101,Smart-Hub,1,395.0282582424168
POS-06720,2023-05-02,Pokhara-Lakeside,Baidam Street 6,Drone-HD,9,690.3686578432071
POS-06721,2023-01-09,Kathmandu-DurbarMarg,King's Way 101,Gaming-Console,2,1205.5124172713997
POS-06722,2023-05-28,Pokhara-Lakeside,Baidam Street 6,Solar-Battery,2,1703.2755024589665
POS-06723,2023-02-01,Kathmandu-DurbarMarg,King's Way 101,4K-TV,9,321.4417537755699
POS-06724,2023-07-04,Butwal-Chowk,Traffic Chowk E,Solar-Battery,4,4283.132223814581
POS-06725,2023-06-22,Butwal-Chowk,Traffic Chowk E,Smart-Hub,8,899.1958500541664
POS-06726,2023-03-15,Lalitpur-Patan,Pulchowk Rd,Drone-HD,4,4795.3172327168495
POS-06727,2023-10-19,Pokhara-Lakeside,Baidam Street 6,Drone-HD,8,2402.253276509806
POS-06728,2023-09-05,Butwal-Chowk,Traffic Chowk E,Drone-HD,4,3801.5561632692225
POS-06729,2023-10-16,Kathmandu-DurbarMarg,King's Way 101,4K-TV,2,509.9656281326702
POS-06730,2023-05-05,Pokhara-Lakeside,Baidam Street 6,Solar-Battery,4,3710.1054705805727
POS-06731,2023-03-25,Kathmandu-DurbarMarg,King's Way 101,4K-TV,4,3516.38766054988
POS-06732,2023-06-23,Butwal-Chowk,Traffic Chowk E,Solar-Battery,9,4279.2939037178185
POS-06733,2023-08-30,Pokhara-Lakeside,Baidam Street 6,Smart-Hub,1,2160.142368071936
POS-06734,2023-06-04,Kathmandu-DurbarMarg,King's Way 101,Smart-Hub,5,206.13950070261114
POS-06735,2023-12-14,Pokhara-Lakeside,Baidam Street 6,Gaming-Console,1,381.7359387214402
POS-06736,2023-05-19,Pokhara-Lakeside,Baidam Street 6,Drone-HD,6,2087.2069686020573
POS-06737,2023-03-30,Kathmandu-DurbarMarg,King's Way 101,VR-Headset,6,3958.3952260373476
POS-06738,2023-12-17,Biratnagar-Main,Hospital Rd,4K-TV,9,3278.396355075429
POS-06739,2023-08-07,Lalitpur-Patan,Pulchowk Rd,Drone-HD,3,1182.0001426678766
POS-06740,2023-11-03,Biratnagar-Main,Hospital Rd,VR-Headset,8,3788.1240980290704
POS-06741,2023-03-04,Butwal-Chowk,Traffic Chowk E,VR-Headset,8,797.9677236439016
POS-06742,2023-05-18,Butwal-Chowk,Traffic Chowk E,4K-TV,6,1210.9971040480166
POS-06743,2023-08-20,Pokhara-Lakeside,Baidam Street 6,4K-TV,6,4576.015642177941
POS-06744,2023-12-07,Pokhara-Lakeside,Baidam Street 6,Solar-Battery,5,1828.5484096525963
POS-06745,2023-06-11,Biratnagar-Main,Hospital Rd,Smart-Hub,2,1971.7263839860352
POS-06746,2023-07-17,Butwal-Chowk,Traffic Chowk E,Solar-Battery,3,2017.431496701352
POS-06747,2023-03-18,Biratnagar-Main,Hospital Rd,VR-Headset,2,1671.581984408785
POS-06748,2023-07-21,Butwal-Chowk,Traffic Chowk E,4K-TV,6,702.8879970753992
POS-06749,2023-03-26,Butwal-Chowk,Traffic Chowk E,Solar-Battery,6,1896.2759200945284
POS-06750,2023-02-08,Pokhara-Lakeside,Baidam Street 6,Smart-Hub,9,3971.446178689111
POS-06751,2023-01-04,Biratnagar-Main,Hospital Rd,Smart-Hub,1,2353.766755920267
POS-06752,2023-01-22,Biratnagar-Main,Hospital Rd,VR-Headset,8,3367.722342048151
POS-06753,2023-08-17,Butwal-Chowk,Traffic Chowk E,4K-TV,7,1031.271517134575
POS-06754,2023-10-17,Butwal-Chowk,Traffic Chowk E,4K-TV,3,4023.066849278868
POS-06755,2023-06-03,Butwal-Chowk,Traffic Chowk E,Smart-Hub,9,4529.572510415444
POS-06756,2023-03-22,Biratnagar-Main,Hospital Rd,4K-TV,1,998.6677577182568
POS-06757,2023-06-22,Kathmandu-DurbarMarg,King's Way 101,Drone-HD,3,3639.7419243114496
POS-06758,2023-01-01,Butwal-Chowk,Traffic Chowk E,Drone-HD,2,2127.7767375993853
POS-06759,2023-06-06,Biratnagar-Main,Hospital Rd,VR-Headset,4,936.9326712798836
POS-06760,2023-07-03,Biratnagar-Main,Hospital Rd,Solar-Battery,5,3947.508643654662
POS-06761,2023-08-06,Lalitpur-Patan,Pulchowk Rd,Smart-Hub,2,1307.8476964387144
POS-06762,2023-12-01,Lalitpur-Patan,Pulchowk Rd,Gaming-Console,4,4651.100936144278
POS-06763,2023-12-04,Pokhara-Lakeside,Baidam Street 6,Solar-Battery,3,2233.967973991778
POS-06764,2023-06-11,Biratnagar-Main,Hospital Rd,Drone-HD,7,4826.910242371882
POS-06765,2023-04-25,Butwal-Chowk,Traffic Chowk E,VR-Headset,2,2719.658577537459
POS-06766,2023-09-25,Pokhara-Lakeside,Baidam Street 6,VR-Headset,8,1588.7897777497014
POS-06767,2023-02-17,Pokhara-Lakeside,Baidam Street 6,4K-TV,6,1230.9693313264963
POS-06768,2023-11-20,Lalitpur-Patan,Pulchowk Rd,VR-Headset,5,1021.5199110935191
POS-06769,2023-01-07,Lalitpur-Patan,Pulchowk Rd,Drone-HD,8,394.85887164712375
POS-06770,2023-02-08,Biratnagar-Main,Hospital Rd,Gaming-Console,5,4769.863984506666
POS-06771,2023-05-11,Kathmandu-DurbarMarg,King's Way 101,Gaming-Console,8,4124.933576930216
POS-06772,2023-04-17,Biratnagar-Main,Hospital Rd,4K-TV,7,3224.2019819050506
POS-06773,2023-07-01,Pokhara-Lakeside,Baidam Street 6,Smart-Hub,6,1902.077889671959
POS-06774,2023-06-27,Biratnagar-Main,Hospital Rd,4K-TV,5,4396.901946888125
POS-06775,2023-06-22,Lalitpur-Patan,Pulchowk Rd,Solar-Battery,5,4497.746789000499
POS-06776,2023-02-14,Pokhara-Lakeside,Baidam Street 6,Solar-Battery,4,4013.556432249551
POS-06777,2023-06-11,Biratnagar-Main,Hospital Rd,Smart-Hub,2,4082.396530173208
POS-06778,2023-02-17,Biratnagar-Main,Hospital Rd,4K-TV,9,3131.8195483366944
POS-06779,2023-07-05,Pokhara-Lakeside,Baidam Street 6,VR-Headset,4,4883.541425341784
POS-06780,2023-08-07,Lalitpur-Patan,Pulchowk Rd,Solar-Battery,9,1487.5643779759785
POS-06781,2023-12-01,Pokhara-Lakeside,Baidam Street 6,Smart-Hub,7,3961.562502221835
POS-06782,2023-10-19,Biratnagar-Main,Hospital Rd,Gaming-Console,3,3161.3254891143415
POS-06783,2023-11-19,Kathmandu-DurbarMarg,King's Way 101,Smart-Hub,8,1506.146928827708
POS-06784,2023-04-01,Butwal-Chowk,Traffic Chowk E,Smart-Hub,1,989.9145617693434
POS-06785,2023-08-05,Lalitpur-Patan,Pulchowk Rd,4K-TV,5,4685.452872265744
POS-06786,2023-07-14,Kathmandu-DurbarMarg,King's Way 101,Solar-Battery,6,4898.556185908068
POS-06787,2023-08-03,Lalitpur-Patan,Pulchowk Rd,Gaming-Console,8,273.15872256560243
POS-06788,2023-12-25,Biratnagar-Main,Hospital Rd,VR-Headset,2,1076.2013149668824
POS-06789,2023-08-17,Butwal-Chowk,Traffic Chowk E,Gaming-Console,8,3348.515738235717
POS-06790,2023-10-05,Kathmandu-DurbarMarg,King's Way 101,Smart-Hub,2,3017.3550088690045
POS-06791,2023-02-01,Kathmandu-DurbarMarg,King's Way 101,4K-TV,9,2545.1449931648
POS-06792,2023-08-04,Biratnagar-Main,Hospital Rd,Gaming-Console,4,1716.3856228090472
POS-06793,2023-02-11,Biratnagar-Main,Hospital Rd,Drone-HD,8,4985.3825028615265
POS-06794,2023-09-15,Pokhara-Lakeside,Baidam Street 6,Gaming-Console,7,2299.1394940075284
POS-06795,2023-01-09,Lalitpur-Patan,Pulchowk Rd,Smart-Hub,3,456.8355306518837
POS-06796,2023-01-05,Kathmandu-DurbarMarg,King's Way 101,VR-Headset,3,2812.0259492394725
POS-06797,2023-02-12,Lalitpur-Patan,Pulchowk Rd,Drone-HD,2,3741.777316249276
POS-06798,2023-03-27,Kathmandu-DurbarMarg,King's Way 101,Smart-Hub,8,4646.903715854844
POS-06799,2023-04-02,Pokhara-Lakeside,Baidam Street 6,Gaming-Console,5,3949.204642244652
POS-06800,2023-02-21,Pokhara-Lakeside,Baidam Street 6,Solar-Battery,9,338.7173132570396
POS-06801,2023-08-03,Biratnagar-Main,Hospital Rd,VR-Headset,3,1363.3452114045658
POS-06802,2023-05-24,Kathmandu-DurbarMarg,King's Way 101,Solar-Battery,2,3407.2062224706883
POS-06803,2023-05-18,Biratnagar-Main,Hospital Rd,4K-TV,9,1699.7069341736449
POS-06804,2023-05-13,Lalitpur-Patan,Pulchowk Rd,Solar-Battery,3,3369.832700728551
POS-06805,2023-06-05,Biratnagar-Main,Hospital Rd,Gaming-Console,9,3922.4227315930125
POS-06806,2023-01-22,Kathmandu-DurbarMarg,King's Way 101,VR-Headset,9,3475.174185098787
POS-06807,2023-09-20,Kathmandu-DurbarMarg,King's Way 101,4K-TV,2,3723.0646403846836
POS-06808,2023-04-30,Pokhara-Lakeside,Baidam Street 6,4K-TV,8,1262.6410933611762
POS-06809,2023-10-11,Kathmandu-DurbarMarg,King's Way 101,Drone-HD,3,4432.6012838882525
POS-06810,2023-01-01,Lalitpur-Patan,Pulchowk Rd,Solar-Battery,3,4803.159277801636
POS-06811,2023-01-14,Lalitpur-Patan,Pulchowk Rd,Gaming-Console,5,3873.0117204076473
POS-06812,2023-01-28,Kathmandu-DurbarMarg,King's Way 101,Smart-Hub,9,1868.40666109718
POS-06813,2023-06-10,Biratnagar-Main,Hospital Rd,VR-Headset,8,1066.2283749086478
POS-06814,2023-01-17,Pokhara-Lakeside,Baidam Street 6,Smart-Hub,9,4165.896788271815
POS-06815,2023-10-17,Pokhara-Lakeside,Baidam Street 6,Drone-HD,4,987.8379361231114
POS-06816,2023-01-13,Pokhara-Lakeside,Baidam Street 6,Smart-Hub,6,3653.892110283658
POS-06817,2023-04-08,Butwal-Chowk,Traffic Chowk E,Drone-HD,5,125.08804357673583
POS-06818,2023-09-12,Lalitpur-Patan,Pulchowk Rd,Solar-Battery,4,843.8849824270959
POS-06819,2023-02-15,Biratnagar-Main,Hospital Rd,VR-Headset,3,4675.9612750502065
POS-06820,2023-09-26,Butwal-Chowk,Traffic Chowk E,VR-Headset,6,115.39475487613237
POS-06821,2023-11-18,Lalitpur-Patan,Pulchowk Rd,Solar-Battery,1,2826.8408338160384
POS-06822,2023-09-07,Butwal-Chowk,Traffic Chowk E,VR-Headset,1,1224.9591131259724
POS-06823,2023-12-19,Biratnagar-Main,Hospital Rd,Gaming-Console,9,1996.3394380993273
POS-06824,2023-10-20,Kathmandu-DurbarMarg,King's Way 101,VR-Headset,6,1998.0108816931233
POS-06825,2023-07-24,Biratnagar-Main,Hospital Rd,VR-Headset,6,1058.1353269446836
POS-06826,2023-08-26,Kathmandu-DurbarMarg,King's Way 101,Solar-Battery,8,426.2486478509844
POS-06827,2023-04-10,Butwal-Chowk,Traffic Chowk E,Smart-Hub,6,1522.5537014068045
POS-06828,2023-11-21,Lalitpur-Patan,Pulchowk Rd,Gaming-Console,9,2737.9227797933972
POS-06829,2023-06-02,Pokhara-Lakeside,Baidam Street 6,Solar-Battery,1,3007.8834824062124
POS-06830,2023-08-29,Butwal-Chowk,Traffic Chowk E,4K-TV,3,1277.757830078459
POS-06831,2023-08-06,Butwal-Chowk,Traffic Chowk E,VR-Headset,8,3517.8681044867617
POS-06832,2023-05-14,Lalitpur-Patan,Pulchowk Rd,Smart-Hub,5,2378.4630098949488
POS-06833,2023-11-01,Pokhara-Lakeside,Baidam Street 6,Gaming-Console,5,4217.780407671284
POS-06834,2023-08-12,Pokhara-Lakeside,Baidam Street 6,4K-TV,1,4136.795277222199
POS-06835,2023-12-21,Butwal-Chowk,Traffic Chowk E,Gaming-Console,6,3316.9742811008027
POS-06836,2023-08-04,Butwal-Chowk,Traffic Chowk E,Drone-HD,1,1687.1656551373171
POS-06837,2023-07-06,Biratnagar-Main,Hospital Rd,Solar-Battery,6,2737.075241515644
POS-06838,2023-10-13,Pokhara-Lakeside,Baidam Street 6,Smart-Hub,2,752.6453085300669
POS-06839,2023-09-18,Lalitpur-Patan,Pulchowk Rd,4K-TV,5,453.4719737144329
POS-06840,2023-11-03,Butwal-Chowk,Traffic Chowk E,Drone-HD,6,4816.110481920721
POS-06841,2023-09-16,Lalitpur-Patan,Pulchowk Rd,Smart-Hub,1,2069.9225076547023
POS-06842,2023-04-30,Kathmandu-DurbarMarg,King's Way 101,Solar-Battery,8,4863.353426341756
POS-06843,2023-12-17,Kathmandu-DurbarMarg,King's Way 101,Drone-HD,9,3608.14177049921
POS-06844,2023-06-27,Biratnagar-Main,Hospital Rd,VR-Headset,2,1335.2974356069653
POS-06845,2023-01-07,Biratnagar-Main,Hospital Rd,Smart-Hub,8,3980.7952803739786
POS-06846,2023-06-29,Butwal-Chowk,Traffic Chowk E,Drone-HD,7,2814.7751632039535
POS-06847,2023-04-04,Biratnagar-Main,Hospital Rd,Gaming-Console,5,1709.5191339077733
POS-06848,2023-04-05,Pokhara-Lakeside,Baidam Street 6,Gaming-Console,6,2583.6933868005053
POS-06849,2023-02-09,Biratnagar-Main,Hospital Rd,Gaming-Console,1,3206.282843018482
POS-06850,2023-06-05,Biratnagar-Main,Hospital Rd,Smart-Hub,4,223.42502936650936
POS-06851,2023-09-06,Biratnagar-Main,Hospital Rd,Gaming-Console,8,3788.6528798863897
POS-06852,2023-05-22,Butwal-Chowk,Traffic Chowk E,4K-TV,4,4953.598766975772
POS-06853,2023-12-26,Butwal-Chowk,Traffic Chowk E,4K-TV,3,113.71265668125557
POS-06854,2023-08-22,Butwal-Chowk,Traffic Chowk E,Smart-Hub,5,1717.2583927973694
POS-06855,2023-02-09,Butwal-Chowk,Traffic Chowk E,VR-Headset,4,1496.9665287727169
POS-06856,2023-01-10,Pokhara-Lakeside,Baidam Street 6,Smart-Hub,2,4085.4578493406343
POS-06857,2023-10-02,Pokhara-Lakeside,Baidam Street 6,VR-Headset,5,1007.267894764906
POS-06858,2023-04-18,Butwal-Chowk,Traffic Chowk E,Smart-Hub,1,1081.9539933750457
POS-06859,2023-03-02,Pokhara-Lakeside,Baidam Street 6,Solar-Battery,8,1935.43973553411
POS-06860,2023-03-01,Lalitpur-Patan,Pulchowk Rd,Gaming-Console,4,283.11508696700406
POS-06861,2023-06-16,Biratnagar-Main,Hospital Rd,Gaming-Console,2,3582.0310134050287
POS-06862,2023-05-10,Pokhara-Lakeside,Baidam Street 6,VR-Headset,5,3805.9318299701204
POS-06863,2023-07-16,Kathmandu-DurbarMarg,King's Way 101,Gaming-Console,4,3921.335854693583
POS-06864,2023-06-09,Kathmandu-DurbarMarg,King's Way 101,VR-Headset,2,3735.571720089284
POS-06865,2023-01-04,Pokhara-Lakeside,Baidam Street 6,Smart-Hub,1,1468.2715846054675
POS-06866,2023-07-11,Lalitpur-Patan,Pulchowk Rd,Drone-HD,4,1325.684647408465
POS-06867,2023-01-06,Lalitpur-Patan,Pulchowk Rd,Drone-HD,3,3877.5887354962947
POS-06868,2023-11-12,Lalitpur-Patan,Pulchowk Rd,4K-TV,6,579.2444265980905
POS-06869,2023-08-01,Lalitpur-Patan,Pulchowk Rd,Gaming-Console,2,3366.4354463197415
POS-06870,2023-05-31,Pokhara-Lakeside,Baidam Street 6,Gaming-Console,8,1835.5508821341596
POS-06871,2023-04-04,Kathmandu-DurbarMarg,King's Way 101,Gaming-Console,7,1808.1710968780578
POS-06872,2023-09-28,Lalitpur-Patan,Pulchowk Rd,Solar-Battery,9,2579.9350260992674
POS-06873,2023-06-24,Pokhara-Lakeside,Baidam Street 6,4K-TV,4,410.071813553874
POS-06874,2023-02-24,Lalitpur-Patan,Pulchowk Rd,Drone-HD,8,279.96680512177954
POS-06875,2023-03-18,Butwal-Chowk,Traffic Chowk E,Solar-Battery,9,4633.432315722314
POS-06876,2023-09-23,Lalitpur-Patan,Pulchowk Rd,Gaming-Console,3,2176.6615390744073
POS-06877,2023-01-05,Butwal-Chowk,Traffic Chowk E,Solar-Battery,9,454.7053838082842
POS-06878,2023-12-20,Butwal-Chowk,Traffic Chowk E,Drone-HD,3,3969.9547912926027
POS-06879,2023-01-07,Kathmandu-DurbarMarg,King's Way 101,VR-Headset,2,2020.232307771878
POS-06880,2023-08-25,Biratnagar-Main,Hospital Rd,4K-TV,9,570.931879550511
POS-06881,2023-11-12,Butwal-Chowk,Traffic Chowk E,Solar-Battery,8,2398.847232738843
POS-06882,2023-10-14,Lalitpur-Patan,Pulchowk Rd,Gaming-Console,3,4607.290507515166
POS-06883,2023-05-09,Kathmandu-DurbarMarg,King's Way 101,Solar-Battery,6,1096.723324494007
POS-06884,2023-09-03,Pokhara-Lakeside,Baidam Street 6,Solar-Battery,6,4639.942981754078
POS-06885,2023-05-19,Butwal-Chowk,Traffic Chowk E,Smart-Hub,1,635.1814545694772
POS-06886,2023-09-27,Lalitpur-Patan,Pulchowk Rd,Solar-Battery,9,37.59496251356654
POS-06887,2023-08-15,Kathmandu-DurbarMarg,King's Way 101,Solar-Battery,1,1526.4529207597388
POS-06888,2023-08-22,Lalitpur-Patan,Pulchowk Rd,4K-TV,6,227.46636165760896
POS-06889,2023-10-27,Kathmandu-DurbarMarg,King's Way 101,Gaming-Console,1,2352.3316308785725
POS-06890,2023-06-25,Kathmandu-DurbarMarg,King's Way 101,Smart-Hub,3,620.1229998961797
POS-06891,2023-09-28,Butwal-Chowk,Traffic Chowk E,Smart-Hub,6,2681.246399722942
POS-06892,2023-05-29,Pokhara-Lakeside,Baidam Street 6,Smart-Hub,3,2553.127037027985
POS-06893,2023-10-04,Kathmandu-DurbarMarg,King's Way 101,4K-TV,4,265.62343106312585
POS-06894,2023-08-08,Lalitpur-Patan,Pulchowk Rd,Solar-Battery,4,2058.225831102642
POS-06895,2023-10-12,Biratnagar-Main,Hospital Rd,4K-TV,2,1300.7935149451912
POS-06896,2023-04-07,Pokhara-Lakeside,Baidam Street 6,VR-Headset,8,283.9807454331703
POS-06897,2023-11-10,Biratnagar-Main,Hospital Rd,4K-TV,1,3950.2349321358197
POS-06898,2023-05-13,Lalitpur-Patan,Pulchowk Rd,Smart-Hub,1,1985.0269814674316
POS-06899,2023-01-01,Biratnagar-Main,Hospital Rd,Smart-Hub,7,3418.265338453174
POS-06900,2023-05-15,Lalitpur-Patan,Pulchowk Rd,Gaming-Console,1,1118.2343783442816
POS-06901,2023-03-20,Kathmandu-DurbarMarg,King's Way 101,Gaming-Console,7,1490.1976838581297
POS-06902,2023-03-23,Pokhara-Lakeside,Baidam Street 6,4K-TV,2,3062.379936622665
POS-06903,2023-10-25,Pokhara-Lakeside,Baidam Street 6,Gaming-Console,5,2144.661569482301
POS-06904,2023-12-17,Kathmandu-DurbarMarg,King's Way 101,Drone-HD,6,2469.87921739996
POS-06905,2023-05-10,Lalitpur-Patan,Pulchowk Rd,Solar-Battery,2,1196.398777623565
POS-06906,2023-12-18,Kathmandu-DurbarMarg,King's Way 101,4K-TV,3,-71.2559266084112
POS-06907,2023-01-20,Kathmandu-DurbarMarg,King's Way 101,Gaming-Console,7,877.1089506861947
POS-06908,2023-02-06,Pokhara-Lakeside,Baidam Street 6,Smart-Hub,2,3757.2108138222484
POS-06909,2023-05-04,Kathmandu-DurbarMarg,King's Way 101,Solar-Battery,1,4519.050279055863
POS-06910,2023-06-03,Pokhara-Lakeside,Baidam Street 6,Solar-Battery,7,2152.7202084446476
POS-06911,2023-06-25,Biratnagar-Main,Hospital Rd,4K-TV,6,1528.888038619492
POS-06912,2023-02-15,Kathmandu-DurbarMarg,King's Way 101,VR-Headset,8,1536.3710633129615
POS-06913,2023-02-15,Kathmandu-DurbarMarg,King's Way 101,Drone-HD,7,1018.2362208795387
POS-06914,2023-11-26,Pokhara-Lakeside,Baidam Street 6,Solar-Battery,2,3830.3910470095148
POS-06915,2023-12-14,Butwal-Chowk,Traffic Chowk E,4K-TV,8,709.9670066788985
POS-06916,2023-03-28,Butwal-Chowk,Traffic Chowk E,VR-Headset,8,2108.8343489696363
POS-06917,2023-03-25,Pokhara-Lakeside,Baidam Street 6,Smart-Hub,3,4210.012949749489
POS-06918,2023-07-07,Kathmandu-DurbarMarg,King's Way 101,VR-Headset,5,3103.7973468359473
POS-06919,2023-04-09,Butwal-Chowk,Traffic Chowk E,Drone-HD,3,1864.2828318763777
POS-06920,2023-12-11,Kathmandu-DurbarMarg,King's Way 101,Drone-HD,9,2135.639911951434
POS-06921,2023-03-06,Pokhara-Lakeside,Baidam Street 6,Solar-Battery,6,1794.2819828798354
POS-06922,2023-02-01,Pokhara-Lakeside,Baidam Street 6,Smart-Hub,4,4302.741198255321
POS-06923,2023-11-05,Kathmandu-DurbarMarg,King's Way 101,Solar-Battery,7,4321.3619881969635
POS-06924,2023-02-11,Butwal-Chowk,Traffic Chowk E,4K-TV,5,1646.250054693724
POS-06925,2023-02-18,Kathmandu-DurbarMarg,King's Way 101,VR-Headset,5,4352.684648908263
POS-06926,2023-08-29,Kathmandu-DurbarMarg,King's Way 101,Smart-Hub,3,2871.6514168480508
POS-06927,2023-12-17,Biratnagar-Main,Hospital Rd,VR-Headset,4,508.0213626824441
POS-06928,2023-07-09,Biratnagar-Main,Hospital Rd,Drone-HD,9,4587.202026692708
POS-06929,2023-03-22,Kathmandu-DurbarMarg,King's Way 101,Drone-HD,9,283.58967310050417
POS-06930,2023-06-06,Butwal-Chowk,Traffic Chowk E,Drone-HD,1,3204.7435297448496
POS-06931,2023-05-22,Butwal-Chowk,Traffic Chowk E,Gaming-Console,9,3094.4314956328
POS-06932,2023-02-10,Kathmandu-DurbarMarg,King's Way 101,Solar-Battery,2,4100.071599646916
POS-06933,2023-02-03,Pokhara-Lakeside,Baidam Street 6,Solar-Battery,9,2276.3589473821635
POS-06934,2023-11-15,Biratnagar-Main,Hospital Rd,Gaming-Console,9,2377.306328362899
POS-06935,2023-07-19,Kathmandu-DurbarMarg,King's Way 101,4K-TV,5,2347.260155894901
POS-06936,2023-02-03,Lalitpur-Patan,Pulchowk Rd,Drone-HD,1,4502.312739708543
POS-06937,2023-04-23,Kathmandu-DurbarMarg,King's Way 101,Smart-Hub,7,4799.038066958682
POS-06938,2023-03-20,Biratnagar-Main,Hospital Rd,Smart-Hub,7,1621.8596834659593
POS-06939,2023-10-23,Butwal-Chowk,Traffic Chowk E,4K-TV,3,1609.0193803013208
POS-06940,2023-10-04,Biratnagar-Main,Hospital Rd,Solar-Battery,6,3484.201388871973
POS-06941,2023-02-19,Biratnagar-Main,Hospital Rd,4K-TV,9,1059.3936353934391
POS-06942,2023-03-15,Lalitpur-Patan,Pulchowk Rd,Smart-Hub,3,1406.3446413528068
POS-06943,2023-09-25,Lalitpur-Patan,Pulchowk Rd,VR-Headset,8,360.1978699135115
POS-06944,2023-02-28,Pokhara-Lakeside,Baidam Street 6,4K-TV,5,4984.33254457311
POS-06945,2023-12-14,Lalitpur-Patan,Pulchowk Rd,Drone-HD,6,2550.922914533903
POS-06946,2023-06-13,Lalitpur-Patan,Pulchowk Rd,Solar-Battery,2,3702.949602569132
POS-06947,2023-11-20,Biratnagar-Main,Hospital Rd,Smart-Hub,6,3155.7761437919376
POS-06948,2023-03-23,Biratnagar-Main,Hospital Rd,Solar-Battery,9,4840.523619856894
POS-06949,2023-10-25,Butwal-Chowk,Traffic Chowk E,Drone-HD,1,535.8440466596002
POS-06950,2023-02-21,Kathmandu-DurbarMarg,King's Way 101,Solar-Battery,4,4965.339931012209
POS-06951,2023-02-02,Kathmandu-DurbarMarg,King's Way 101,4K-TV,1,554.5535270075864
POS-06952,2023-12-20,Biratnagar-Main,Hospital Rd,Solar-Battery,1,1461.5458095470672
POS-06953,2023-02-12,Lalitpur-Patan,Pulchowk Rd,4K-TV,8,475.82225155144886
POS-06954,2023-05-31,Pokhara-Lakeside,Baidam Street 6,Drone-HD,6,4924.792665851385
POS-06955,2023-04-12,Pokhara-Lakeside,Baidam Street 6,Solar-Battery,3,4676.3429992458905
POS-06956,2023-07-05,Lalitpur-Patan,Pulchowk Rd,Drone-HD,9,3063.808083647772
POS-06957,2023-08-10,Lalitpur-Patan,Pulchowk Rd,VR-Headset,5,2815.8267191862888
POS-06958,2023-03-01,Butwal-Chowk,Traffic Chowk E,Gaming-Console,4,2881.4630208050307
POS-06959,2023-03-20,Biratnagar-Main,Hospital Rd,Gaming-Console,1,2143.9046269082664
POS-06960,2023-05-07,Butwal-Chowk,Traffic Chowk E,Drone-HD,3,2040.7128882730617
POS-06961,2023-06-18,Butwal-Chowk,Traffic Chowk E,Gaming-Console,5,4132.618942674506
POS-06962,2023-03-01,Butwal-Chowk,Traffic Chowk E,Smart-Hub,4,1318.1643073746359
POS-06963,2023-10-04,Lalitpur-Patan,Pulchowk Rd,4K-TV,6,2559.9442478011924
POS-06964,2023-03-01,Biratnagar-Main,Hospital Rd,Drone-HD,1,4171.873204146894
POS-06965,2023-06-12,Pokhara-Lakeside,Baidam Street 6,Drone-HD,3,1097.6348180850364
POS-06966,2023-12-03,Pokhara-Lakeside,Baidam Street 6,Gaming-Console,4,2750.568200179844
POS-06967,2023-04-07,Butwal-Chowk,Traffic Chowk E,4K-TV,8,666.208033726203
POS-06968,2023-02-14,Biratnagar-Main,Hospital Rd,Smart-Hub,5,363.6221176840165
POS-06969,2023-02-03,Butwal-Chowk,Traffic Chowk E,Smart-Hub,2,4548.40409044496
POS-06970,2023-05-01,Kathmandu-DurbarMarg,King's Way 101,Drone-HD,4,542.7066396698741
POS-06971,2023-10-16,Biratnagar-Main,Hospital Rd,Smart-Hub,5,3671.2622362271213
POS-06972,2023-06-11,Butwal-Chowk,Traffic Chowk E,Gaming-Console,2,1817.9023543206479
POS-06973,2023-05-31,Biratnagar-Main,Hospital Rd,VR-Headset,6,3669.6865384974994
POS-06974,2023-02-27,Lalitpur-Patan,Pulchowk Rd,VR-Headset,5,393.2728221898602
POS-06975,2023-05-05,Biratnagar-Main,Hospital Rd,Drone-HD,1,1158.8669793617057
POS-06976,2023-06-15,Lalitpur-Patan,Pulchowk Rd,Smart-Hub,9,3075.723207546947
POS-06977,2023-11-27,Lalitpur-Patan,Pulchowk Rd,Drone-HD,4,2346.72818191253
POS-06978,2023-03-22,Lalitpur-Patan,Pulchowk Rd,Gaming-Console,8,3724.499502350848
POS-06979,2023-04-11,Pokhara-Lakeside,Baidam Street 6,4K-TV,7,158.08516181812104
POS-06980,2023-05-28,Pokhara-Lakeside,Baidam Street 6,VR-Headset,1,1583.7978797947287
POS-06981,2023-05-04,Lalitpur-Patan,Pulchowk Rd,Gaming-Console,2,3812.462750797556
POS-06982,2023-08-12,Pokhara-Lakeside,Baidam Street 6,4K-TV,2,45.23264187759298
POS-06983,2023-10-27,Biratnagar-Main,Hospital Rd,VR-Headset,9,2479.4481836231666
POS-06984,2023-03-26,Pokhara-Lakeside,Baidam Street 6,VR-Headset,4,2181.4306034689725
POS-06985,2023-11-25,Biratnagar-Main,Hospital Rd,Gaming-Console,7,2759.5317345452413
POS-06986,2023-03-16,Kathmandu-DurbarMarg,King's Way 101,4K-TV,2,2798.0325226377763
POS-06987,2023-09-27,Kathmandu-DurbarMarg,King's Way 101,VR-Headset,2,1339.9122647092374
POS-06988,2023-07-06,Lalitpur-Patan,Pulchowk Rd,Drone-HD,9,4135.41490185307
POS-06989,2023-09-05,Pokhara-Lakeside,Baidam Street 6,Gaming-Console,4,4252.320819505518
POS-06990,2023-10-21,Lalitpur-Patan,Pulchowk Rd,Smart-Hub,8,522.4471955542698
POS-06991,2023-02-16,Pokhara-Lakeside,Baidam Street 6,Drone-HD,8,2510.091858397134
POS-06992,2023-09-23,Butwal-Chowk,Traffic Chowk E,4K-TV,8,2569.2637133634244
POS-06993,2023-10-23,Butwal-Chowk,Traffic Chowk E,Drone-HD,6,4754.685799579424
POS-06994,2023-01-30,Lalitpur-Patan,Pulchowk Rd,VR-Headset,7,933.2512589468233
POS-06995,2023-05-07,Biratnagar-Main,Hospital Rd,Smart-Hub,8,2244.8738237557877
POS-06996,2023-02-16,Biratnagar-Main,Hospital Rd,Gaming-Console,7,753.3726251579702
POS-06997,2023-08-11,Pokhara-Lakeside,Baidam Street 6,Solar-Battery,9,1065.9458114956662
POS-06998,2023-12-18,Lalitpur-Patan,Pulchowk Rd,VR-Headset,4,4476.151125763464
POS-06999,2023-06-26,Pokhara-Lakeside,Baidam Street 6,Solar-Battery,1,3165.2951641239183
POS-07000,2023-06-14,Lalitpur-Patan,Pulchowk Rd,VR-Headset,1,2886.489322489673
POS-07001,2023-08-12,Biratnagar-Main,Hospital Rd,Gaming-Console,3,4633.394948646764
POS-07002,2023-01-21,Butwal-Chowk,Traffic Chowk E,Gaming-Console,9,249.63336167190158
POS-07003,2023-09-04,Lalitpur-Patan,Pulchowk Rd,Smart-Hub,1,2104.1621366018926
POS-07004,2023-09-19,Biratnagar-Main,Hospital Rd,4K-TV,9,929.1884200271431
POS-07005,2023-01-20,Butwal-Chowk,Traffic Chowk E,Solar-Battery,3,3392.083280534671
POS-07006,2023-06-17,Butwal-Chowk,Traffic Chowk E,Solar-Battery,8,2114.1965107123133
POS-07007,2023-06-29,Biratnagar-Main,Hospital Rd,4K-TV,6,1013.7887524617665
POS-07008,2023-03-05,Butwal-Chowk,Traffic Chowk E,Drone-HD,1,1677.0769546949125
POS-07009,2023-06-24,Pokhara-Lakeside,Baidam Street 6,Gaming-Console,3,1557.92927423492
POS-07010,2023-01-20,Biratnagar-Main,Hospital Rd,Gaming-Console,4,3733.152630283512
POS-07011,2023-06-29,Kathmandu-DurbarMarg,King's Way 101,Smart-Hub,3,4729.135745604339
POS-07012,2023-07-11,Lalitpur-Patan,Pulchowk Rd,Gaming-Console,2,4554.505340605069
POS-07013,2023-09-17,Pokhara-Lakeside,Baidam Street 6,Drone-HD,3,1624.7010922070428
POS-07014,2023-03-15,Biratnagar-Main,Hospital Rd,Solar-Battery,6,3705.3360862899317
POS-07015,2023-06-08,Lalitpur-Patan,Pulchowk Rd,Smart-Hub,6,477.28759172926823
POS-07016,2023-12-19,Butwal-Chowk,Traffic Chowk E,VR-Headset,1,4587.1574503082375
POS-07017,2023-01-07,Butwal-Chowk,Traffic Chowk E,Drone-HD,9,3599.7797695738273
POS-07018,2023-10-07,Lalitpur-Patan,Pulchowk Rd,Drone-HD,8,3003.333469628796
POS-07019,2023-11-04,Kathmandu-DurbarMarg,King's Way 101,VR-Headset,3,1454.8379533775017
POS-07020,2023-05-22,Biratnagar-Main,Hospital Rd,Drone-HD,9,3593.314579492852
POS-07021,2023-05-11,Kathmandu-DurbarMarg,King's Way 101,4K-TV,7,3700.145527765349
POS-07022,2023-01-29,Pokhara-Lakeside,Baidam Street 6,Drone-HD,1,3340.295659037023
POS-07023,2023-09-25,Pokhara-Lakeside,Baidam Street 6,Gaming-Console,8,-85.8194111771263
POS-07024,2023-07-09,Kathmandu-DurbarMarg,King's Way 101,Drone-HD,4,2173.6477262272933
POS-07025,2023-07-27,Butwal-Chowk,Traffic Chowk E,4K-TV,2,488.6109282669282
POS-07026,2023-01-19,Pokhara-Lakeside,Baidam Street 6,Gaming-Console,5,1496.387996476433
POS-07027,2023-01-13,Pokhara-Lakeside,Baidam Street 6,Gaming-Console,6,2633.0013019156936
POS-07028,2023-07-12,Biratnagar-Main,Hospital Rd,Drone-HD,6,4227.418212706766
POS-07029,2023-12-11,Biratnagar-Main,Hospital Rd,Smart-Hub,4,-13.778167794725633
POS-07030,2023-10-23,Lalitpur-Patan,Pulchowk Rd,Gaming-Console,7,4974.238972698226
POS-07031,2023-02-05,Biratnagar-Main,Hospital Rd,Drone-HD,3,2834.8149541251632
POS-07032,2023-10-31,Kathmandu-DurbarMarg,King's Way 101,Solar-Battery,3,3869.501323797112
POS-07033,2023-10-25,Lalitpur-Patan,Pulchowk Rd,4K-TV,5,103.05864139399071
POS-07034,2023-04-26,Kathmandu-DurbarMarg,King's Way 101,Gaming-Console,1,266.5202146269625
POS-07035,2023-08-27,Biratnagar-Main,Hospital Rd,Gaming-Console,6,1479.2103042386059
POS-07036,2023-05-30,Pokhara-Lakeside,Baidam Street 6,VR-Headset,8,1164.9073680358217
POS-07037,2023-07-17,Butwal-Chowk,Traffic Chowk E,4K-TV,7,1996.5969815474305
POS-07038,2023-02-02,Butwal-Chowk,Traffic Chowk E,VR-Headset,3,3259.199459309519
POS-07039,2023-01-30,Lalitpur-Patan,Pulchowk Rd,4K-TV,8,1392.372997546534
POS-07040,2023-04-20,Pokhara-Lakeside,Baidam Street 6,Drone-HD,5,3379.778252638813
POS-07041,2023-04-07,Kathmandu-DurbarMarg,King's Way 101,Drone-HD,6,4127.170884479695
POS-07042,2023-04-11,Lalitpur-Patan,Pulchowk Rd,Smart-Hub,4,1719.1154718459943
POS-07043,2023-09-16,Pokhara-Lakeside,Baidam Street 6,Smart-Hub,2,338.3668212185681
POS-07044,2023-04-23,Butwal-Chowk,Traffic Chowk E,Drone-HD,2,2972.5029309493248
POS-07045,2023-03-31,Kathmandu-DurbarMarg,King's Way 101,Solar-Battery,5,1957.2668628580086
POS-07046,2023-06-24,Pokhara-Lakeside,Baidam Street 6,4K-TV,9,4085.7090553650514
POS-07047,2023-03-26,Butwal-Chowk,Traffic Chowk E,VR-Headset,6,4496.058214822351
POS-07048,2023-08-26,Lalitpur-Patan,Pulchowk Rd,4K-TV,9,4775.044381239006
POS-07049,2023-10-11,Pokhara-Lakeside,Baidam Street 6,Gaming-Console,7,2307.5251497563695
POS-07050,2023-11-20,Biratnagar-Main,Hospital Rd,Drone-HD,8,2620.4975916107855
POS-07051,2023-02-01,Lalitpur-Patan,Pulchowk Rd,Drone-HD,2,3236.231479590936
POS-07052,2023-01-29,Pokhara-Lakeside,Baidam Street 6,Solar-Battery,1,4195.763546289524
POS-07053,2023-10-18,Biratnagar-Main,Hospital Rd,Drone-HD,5,380.66906974224935
POS-07054,2023-03-09,Lalitpur-Patan,Pulchowk Rd,4K-TV,7,2130.5777060723713
POS-07055,2023-07-23,Lalitpur-Patan,Pulchowk Rd,Smart-Hub,8,4549.271871551345
POS-07056,2023-04-30,Lalitpur-Patan,Pulchowk Rd,VR-Headset,9,3262.1554816438365
POS-07057,2023-04-29,Lalitpur-Patan,Pulchowk Rd,Smart-Hub,5,1222.4591676513796
POS-07058,2023-11-20,Biratnagar-Main,Hospital Rd,Smart-Hub,5,405.0555475341489
POS-07059,2023-09-24,Biratnagar-Main,Hospital Rd,Drone-HD,4,1626.9069781091266
POS-07060,2023-03-14,Biratnagar-Main,Hospital Rd,VR-Headset,8,4995.338066038173
POS-07061,2023-12-10,Butwal-Chowk,Traffic Chowk E,Drone-HD,8,23.524519111073204
POS-07062,2023-11-21,Pokhara-Lakeside,Baidam Street 6,Gaming-Console,5,3315.7605396567187
POS-07063,2023-04-15,Pokhara-Lakeside,Baidam Street 6,Smart-Hub,9,1737.8743484358604
POS-07064,2023-11-08,Butwal-Chowk,Traffic Chowk E,Gaming-Console,4,4662.683579716474
POS-07065,2023-04-20,Pokhara-Lakeside,Baidam Street 6,Drone-HD,3,907.290565662756
POS-07066,2023-07-04,Pokhara-Lakeside,Baidam Street 6,Solar-Battery,4,4787.443700137783
POS-07067,2023-11-29,Pokhara-Lakeside,Baidam Street 6,Smart-Hub,1,2063.949375741255
POS-07068,2023-04-29,Kathmandu-DurbarMarg,King's Way 101,4K-TV,7,1504.3775758213774
POS-07069,2023-11-19,Pokhara-Lakeside,Baidam Street 6,Gaming-Console,6,2589.800017076547
POS-07070,2023-03-31,Kathmandu-DurbarMarg,King's Way 101,VR-Headset,4,3441.0903254215027
POS-07071,2023-08-17,Kathmandu-DurbarMarg,King's Way 101,Drone-HD,1,2366.0039218449765
POS-07072,2023-06-24,Kathmandu-DurbarMarg,King's Way 101,Smart-Hub,5,4948.369659550797
POS-07073,2023-09-07,Kathmandu-DurbarMarg,King's Way 101,VR-Headset,7,3239.615905774295
POS-07074,2023-04-16,Butwal-Chowk,Traffic Chowk E,Drone-HD,8,4786.129596449682
POS-07075,2023-09-23,Pokhara-Lakeside,Baidam Street 6,4K-TV,2,4978.303995425951
POS-07076,2023-03-25,Pokhara-Lakeside,Baidam Street 6,VR-Headset,7,4815.256703712539
POS-07077,2023-12-18,Pokhara-Lakeside,Baidam Street 6,4K-TV,3,201.65663482067987
POS-07078,2023-03-23,Biratnagar-Main,Hospital Rd,4K-TV,8,3041.502450914878
POS-07079,2023-02-28,Biratnagar-Main,Hospital Rd,Drone-HD,4,19.651807195008786
POS-07080,2023-05-03,Pokhara-Lakeside,Baidam Street 6,Smart-Hub,4,486.54318600346176
POS-07081,2023-08-05,Butwal-Chowk,Traffic Chowk E,VR-Headset,4,4306.083105518475
POS-07082,2023-01-15,Biratnagar-Main,Hospital Rd,4K-TV,7,2650.9942220446337
POS-07083,2023-06-25,Pokhara-Lakeside,Baidam Street 6,Gaming-Console,4,2356.8523652811336
POS-07084,2023-06-03,Biratnagar-Main,Hospital Rd,VR-Headset,2,3427.400668567554
POS-07085,2023-04-05,Butwal-Chowk,Traffic Chowk E,Drone-HD,8,2820.240943523873
POS-07086,2023-09-10,Biratnagar-Main,Hospital Rd,Smart-Hub,9,1012.2036582866385
POS-07087,2023-07-01,Butwal-Chowk,Traffic Chowk E,VR-Headset,6,-26.05811045008491
POS-07088,2023-06-17,Biratnagar-Main,Hospital Rd,4K-TV,9,4526.203924466401
POS-07089,2023-05-07,Kathmandu-DurbarMarg,King's Way 101,4K-TV,4,-62.5826405110925
POS-07090,2023-09-27,Pokhara-Lakeside,Baidam Street 6,4K-TV,3,1417.3146080881368
POS-07091,2023-05-08,Lalitpur-Patan,Pulchowk Rd,VR-Headset,7,561.6710119947385
POS-07092,2023-12-02,Butwal-Chowk,Traffic Chowk E,Gaming-Console,6,744.1411444903389
POS-07093,2023-05-10,Biratnagar-Main,Hospital Rd,Solar-Battery,5,4217.78103835318
POS-07094,2023-10-07,Biratnagar-Main,Hospital Rd,VR-Headset,8,4863.838201601907
POS-07095,2023-07-21,Biratnagar-Main,Hospital Rd,Drone-HD,1,2626.3969240226106
POS-07096,2023-10-28,Pokhara-Lakeside,Baidam Street 6,4K-TV,1,3418.4476798731657
POS-07097,2023-02-24,Kathmandu-DurbarMarg,King's Way 101,Gaming-Console,5,3734.449401933433
POS-07098,2023-04-12,Lalitpur-Patan,Pulchowk Rd,Smart-Hub,9,926.175486594633
POS-07099,2023-03-03,Biratnagar-Main,Hospital Rd,VR-Headset,8,4258.3741376894795
POS-07100,2023-05-05,Lalitpur-Patan,Pulchowk Rd,4K-TV,5,844.2914183733018
POS-07101,2023-08-15,Butwal-Chowk,Traffic Chowk E,Gaming-Console,5,3828.2286290336483
POS-07102,2023-04-10,Pokhara-Lakeside,Baidam Street 6,Smart-Hub,9,3739.2500726948774
POS-07103,2023-10-18,Kathmandu-DurbarMarg,King's Way 101,4K-TV,4,4372.220658292678
POS-07104,2023-12-22,Lalitpur-Patan,Pulchowk Rd,Gaming-Console,7,2987.6012100358885
POS-07105,2023-02-11,Lalitpur-Patan,Pulchowk Rd,Gaming-Console,2,2178.1325116805424
POS-07106,2023-11-11,Pokhara-Lakeside,Baidam Street 6,4K-TV,1,2731.034513350703
POS-07107,2023-07-03,Kathmandu-DurbarMarg,King's Way 101,Smart-Hub,1,3960.8372145641006
POS-07108,2023-09-14,Lalitpur-Patan,Pulchowk Rd,Smart-Hub,1,417.59498945317193
POS-07109,2023-10-11,Butwal-Chowk,Traffic Chowk E,Solar-Battery,5,1549.1886897263391
POS-07110,2023-12-19,Biratnagar-Main,Hospital Rd,Gaming-Console,1,3567.807015829939
POS-07111,2023-09-01,Butwal-Chowk,Traffic Chowk E,VR-Headset,6,1541.9144555763883
POS-07112,2023-11-06,Biratnagar-Main,Hospital Rd,Gaming-Console,6,2486.501976167939
POS-07113,2023-12-14,Pokhara-Lakeside,Baidam Street 6,VR-Headset,4,2361.168917673959
POS-07114,2023-03-13,Lalitpur-Patan,Pulchowk Rd,Smart-Hub,6,3748.0855315975464
POS-07115,2023-06-13,Butwal-Chowk,Traffic Chowk E,4K-TV,6,226.91832709474124
POS-07116,2023-01-27,Biratnagar-Main,Hospital Rd,Drone-HD,1,2423.085385551576
POS-07117,2023-04-23,Pokhara-Lakeside,Baidam Street 6,Smart-Hub,7,2601.2824355457155
POS-07118,2023-10-23,Kathmandu-DurbarMarg,King's Way 101,Drone-HD,6,1102.1829524696489
POS-07119,2023-07-03,Butwal-Chowk,Traffic Chowk E,VR-Headset,5,283.8738837589959
POS-07120,2023-09-14,Biratnagar-Main,Hospital Rd,Solar-Battery,3,3289.7645659194022
POS-07121,2023-10-29,Lalitpur-Patan,Pulchowk Rd,Gaming-Console,4,2879.075771303869
POS-07122,2023-08-18,Pokhara-Lakeside,Baidam Street 6,Drone-HD,6,2742.8768419274284
POS-07123,2023-07-11,Butwal-Chowk,Traffic Chowk E,VR-Headset,6,846.1009707621382
POS-07124,2023-02-13,Pokhara-Lakeside,Baidam Street 6,Solar-Battery,5,2084.637593193015
POS-07125,2023-06-08,Pokhara-Lakeside,Baidam Street 6,Drone-HD,9,1185.045645211175
POS-07126,2023-07-26,Biratnagar-Main,Hospital Rd,VR-Headset,5,2748.361585444765
POS-07127,2023-11-21,Pokhara-Lakeside,Baidam Street 6,Smart-Hub,4,3701.5167020108797
POS-07128,2023-06-01,Lalitpur-Patan,Pulchowk Rd,4K-TV,3,4743.619315175277
POS-07129,2023-04-20,Kathmandu-DurbarMarg,King's Way 101,Smart-Hub,6,2288.305501163024
POS-07130,2023-12-21,Kathmandu-DurbarMarg,King's Way 101,VR-Headset,7,1328.004149757504
POS-07131,2023-06-17,Butwal-Chowk,Traffic Chowk E,Smart-Hub,3,1853.826399851765
POS-07132,2023-07-25,Biratnagar-Main,Hospital Rd,4K-TV,9,4082.7314102828586
POS-07133,2023-07-25,Butwal-Chowk,Traffic Chowk E,Drone-HD,4,1623.1867778155388
POS-07134,2023-08-31,Biratnagar-Main,Hospital Rd,Gaming-Console,7,3388.47332362087
POS-07135,2023-02-22,Pokhara-Lakeside,Baidam Street 6,Solar-Battery,6,3681.7194476690506
POS-07136,2023-09-13,Biratnagar-Main,Hospital Rd,Gaming-Console,4,1841.5641067950007
POS-07137,2023-10-06,Lalitpur-Patan,Pulchowk Rd,VR-Headset,8,385.4522574609705
POS-07138,2023-05-18,Pokhara-Lakeside,Baidam Street 6,Smart-Hub,3,1941.5053807200702
POS-07139,2023-05-03,Pokhara-Lakeside,Baidam Street 6,Solar-Battery,7,1015.6660892148268
POS-07140,2023-03-06,Biratnagar-Main,Hospital Rd,Smart-Hub,3,3347.8388587532263
POS-07141,2023-08-29,Kathmandu-DurbarMarg,King's Way 101,Gaming-Console,2,3823.498280420545
POS-07142,2023-01-03,Lalitpur-Patan,Pulchowk Rd,Drone-HD,5,3045.4549099211486
POS-07143,2023-04-21,Lalitpur-Patan,Pulchowk Rd,Smart-Hub,7,1608.1119049762224
POS-07144,2023-03-02,Lalitpur-Patan,Pulchowk Rd,4K-TV,7,3648.5218952968908
POS-07145,2023-08-27,Butwal-Chowk,Traffic Chowk E,Smart-Hub,7,3333.1879540999157
POS-07146,2023-02-02,Butwal-Chowk,Traffic Chowk E,Smart-Hub,3,4709.019124745145
POS-07147,2023-04-02,Biratnagar-Main,Hospital Rd,Solar-Battery,9,1040.607878236769
POS-07148,2023-08-05,Butwal-Chowk,Traffic Chowk E,VR-Headset,3,3031.3319288731923
POS-07149,2023-05-04,Pokhara-Lakeside,Baidam Street 6,Solar-Battery,8,3397.03199390155
POS-07150,2023-12-14,Kathmandu-DurbarMarg,King's Way 101,4K-TV,4,2911.018526936807
POS-07151,2023-03-22,Butwal-Chowk,Traffic Chowk E,Smart-Hub,8,4796.021879321019
POS-07152,2023-11-22,Lalitpur-Patan,Pulchowk Rd,Smart-Hub,7,2550.7986257824778
POS-07153,2023-01-31,Pokhara-Lakeside,Baidam Street 6,4K-TV,9,2306.8757770692146
POS-07154,2023-01-02,Kathmandu-DurbarMarg,King's Way 101,4K-TV,2,3555.8579795455885
POS-07155,2023-01-20,Pokhara-Lakeside,Baidam Street 6,Drone-HD,1,1768.2583254425458
POS-07156,2023-02-18,Butwal-Chowk,Traffic Chowk E,Drone-HD,8,58.50037069363168
POS-07157,2023-03-21,Butwal-Chowk,Traffic Chowk E,Gaming-Console,1,4902.6086750865325
POS-07158,2023-08-03,Lalitpur-Patan,Pulchowk Rd,Drone-HD,2,3500.543013481509
POS-07159,2023-02-21,Lalitpur-Patan,Pulchowk Rd,4K-TV,3,2695.547756901719
POS-07160,2023-09-24,Lalitpur-Patan,Pulchowk Rd,VR-Headset,1,4078.1193882036905
POS-07161,2023-01-30,Pokhara-Lakeside,Baidam Street 6,Gaming-Console,6,2445.6619995560095
POS-07162,2023-05-07,Butwal-Chowk,Traffic Chowk E,VR-Headset,7,2601.1083579025917
POS-07163,2023-08-16,Butwal-Chowk,Traffic Chowk E,Drone-HD,3,3753.5251765546004
POS-07164,2023-08-03,Lalitpur-Patan,Pulchowk Rd,Gaming-Console,4,-53.26468831674078
POS-07165,2023-02-04,Biratnagar-Main,Hospital Rd,Drone-HD,9,3479.6508271601892
POS-07166,2023-04-22,Lalitpur-Patan,Pulchowk Rd,Drone-HD,6,2018.977685681567
POS-07167,2023-11-07,Kathmandu-DurbarMarg,King's Way 101,Gaming-Console,3,1760.3828515181642
POS-07168,2023-03-17,Kathmandu-DurbarMarg,King's Way 101,VR-Headset,5,2844.000360448097
POS-07169,2023-01-02,Kathmandu-DurbarMarg,King's Way 101,4K-TV,7,593.1403968444718
POS-07170,2023-08-01,Kathmandu-DurbarMarg,King's Way 101,Gaming-Console,3,3783.602021777216
POS-07171,2023-10-24,Lalitpur-Patan,Pulchowk Rd,Smart-Hub,5,4046.5319632245055
POS-07172,2023-07-26,Butwal-Chowk,Traffic Chowk E,Solar-Battery,8,939.2153754857554
POS-07173,2023-07-22,Butwal-Chowk,Traffic Chowk E,Smart-Hub,7,1393.6456955464976
POS-07174,2023-05-24,Pokhara-Lakeside,Baidam Street 6,Gaming-Console,4,2057.514512576901
POS-07175,2023-06-09,Biratnagar-Main,Hospital Rd,Smart-Hub,6,4701.91288461591
POS-07176,2023-04-24,Pokhara-Lakeside,Baidam Street 6,Gaming-Console,4,728.6110396347814
POS-07177,2023-03-11,Lalitpur-Patan,Pulchowk Rd,VR-Headset,7,3486.047096208985
POS-07178,2023-09-10,Lalitpur-Patan,Pulchowk Rd,VR-Headset,5,3675.410290008261
POS-07179,2023-10-16,Biratnagar-Main,Hospital Rd,Solar-Battery,3,379.55742073025175
POS-07180,2023-10-15,Lalitpur-Patan,Pulchowk Rd,Smart-Hub,9,2878.823512254483
POS-07181,2023-03-21,Kathmandu-DurbarMarg,King's Way 101,Gaming-Console,6,4098.26026067559
POS-07182,2023-07-04,Lalitpur-Patan,Pulchowk Rd,4K-TV,1,1216.897658129946
POS-07183,2023-11-20,Pokhara-Lakeside,Baidam Street 6,Smart-Hub,8,2374.220221252741
POS-07184,2023-02-28,Butwal-Chowk,Traffic Chowk E,Drone-HD,8,3290.1907385571303
POS-07185,2023-05-13,Pokhara-Lakeside,Baidam Street 6,Gaming-Console,6,2558.5225525728315
POS-07186,2023-02-24,Kathmandu-DurbarMarg,King's Way 101,VR-Headset,5,2869.1541442657713
POS-07187,2023-09-16,Lalitpur-Patan,Pulchowk Rd,Solar-Battery,8,341.17238257604964
POS-07188,2023-04-11,Lalitpur-Patan,Pulchowk Rd,Solar-Battery,9,805.3684247801966
POS-07189,2023-09-06,Pokhara-Lakeside,Baidam Street 6,Solar-Battery,2,3214.4584791973607
POS-07190,2023-08-06,Butwal-Chowk,Traffic Chowk E,Solar-Battery,5,3561.7418839157835
POS-07191,2023-10-01,Butwal-Chowk,Traffic Chowk E,VR-Headset,5,3253.5049597542247
POS-07192,2023-04-13,Kathmandu-DurbarMarg,King's Way 101,4K-TV,7,3756.9649924717846
POS-07193,2023-11-27,Biratnagar-Main,Hospital Rd,Gaming-Console,8,2205.745324285737
POS-07194,2023-08-13,Kathmandu-DurbarMarg,King's Way 101,Drone-HD,4,2720.2697858644974
POS-07195,2023-08-04,Pokhara-Lakeside,Baidam Street 6,Drone-HD,2,600.2820692808617
POS-07196,2023-01-10,Kathmandu-DurbarMarg,King's Way 101,Gaming-Console,1,2981.659775482892
POS-07197,2023-02-10,Kathmandu-DurbarMarg,King's Way 101,Smart-Hub,9,4191.208989127521
POS-07198,2023-11-22,Biratnagar-Main,Hospital Rd,Gaming-Console,1,3331.3399354868625
POS-07199,2023-07-30,Pokhara-Lakeside,Baidam Street 6,VR-Headset,3,2273.5047097491647
POS-07200,2023-07-26,Lalitpur-Patan,Pulchowk Rd,Smart-Hub,8,4473.774705383404
POS-07201,2023-11-16,Kathmandu-DurbarMarg,King's Way 101,Smart-Hub,8,816.0065279377887
POS-07202,2023-09-19,Lalitpur-Patan,Pulchowk Rd,4K-TV,8,2036.0030741028
POS-07203,2023-11-01,Lalitpur-Patan,Pulchowk Rd,Gaming-Console,9,2747.2152699741205
POS-07204,2023-06-22,Butwal-Chowk,Traffic Chowk E,4K-TV,4,3493.391888773604
POS-07205,2023-03-11,Butwal-Chowk,Traffic Chowk E,4K-TV,6,2275.3228040186696
POS-07206,2023-10-22,Kathmandu-DurbarMarg,King's Way 101,Smart-Hub,9,626.1541798846099
POS-07207,2023-01-03,Butwal-Chowk,Traffic Chowk E,Smart-Hub,4,4950.035012438117
POS-07208,2023-05-02,Butwal-Chowk,Traffic Chowk E,Solar-Battery,9,4826.034067861916
POS-07209,2023-07-12,Biratnagar-Main,Hospital Rd,Gaming-Console,2,3543.6710688724197
POS-07210,2023-03-02,Lalitpur-Patan,Pulchowk Rd,Solar-Battery,5,4934.0645990399635
POS-07211,2023-04-07,Lalitpur-Patan,Pulchowk Rd,Smart-Hub,8,184.4294905041814
POS-07212,2023-01-06,Lalitpur-Patan,Pulchowk Rd,Drone-HD,2,223.42899948567032
POS-07213,2023-10-24,Biratnagar-Main,Hospital Rd,Solar-Battery,1,2141.4235285479476
POS-07214,2023-07-30,Lalitpur-Patan,Pulchowk Rd,Solar-Battery,5,3942.941816342373
POS-07215,2023-12-25,Pokhara-Lakeside,Baidam Street 6,VR-Headset,5,1501.437864427662
POS-07216,2023-09-05,Pokhara-Lakeside,Baidam Street 6,VR-Headset,1,2357.2863342240666
POS-07217,2023-12-08,Pokhara-Lakeside,Baidam Street 6,4K-TV,1,2114.08467011131
POS-07218,2023-01-02,Lalitpur-Patan,Pulchowk Rd,Smart-Hub,5,1064.844714245213
POS-07219,2023-11-17,Kathmandu-DurbarMarg,King's Way 101,Solar-Battery,4,1932.4016140169426
POS-07220,2023-03-06,Lalitpur-Patan,Pulchowk Rd,Drone-HD,4,3673.745350637339
POS-07221,2023-09-29,Butwal-Chowk,Traffic Chowk E,VR-Headset,7,3633.008329218068
POS-07222,2023-05-06,Biratnagar-Main,Hospital Rd,Gaming-Console,6,1257.159677673549
POS-07223,2023-09-06,Pokhara-Lakeside,Baidam Street 6,VR-Headset,2,2560.65272335074
POS-07224,2023-10-09,Butwal-Chowk,Traffic Chowk E,VR-Headset,9,567.5668215627379
POS-07225,2023-05-03,Pokhara-Lakeside,Baidam Street 6,4K-TV,6,3413.3601833363496
POS-07226,2023-12-08,Biratnagar-Main,Hospital Rd,Drone-HD,4,960.2629396448169
POS-07227,2023-07-29,Lalitpur-Patan,Pulchowk Rd,4K-TV,1,1159.5677348285903
POS-07228,2023-03-02,Butwal-Chowk,Traffic Chowk E,Solar-Battery,5,2267.090138787555
POS-07229,2023-07-25,Biratnagar-Main,Hospital Rd,Gaming-Console,5,1660.1257022675973
POS-07230,2023-09-19,Butwal-Chowk,Traffic Chowk E,4K-TV,6,2027.0166989285617
POS-07231,2023-08-29,Biratnagar-Main,Hospital Rd,Gaming-Console,7,2789.332236475628
POS-07232,2023-04-10,Biratnagar-Main,Hospital Rd,Gaming-Console,5,355.22653496664327
POS-07233,2023-06-07,Biratnagar-Main,Hospital Rd,Gaming-Console,9,221.80813681088495
POS-07234,2023-11-03,Pokhara-Lakeside,Baidam Street 6,Drone-HD,6,1329.8526870191683
POS-07235,2023-04-05,Lalitpur-Patan,Pulchowk Rd,Solar-Battery,6,400.8791414950651
POS-07236,2023-10-14,Lalitpur-Patan,Pulchowk Rd,VR-Headset,3,1677.0166974705642
POS-07237,2023-09-09,Butwal-Chowk,Traffic Chowk E,Gaming-Console,6,1824.1011548937465
POS-07238,2023-08-03,Butwal-Chowk,Traffic Chowk E,4K-TV,5,552.3325953712143
POS-07239,2023-08-07,Pokhara-Lakeside,Baidam Street 6,VR-Headset,8,3595.7567184052027
POS-07240,2023-07-13,Biratnagar-Main,Hospital Rd,Drone-HD,7,3409.2512875996194
POS-07241,2023-10-18,Butwal-Chowk,Traffic Chowk E,4K-TV,2,2041.1831319606708
POS-07242,2023-09-10,Pokhara-Lakeside,Baidam Street 6,Smart-Hub,8,96.55698046757104
POS-07243,2023-12-20,Biratnagar-Main,Hospital Rd,Drone-HD,3,2538.3105865164216
POS-07244,2023-11-17,Lalitpur-Patan,Pulchowk Rd,Drone-HD,8,1736.0352825801228
POS-07245,2023-11-02,Pokhara-Lakeside,Baidam Street 6,Smart-Hub,2,3021.542118869101
POS-07246,2023-09-28,Kathmandu-DurbarMarg,King's Way 101,Solar-Battery,1,148.25788836995665
POS-07247,2023-08-07,Lalitpur-Patan,Pulchowk Rd,Gaming-Console,2,4606.080712731886
POS-07248,2023-05-14,Biratnagar-Main,Hospital Rd,Drone-HD,1,576.0851279808433
POS-07249,2023-01-04,Kathmandu-DurbarMarg,King's Way 101,Gaming-Console,2,469.5110499719616
POS-07250,2023-11-05,Kathmandu-DurbarMarg,King's Way 101,Solar-Battery,7,3517.2021587323675
POS-07251,2023-10-25,Pokhara-Lakeside,Baidam Street 6,Smart-Hub,8,4115.160383977082
POS-07252,2023-09-12,Butwal-Chowk,Traffic Chowk E,Solar-Battery,5,2911.264124157502
POS-07253,2023-10-12,Biratnagar-Main,Hospital Rd,VR-Headset,2,4401.010131349452
POS-07254,2023-06-03,Lalitpur-Patan,Pulchowk Rd,Gaming-Console,1,4485.893203621235
POS-07255,2023-08-06,Butwal-Chowk,Traffic Chowk E,4K-TV,1,2065.399625358699
POS-07256,2023-02-16,Pokhara-Lakeside,Baidam Street 6,Solar-Battery,2,4380.566574425332
POS-07257,2023-06-26,Lalitpur-Patan,Pulchowk Rd,VR-Headset,3,2257.3367153350687
POS-07258,2023-10-09,Butwal-Chowk,Traffic Chowk E,Smart-Hub,9,704.9041463923629
POS-07259,2023-07-15,Kathmandu-DurbarMarg,King's Way 101,Smart-Hub,3,1756.6241844929477
POS-07260,2023-09-25,Biratnagar-Main,Hospital Rd,VR-Headset,1,4296.1466068875525
POS-07261,2023-06-20,Pokhara-Lakeside,Baidam Street 6,VR-Headset,2,2795.088513316857
POS-07262,2023-11-05,Butwal-Chowk,Traffic Chowk E,Solar-Battery,1,1744.7350860062813
POS-07263,2023-01-29,Pokhara-Lakeside,Baidam Street 6,Smart-Hub,2,3219.9752853556647
POS-07264,2023-03-18,Biratnagar-Main,Hospital Rd,4K-TV,4,3425.3659867319034
POS-07265,2023-12-25,Pokhara-Lakeside,Baidam Street 6,4K-TV,2,218.53079209535537
POS-07266,2023-10-02,Kathmandu-DurbarMarg,King's Way 101,Drone-HD,8,3049.5389731070463
POS-07267,2023-09-26,Biratnagar-Main,Hospital Rd,VR-Headset,8,1432.6400106333579
POS-07268,2023-03-07,Lalitpur-Patan,Pulchowk Rd,4K-TV,5,539.7202203305675
POS-07269,2023-01-24,Biratnagar-Main,Hospital Rd,Solar-Battery,2,2644.2687221209753
POS-07270,2023-10-07,Kathmandu-DurbarMarg,King's Way 101,Smart-Hub,1,498.8768452412845
POS-07271,2023-04-23,Butwal-Chowk,Traffic Chowk E,Drone-HD,5,3036.662331983548
POS-07272,2023-04-08,Pokhara-Lakeside,Baidam Street 6,4K-TV,9,759.1631454442055
POS-07273,2023-12-12,Pokhara-Lakeside,Baidam Street 6,4K-TV,7,1041.9382912418455
POS-07274,2023-01-16,Biratnagar-Main,Hospital Rd,4K-TV,8,1711.0074470045936
POS-07275,2023-08-09,Lalitpur-Patan,Pulchowk Rd,Smart-Hub,4,5.666181982140515
POS-07276,2023-04-13,Biratnagar-Main,Hospital Rd,Solar-Battery,6,-85.82887407568384
POS-07277,2023-02-06,Biratnagar-Main,Hospital Rd,Smart-Hub,6,12.371260156791934
POS-07278,2023-01-18,Lalitpur-Patan,Pulchowk Rd,VR-Headset,8,1961.7634887317581
POS-07279,2023-03-27,Lalitpur-Patan,Pulchowk Rd,Drone-HD,3,4546.887903841197
POS-07280,2023-01-28,Biratnagar-Main,Hospital Rd,Solar-Battery,5,1809.1355688533547
POS-07281,2023-12-26,Lalitpur-Patan,Pulchowk Rd,VR-Headset,1,4000.591443292723
POS-07282,2023-09-24,Pokhara-Lakeside,Baidam Street 6,Smart-Hub,6,4397.115024454234
POS-07283,2023-10-08,Lalitpur-Patan,Pulchowk Rd,Gaming-Console,2,1824.8068692247064
POS-07284,2023-04-09,Butwal-Chowk,Traffic Chowk E,Solar-Battery,9,2069.375103861908
POS-07285,2023-07-21,Biratnagar-Main,Hospital Rd,Gaming-Console,9,4307.834453044188
POS-07286,2023-12-14,Lalitpur-Patan,Pulchowk Rd,Smart-Hub,2,3078.8715040257907
POS-07287,2023-01-11,Pokhara-Lakeside,Baidam Street 6,4K-TV,1,1281.1412035907324
POS-07288,2023-12-16,Lalitpur-Patan,Pulchowk Rd,Gaming-Console,2,4813.610504291366
POS-07289,2023-03-17,Pokhara-Lakeside,Baidam Street 6,Gaming-Console,9,1537.4992553731959
POS-07290,2023-08-02,Pokhara-Lakeside,Baidam Street 6,Smart-Hub,3,3095.4053110425557
POS-07291,2023-03-10,Pokhara-Lakeside,Baidam Street 6,4K-TV,3,1629.5704052475837
POS-07292,2023-09-27,Lalitpur-Patan,Pulchowk Rd,Smart-Hub,2,842.968626502361
POS-07293,2023-08-15,Butwal-Chowk,Traffic Chowk E,Gaming-Console,9,2908.9316444952865
POS-07294,2023-10-18,Biratnagar-Main,Hospital Rd,Gaming-Console,6,2188.4234287558597
POS-07295,2023-03-25,Biratnagar-Main,Hospital Rd,Gaming-Console,3,879.9099017509903
POS-07296,2023-02-06,Biratnagar-Main,Hospital Rd,Smart-Hub,5,3653.748144929085
POS-07297,2023-02-25,Biratnagar-Main,Hospital Rd,Drone-HD,2,2743.0209027777314
POS-07298,2023-06-24,Pokhara-Lakeside,Baidam Street 6,4K-TV,3,983.2845586715137
POS-07299,2023-09-20,Pokhara-Lakeside,Baidam Street 6,Solar-Battery,8,3359.7880423968577
POS-07300,2023-05-28,Pokhara-Lakeside,Baidam Street 6,VR-Headset,8,2647.4125549389946
POS-07301,2023-12-24,Butwal-Chowk,Traffic Chowk E,Gaming-Console,6,2711.779064471258
POS-07302,2023-05-25,Biratnagar-Main,Hospital Rd,Drone-HD,7,3770.90319330592
POS-07303,2023-06-19,Kathmandu-DurbarMarg,King's Way 101,Drone-HD,2,2857.5705978002984
POS-07304,2023-01-14,Biratnagar-Main,Hospital Rd,4K-TV,9,351.144383167046
POS-07305,2023-10-18,Kathmandu-DurbarMarg,King's Way 101,Solar-Battery,5,4085.113364121672
POS-07306,2023-05-16,Lalitpur-Patan,Pulchowk Rd,Drone-HD,5,4698.064090192095
POS-07307,2023-08-17,Kathmandu-DurbarMarg,King's Way 101,4K-TV,1,1421.3939943872135
POS-07308,2023-07-23,Biratnagar-Main,Hospital Rd,Smart-Hub,4,1385.4389014523313
POS-07309,2023-10-23,Butwal-Chowk,Traffic Chowk E,Drone-HD,2,2502.5780980513314
POS-07310,2023-10-08,Biratnagar-Main,Hospital Rd,Gaming-Console,9,2740.335348798694
POS-07311,2023-06-15,Biratnagar-Main,Hospital Rd,Drone-HD,5,4991.617870332774
POS-07312,2023-08-12,Pokhara-Lakeside,Baidam Street 6,Drone-HD,8,4913.882344523977
POS-07313,2023-04-29,Biratnagar-Main,Hospital Rd,Smart-Hub,9,526.535169642017
POS-07314,2023-10-05,Pokhara-Lakeside,Baidam Street 6,Solar-Battery,5,1934.6762899649611
POS-07315,2023-01-05,Butwal-Chowk,Traffic Chowk E,Drone-HD,6,131.19252183085382
POS-07316,2023-12-06,Pokhara-Lakeside,Baidam Street 6,Drone-HD,3,14.352135389251018
POS-07317,2023-07-17,Biratnagar-Main,Hospital Rd,4K-TV,4,4022.9796552740117
POS-07318,2023-07-07,Lalitpur-Patan,Pulchowk Rd,Smart-Hub,9,4657.802888288534
POS-07319,2023-05-30,Pokhara-Lakeside,Baidam Street 6,Solar-Battery,7,1634.10861633779
POS-07320,2023-10-22,Butwal-Chowk,Traffic Chowk E,Gaming-Console,5,2803.0748424855888
POS-07321,2023-12-17,Butwal-Chowk,Traffic Chowk E,VR-Headset,1,2173.0947926387894
POS-07322,2023-04-22,Biratnagar-Main,Hospital Rd,Drone-HD,8,4575.68365739159
POS-07323,2023-07-23,Kathmandu-DurbarMarg,King's Way 101,Drone-HD,8,1423.0533497143356
POS-07324,2023-01-08,Kathmandu-DurbarMarg,King's Way 101,4K-TV,1,1976.223066829395
POS-07325,2023-06-12,Lalitpur-Patan,Pulchowk Rd,VR-Headset,4,4872.452676003979
POS-07326,2023-10-31,Biratnagar-Main,Hospital Rd,Drone-HD,1,4747.269959507268
POS-07327,2023-08-24,Pokhara-Lakeside,Baidam Street 6,Drone-HD,6,415.0974211473864
POS-07328,2023-10-10,Lalitpur-Patan,Pulchowk Rd,VR-Headset,3,-41.128192623647976
POS-07329,2023-11-11,Biratnagar-Main,Hospital Rd,4K-TV,1,3615.759266518215
POS-07330,2023-07-06,Kathmandu-DurbarMarg,King's Way 101,4K-TV,5,3864.840948180867
POS-07331,2023-10-20,Butwal-Chowk,Traffic Chowk E,4K-TV,4,2702.830881899832
POS-07332,2023-09-13,Lalitpur-Patan,Pulchowk Rd,4K-TV,3,3679.138934657182
POS-07333,2023-11-15,Pokhara-Lakeside,Baidam Street 6,4K-TV,6,4144.25628431428
POS-07334,2023-10-14,Pokhara-Lakeside,Baidam Street 6,Drone-HD,8,4637.258764560277
POS-07335,2023-12-26,Butwal-Chowk,Traffic Chowk E,Smart-Hub,6,1292.1471074488572
POS-07336,2023-11-13,Pokhara-Lakeside,Baidam Street 6,Smart-Hub,2,2507.1037211971898
POS-07337,2023-03-29,Pokhara-Lakeside,Baidam Street 6,Gaming-Console,5,1989.701388844906
POS-07338,2023-09-15,Kathmandu-DurbarMarg,King's Way 101,Solar-Battery,9,584.8619115107568
POS-07339,2023-03-19,Kathmandu-DurbarMarg,King's Way 101,4K-TV,7,2300.9294477845756
POS-07340,2023-05-15,Biratnagar-Main,Hospital Rd,VR-Headset,2,4597.728924481874
POS-07341,2023-06-04,Lalitpur-Patan,Pulchowk Rd,Solar-Battery,8,3875.988195756362
POS-07342,2023-03-02,Pokhara-Lakeside,Baidam Street 6,VR-Headset,2,2224.1183925184537
POS-07343,2023-03-09,Kathmandu-DurbarMarg,King's Way 101,Smart-Hub,3,317.94262395303537
POS-07344,2023-07-31,Biratnagar-Main,Hospital Rd,Smart-Hub,1,-48.30238548573378
POS-07345,2023-12-26,Kathmandu-DurbarMarg,King's Way 101,Drone-HD,8,4491.012164717508
POS-07346,2023-02-04,Kathmandu-DurbarMarg,King's Way 101,VR-Headset,4,2980.464434446649
POS-07347,2023-12-08,Pokhara-Lakeside,Baidam Street 6,VR-Headset,1,2759.472128113328
POS-07348,2023-04-04,Pokhara-Lakeside,Baidam Street 6,Solar-Battery,3,545.7090590240473
POS-07349,2023-09-23,Lalitpur-Patan,Pulchowk Rd,Drone-HD,8,332.44163861565073
POS-07350,2023-04-02,Pokhara-Lakeside,Baidam Street 6,Solar-Battery,8,3243.7951124687265
POS-07351,2023-02-14,Kathmandu-DurbarMarg,King's Way 101,Smart-Hub,6,4838.865672536743
POS-07352,2023-07-07,Kathmandu-DurbarMarg,King's Way 101,Smart-Hub,2,724.7630653238231
POS-07353,2023-02-10,Lalitpur-Patan,Pulchowk Rd,Solar-Battery,6,872.4246218750156
POS-07354,2023-06-01,Kathmandu-DurbarMarg,King's Way 101,Solar-Battery,6,898.6300209627657
POS-07355,2023-02-16,Butwal-Chowk,Traffic Chowk E,Smart-Hub,2,3554.762142552547
POS-07356,2023-09-26,Kathmandu-DurbarMarg,King's Way 101,Smart-Hub,4,4481.549268380823
POS-07357,2023-01-31,Butwal-Chowk,Traffic Chowk E,VR-Headset,6,1877.8695597211697
POS-07358,2023-01-01,Lalitpur-Patan,Pulchowk Rd,4K-TV,6,2680.266926951954
POS-07359,2023-10-27,Biratnagar-Main,Hospital Rd,Gaming-Console,6,1587.6896891419208
POS-07360,2023-01-06,Lalitpur-Patan,Pulchowk Rd,Smart-Hub,9,4254.872596741197
POS-07361,2023-10-18,Kathmandu-DurbarMarg,King's Way 101,Smart-Hub,7,2650.5817420008334
POS-07362,2023-08-31,Pokhara-Lakeside,Baidam Street 6,4K-TV,3,190.17837642637784
POS-07363,2023-11-01,Biratnagar-Main,Hospital Rd,Solar-Battery,3,1067.1553627539668
POS-07364,2023-08-25,Lalitpur-Patan,Pulchowk Rd,VR-Headset,9,2401.6769667795593
POS-07365,2023-03-17,Butwal-Chowk,Traffic Chowk E,Gaming-Console,2,77.59320685456956
POS-07366,2023-02-08,Pokhara-Lakeside,Baidam Street 6,VR-Headset,4,4743.652895883676
POS-07367,2023-01-29,Biratnagar-Main,Hospital Rd,4K-TV,4,3890.61859704762
POS-07368,2023-10-12,Butwal-Chowk,Traffic Chowk E,VR-Headset,6,4493.548406034788
POS-07369,2023-10-21,Kathmandu-DurbarMarg,King's Way 101,VR-Headset,4,3903.8831415153454
POS-07370,2023-03-03,Lalitpur-Patan,Pulchowk Rd,Solar-Battery,9,2975.9764264668206
POS-07371,2023-12-26,Butwal-Chowk,Traffic Chowk E,Drone-HD,9,2352.9214580930043
POS-07372,2023-12-14,Butwal-Chowk,Traffic Chowk E,Gaming-Console,8,1189.7205637200852
POS-07373,2023-02-04,Butwal-Chowk,Traffic Chowk E,Solar-Battery,3,3545.473050263431
POS-07374,2023-05-23,Butwal-Chowk,Traffic Chowk E,Drone-HD,4,1484.2029214794904
POS-07375,2023-12-22,Lalitpur-Patan,Pulchowk Rd,4K-TV,4,1234.229836914676
POS-07376,2023-08-28,Kathmandu-DurbarMarg,King's Way 101,Drone-HD,4,2711.2762391703054
POS-07377,2023-06-17,Lalitpur-Patan,Pulchowk Rd,Drone-HD,4,2661.9930940710624
POS-07378,2023-03-23,Pokhara-Lakeside,Baidam Street 6,Gaming-Console,8,3451.362339313576
POS-07379,2023-09-21,Kathmandu-DurbarMarg,King's Way 101,VR-Headset,3,4901.442046938167
POS-07380,2023-07-04,Kathmandu-DurbarMarg,King's Way 101,Gaming-Console,2,4421.89654267434
POS-07381,2023-11-13,Pokhara-Lakeside,Baidam Street 6,4K-TV,1,4926.942653163075
POS-07382,2023-08-02,Kathmandu-DurbarMarg,King's Way 101,VR-Headset,4,1609.9579282424738
POS-07383,2023-02-01,Pokhara-Lakeside,Baidam Street 6,Solar-Battery,3,3925.9195179422836
POS-07384,2023-03-01,Kathmandu-DurbarMarg,King's Way 101,Drone-HD,7,457.6486371756887
POS-07385,2023-09-07,Butwal-Chowk,Traffic Chowk E,VR-Headset,8,4358.539960540406
POS-07386,2023-11-26,Biratnagar-Main,Hospital Rd,VR-Headset,3,1663.1208020364359
POS-07387,2023-11-18,Butwal-Chowk,Traffic Chowk E,Solar-Battery,2,1074.4586995082234
POS-07388,2023-05-10,Biratnagar-Main,Hospital Rd,VR-Headset,2,2482.085098434516
POS-07389,2023-11-07,Lalitpur-Patan,Pulchowk Rd,Smart-Hub,9,516.9637207244652
POS-07390,2023-06-12,Lalitpur-Patan,Pulchowk Rd,Smart-Hub,2,2689.0940341734477
POS-07391,2023-11-21,Pokhara-Lakeside,Baidam Street 6,4K-TV,9,2485.545331477313
POS-07392,2023-08-25,Lalitpur-Patan,Pulchowk Rd,Drone-HD,7,139.72566802624488
POS-07393,2023-01-23,Pokhara-Lakeside,Baidam Street 6,Solar-Battery,1,4468.234190462635
POS-07394,2023-11-07,Pokhara-Lakeside,Baidam Street 6,Smart-Hub,4,4874.470080090487
POS-07395,2023-11-11,Kathmandu-DurbarMarg,King's Way 101,4K-TV,1,3571.205660753994
POS-07396,2023-03-08,Biratnagar-Main,Hospital Rd,4K-TV,9,4335.5545430176035
POS-07397,2023-09-01,Biratnagar-Main,Hospital Rd,4K-TV,1,2405.1379927077633
POS-07398,2023-01-24,Lalitpur-Patan,Pulchowk Rd,Gaming-Console,2,219.09906668652934
POS-07399,2023-01-13,Biratnagar-Main,Hospital Rd,Gaming-Console,1,901.8192393648364
POS-07400,2023-08-02,Biratnagar-Main,Hospital Rd,Smart-Hub,5,4112.121310078254
POS-07401,2023-06-03,Lalitpur-Patan,Pulchowk Rd,Smart-Hub,6,4924.76034126752
POS-07402,2023-11-20,Butwal-Chowk,Traffic Chowk E,Solar-Battery,2,3215.932827757249
POS-07403,2023-03-26,Kathmandu-DurbarMarg,King's Way 101,4K-TV,5,1104.3781502870725
POS-07404,2023-01-30,Kathmandu-DurbarMarg,King's Way 101,Solar-Battery,4,792.7709213940084
POS-07405,2023-11-17,Pokhara-Lakeside,Baidam Street 6,Drone-HD,2,3665.506174090738
POS-07406,2023-09-23,Lalitpur-Patan,Pulchowk Rd,VR-Headset,3,4036.4453573021756
POS-07407,2023-12-15,Lalitpur-Patan,Pulchowk Rd,Solar-Battery,8,2751.949628660285
POS-07408,2023-03-22,Butwal-Chowk,Traffic Chowk E,Smart-Hub,4,1222.8487672911635
POS-07409,2023-10-20,Butwal-Chowk,Traffic Chowk E,Smart-Hub,3,2602.1436281952006
POS-07410,2023-09-08,Butwal-Chowk,Traffic Chowk E,Smart-Hub,2,223.9903023393798
POS-07411,2023-11-18,Biratnagar-Main,Hospital Rd,4K-TV,6,1010.223700254166
POS-07412,2023-09-07,Kathmandu-DurbarMarg,King's Way 101,Solar-Battery,3,1672.2512234081685
POS-07413,2023-02-16,Biratnagar-Main,Hospital Rd,4K-TV,6,2385.496611043609
POS-07414,2023-06-28,Lalitpur-Patan,Pulchowk Rd,VR-Headset,3,1909.8283922526807
POS-07415,2023-02-24,Biratnagar-Main,Hospital Rd,4K-TV,4,2416.0542241651597
POS-07416,2023-08-10,Lalitpur-Patan,Pulchowk Rd,4K-TV,6,2508.745781425628
POS-07417,2023-07-04,Kathmandu-DurbarMarg,King's Way 101,4K-TV,2,2377.718684761825
POS-07418,2023-09-11,Butwal-Chowk,Traffic Chowk E,Smart-Hub,9,2360.9775076641286
POS-07419,2023-04-03,Biratnagar-Main,Hospital Rd,4K-TV,5,1145.332012612591
POS-07420,2023-08-28,Pokhara-Lakeside,Baidam Street 6,Solar-Battery,1,1068.9767682966703
POS-07421,2023-11-02,Pokhara-Lakeside,Baidam Street 6,Solar-Battery,1,3491.711548766251
POS-07422,2023-03-27,Butwal-Chowk,Traffic Chowk E,VR-Headset,3,1142.9757061728978
POS-07423,2023-09-04,Lalitpur-Patan,Pulchowk Rd,VR-Headset,2,914.9748845648112
POS-07424,2023-01-15,Pokhara-Lakeside,Baidam Street 6,Gaming-Console,3,4185.9819874532695
POS-07425,2023-09-25,Kathmandu-DurbarMarg,King's Way 101,VR-Headset,6,4225.845279461649
POS-07426,2023-04-17,Pokhara-Lakeside,Baidam Street 6,Drone-HD,3,1613.2292497740877
POS-07427,2023-05-31,Lalitpur-Patan,Pulchowk Rd,Drone-HD,6,3529.8784958388082
POS-07428,2023-03-07,Lalitpur-Patan,Pulchowk Rd,Drone-HD,4,1398.6052313855823
POS-07429,2023-10-17,Kathmandu-DurbarMarg,King's Way 101,4K-TV,6,4786.047948132859
POS-07430,2023-12-24,Pokhara-Lakeside,Baidam Street 6,Drone-HD,7,2840.941252568126
POS-07431,2023-04-30,Butwal-Chowk,Traffic Chowk E,Smart-Hub,5,4540.590963728885
POS-07432,2023-08-05,Pokhara-Lakeside,Baidam Street 6,Drone-HD,4,63.64570854033886
POS-07433,2023-02-26,Kathmandu-DurbarMarg,King's Way 101,Smart-Hub,8,1001.3684082882446
POS-07434,2023-06-07,Biratnagar-Main,Hospital Rd,Solar-Battery,2,1343.1590330762733
POS-07435,2023-02-28,Kathmandu-DurbarMarg,King's Way 101,VR-Headset,3,2195.46073367815
POS-07436,2023-11-21,Butwal-Chowk,Traffic Chowk E,VR-Headset,4,3216.511227852006
POS-07437,2023-10-20,Lalitpur-Patan,Pulchowk Rd,Smart-Hub,7,1099.862967952297
POS-07438,2023-01-12,Lalitpur-Patan,Pulchowk Rd,Drone-HD,7,2467.449700393124
POS-07439,2023-02-15,Butwal-Chowk,Traffic Chowk E,VR-Headset,4,1467.3071556398622
POS-07440,2023-10-26,Lalitpur-Patan,Pulchowk Rd,Gaming-Console,9,2103.237278839209
POS-07441,2023-09-07,Butwal-Chowk,Traffic Chowk E,Drone-HD,5,3131.5504988048806
POS-07442,2023-09-03,Biratnagar-Main,Hospital Rd,Smart-Hub,3,4719.92252379165
POS-07443,2023-01-06,Butwal-Chowk,Traffic Chowk E,VR-Headset,9,1246.2827428168482
POS-07444,2023-07-30,Kathmandu-DurbarMarg,King's Way 101,VR-Headset,2,3622.895403519689
POS-07445,2023-01-01,Lalitpur-Patan,Pulchowk Rd,Drone-HD,1,3958.3540819493187
POS-07446,2023-05-02,Butwal-Chowk,Traffic Chowk E,Gaming-Console,6,4631.9486445967905
POS-07447,2023-04-14,Pokhara-Lakeside,Baidam Street 6,Gaming-Console,2,1133.3459291600043
POS-07448,2023-08-04,Pokhara-Lakeside,Baidam Street 6,Gaming-Console,2,3881.7703086742526
POS-07449,2023-07-15,Kathmandu-DurbarMarg,King's Way 101,VR-Headset,6,4301.562432799732
POS-07450,2023-10-21,Kathmandu-DurbarMarg,King's Way 101,Smart-Hub,9,4365.046332725816
POS-07451,2023-02-25,Pokhara-Lakeside,Baidam Street 6,4K-TV,5,3018.204524276027
POS-07452,2023-01-27,Lalitpur-Patan,Pulchowk Rd,Solar-Battery,2,1229.3398052675302
POS-07453,2023-04-13,Lalitpur-Patan,Pulchowk Rd,Gaming-Console,9,70.0239279629202
POS-07454,2023-03-13,Kathmandu-DurbarMarg,King's Way 101,Gaming-Console,9,2039.9249866941418
POS-07455,2023-12-09,Pokhara-Lakeside,Baidam Street 6,4K-TV,5,2044.8057296480647
POS-07456,2023-12-15,Biratnagar-Main,Hospital Rd,Drone-HD,6,4389.241840851912
POS-07457,2023-12-03,Pokhara-Lakeside,Baidam Street 6,VR-Headset,7,3988.293155078244
POS-07458,2023-07-02,Kathmandu-DurbarMarg,King's Way 101,VR-Headset,8,4896.055186851914
POS-07459,2023-03-05,Kathmandu-DurbarMarg,King's Way 101,Solar-Battery,1,2280.2691691675186
POS-07460,2023-08-05,Butwal-Chowk,Traffic Chowk E,Smart-Hub,3,431.27569783347417
POS-07461,2023-12-02,Pokhara-Lakeside,Baidam Street 6,Solar-Battery,2,980.291037257155
POS-07462,2023-02-28,Biratnagar-Main,Hospital Rd,Gaming-Console,6,1460.2537797864775
POS-07463,2023-02-03,Pokhara-Lakeside,Baidam Street 6,4K-TV,3,4406.053218974958
POS-07464,2023-01-31,Pokhara-Lakeside,Baidam Street 6,Solar-Battery,8,1535.5309053837766
POS-07465,2023-11-29,Kathmandu-DurbarMarg,King's Way 101,Solar-Battery,2,1965.3984337117727
POS-07466,2023-06-08,Lalitpur-Patan,Pulchowk Rd,Smart-Hub,7,3243.3273942351575
POS-07467,2023-12-11,Lalitpur-Patan,Pulchowk Rd,Drone-HD,1,2091.5003145752767
POS-07468,2023-11-06,Butwal-Chowk,Traffic Chowk E,Smart-Hub,6,2816.1633388940722
POS-07469,2023-01-27,Kathmandu-DurbarMarg,King's Way 101,Drone-HD,8,3602.705530387745
POS-07470,2023-09-17,Biratnagar-Main,Hospital Rd,4K-TV,4,441.09704632435603
POS-07471,2023-05-17,Lalitpur-Patan,Pulchowk Rd,4K-TV,8,1374.7332652019159
POS-07472,2023-11-25,Kathmandu-DurbarMarg,King's Way 101,Gaming-Console,4,895.3094230278643
POS-07473,2023-04-20,Biratnagar-Main,Hospital Rd,Solar-Battery,6,1281.135737206304
POS-07474,2023-06-03,Butwal-Chowk,Traffic Chowk E,Gaming-Console,1,2516.020387627143
POS-07475,2023-10-24,Pokhara-Lakeside,Baidam Street 6,Drone-HD,4,4085.362921787869
POS-07476,2023-01-31,Pokhara-Lakeside,Baidam Street 6,4K-TV,9,1830.0158809887746
POS-07477,2023-09-27,Lalitpur-Patan,Pulchowk Rd,Solar-Battery,7,601.7231257587753
POS-07478,2023-11-21,Butwal-Chowk,Traffic Chowk E,VR-Headset,6,3522.6723043693787
POS-07479,2023-07-25,Biratnagar-Main,Hospital Rd,Solar-Battery,2,3381.803243795603
POS-07480,2023-12-13,Butwal-Chowk,Traffic Chowk E,Smart-Hub,8,803.4505777681256
POS-07481,2023-03-06,Butwal-Chowk,Traffic Chowk E,VR-Headset,5,1330.6875698403164
POS-07482,2023-11-18,Pokhara-Lakeside,Baidam Street 6,Smart-Hub,7,3506.4853601440323
POS-07483,2023-05-27,Pokhara-Lakeside,Baidam Street 6,VR-Headset,3,3812.7782953367846
POS-07484,2023-10-29,Pokhara-Lakeside,Baidam Street 6,VR-Headset,9,4754.658203957972
POS-07485,2023-08-20,Lalitpur-Patan,Pulchowk Rd,4K-TV,1,3974.9609553884884
POS-07486,2023-01-25,Lalitpur-Patan,Pulchowk Rd,VR-Headset,4,3094.459167673656
POS-07487,2023-11-25,Lalitpur-Patan,Pulchowk Rd,Smart-Hub,6,3890.2644524834463
POS-07488,2023-05-11,Biratnagar-Main,Hospital Rd,Drone-HD,2,3262.8508066419013
POS-07489,2023-05-12,Butwal-Chowk,Traffic Chowk E,VR-Headset,8,2156.2027192445516
POS-07490,2023-06-28,Biratnagar-Main,Hospital Rd,VR-Headset,8,4711.522231729132
POS-07491,2023-04-15,Biratnagar-Main,Hospital Rd,VR-Headset,1,2579.6573457628706
POS-07492,2023-02-07,Lalitpur-Patan,Pulchowk Rd,Smart-Hub,5,1449.6979145564992
POS-07493,2023-02-25,Kathmandu-DurbarMarg,King's Way 101,Gaming-Console,9,-74.35014470500307
POS-07494,2023-09-29,Kathmandu-DurbarMarg,King's Way 101,Gaming-Console,4,4815.2067084462815
POS-07495,2023-09-02,Butwal-Chowk,Traffic Chowk E,Solar-Battery,9,3987.865428782025
POS-07496,2023-06-13,Pokhara-Lakeside,Baidam Street 6,VR-Headset,9,2837.3496636471086
POS-07497,2023-10-14,Pokhara-Lakeside,Baidam Street 6,Gaming-Console,3,4470.875137238802
POS-07498,2023-05-08,Butwal-Chowk,Traffic Chowk E,4K-TV,3,85.23479435879469
POS-07499,2023-04-29,Kathmandu-DurbarMarg,King's Way 101,Solar-Battery,2,3170.5316107025405
