TXN_ID,Product,Store,Date,Revenue,Quantity
JSON_00000,Cables,Berlin-03,2023-04-17,1779.2495169860267,3.0
JSON_00001,TV,Berlin-03,2023-03-29,2785.8299665508284,4.0
JSON_00004,TV,Tokyo-04,2023-06-19,333.7620652402114,4.0
JSON_00005,Keyboard,Tokyo-04,2023-02-20,1550.0737744957646,4.0
JSON_00007,Cables,Paris-05,2023-01-09,2851.7680580346664,2.0
JSON_00008,Keyboard,Berlin-03,2023-06-21,3126.413665327883,3.0
JSON_00009,Mouse,Tokyo-04,2023-04-14,2737.029166028468,2.0
JSON_00010,Keyboard,Berlin-03,2023-02-23,1608.1972614156514,2.0
JSON_00012,Cables,Berlin-03,2023-02-09,1754.2875257756582,2.0
JSON_00013,Laptop,Berlin-03,2023-05-04,832.5535919641657,1.0
JSON_00014,Laptop,London-01,2023-03-12,4852.74248837343,4.0
JSON_00016,Keyboard,Tokyo-04,2023-02-10,928.6419634324665,1.0
JSON_00019,Cables,London-01,2023-05-11,1469.423282969653,2.0
JSON_00020,Keyboard,London-01,2023-01-27,1176.5344009079574,3.0
JSON_00025,Monitor,Tokyo-04,2023-02-13,2627.2357115443815,2.0
JSON_00026,Keyboard,London-01,2023-04-02,1664.0925015553871,2.0
JSON_00027,Cables,Tokyo-04,2023-05-01,209.5752905651313,1.0
JSON_00028,Monitor,London-01,2023-06-04,491.9328243291421,1.0
JSON_00030,Monitor,London-01,2023-06-29,367.2081183809519,1.0
JSON_00031,Phone,Paris-05,2023-02-08,418.1773502047998,1.0
JSON_00032,Mouse,Paris-05,2023-04-23,1058.9041937297193,4.0
JSON_00033,Monitor,NYC-02,2023-05-09,249.2883786249691,2.0
JSON_00035,TV,Berlin-03,2023-02-07,2308.696884453281,2.0
JSON_00036,Laptop,London-01,2023-05-24,3874.4723224131894,4.0
JSON_00037,TV,Tokyo-04,2023-01-03,2360.664678822126,3.0
JSON_00038,Keyboard,Tokyo-04,2023-05-27,1477.3980758801802,4.0
JSON_00039,Laptop,Paris-05,2023-02-08,4241.276200529777,3.0
JSON_00041,TV,London-01,2023-03-31,1696.0614407479025,4.0
JSON_00042,Cables,Berlin-03,2023-05-20,1712.8092140163724,4.0
JSON_00043,Phone,NYC-02,2023-04-09,3871.988452184954,4.0
JSON_00044,Phone,Tokyo-04,2023-06-01,1336.2753151844202,1.0
JSON_00046,Monitor,Paris-05,2023-04-03,394.2674743114931,2.0
JSON_00047,Laptop,Tokyo-04,2023-06-18,3016.559770800114,4.0
JSON_00050,Monitor,NYC-02,2023-04-19,1615.1399315986848,4.0
JSON_00051,TV,London-01,2023-01-30,2895.4530230880937,3.0
JSON_00052,TV,NYC-02,2023-03-02,2292.451968112058,3.0
JSON_00054,Laptop,Berlin-03,2023-02-06,2662.132664572151,2.0
JSON_00056,Laptop,Paris-05,2023-03-08,653.6419903360035,2.0
JSON_00058,Mouse,NYC-02,2023-05-07,2046.3161987897467,2.0
JSON_00059,Monitor,NYC-02,2023-05-17,2070.794432583883,4.0
JSON_00060,Mouse,NYC-02,2023-01-26,851.5889665164663,1.0
JSON_00061,TV,London-01,2023-05-15,936.6948807552368,1.0
JSON_00066,Keyboard,Berlin-03,2023-04-18,3229.0109083178654,4.0
JSON_00068,Mouse,Tokyo-04,2023-04-24,501.2239680116239,2.0
JSON_00069,Mouse,Tokyo-04,2023-01-19,328.6436979402597,3.0
JSON_00071,Keyboard,London-01,2023-05-02,2096.6497122195624,2.0
JSON_00072,Cables,Berlin-03,2023-03-30,397.6916707782347,1.0
JSON_00074,Monitor,Berlin-03,2023-06-28,119.18838515289075,1.0
JSON_00075,Monitor,London-01,2023-02-16,1091.4510334775646,2.0
JSON_00076,Mouse,Paris-05,2023-05-24,5881.16106600475,4.0
JSON_00079,TV,Berlin-03,2023-03-10,5613.930586861001,4.0
JSON_00080,TV,NYC-02,2023-05-08,609.2987349224932,4.0
JSON_00081,Cables,London-01,2023-02-02,3095.6822893659705,3.0
JSON_00082,Mouse,London-01,2023-03-06,3719.781719486206,3.0
JSON_00084,Cables,Paris-05,2023-03-22,373.88458619219233,2.0
JSON_00085,Keyboard,London-01,2023-04-25,4153.359280042181,4.0
JSON_00086,TV,Berlin-03,2023-03-16,1054.691020103312,1.0
JSON_00087,Laptop,Berlin-03,2023-05-18,4860.189396232122,4.0
JSON_00088,Laptop,Paris-05,2023-02-05,3659.7311158125985,3.0
JSON_00089,Laptop,Tokyo-04,2023-02-06,2675.3664536960077,3.0
JSON_00091,Phone,Berlin-03,2023-03-27,2347.8478201481785,3.0
JSON_00093,Keyboard,Paris-05,2023-03-24,5710.359408894668,4.0
JSON_00094,Phone,Tokyo-04,2023-01-25,700.2460068685637,1.0
JSON_00096,Phone,Berlin-03,2023-05-02,2300.7283254562294,3.0
JSON_00097,Mouse,London-01,2023-03-17,1683.155733478468,2.0
JSON_00099,Cables,Paris-05,2023-05-02,155.5063592280806,1.0
JSON_00100,Monitor,London-01,2023-04-19,692.0587416941131,4.0
JSON_00101,TV,Tokyo-04,2023-02-14,786.3870616780283,2.0
JSON_00103,Cables,NYC-02,2023-05-06,410.6500239239175,1.0
JSON_00104,Cables,Tokyo-04,2023-05-28,1912.6290774991644,3.0
JSON_00107,Keyboard,Berlin-03,2023-06-22,1213.0584110887644,1.0
JSON_00108,Phone,NYC-02,2023-06-13,451.72454312940204,4.0
JSON_00111,TV,Tokyo-04,2023-04-12,457.39662490873394,1.0
JSON_00112,TV,Paris-05,2023-03-31,904.4054306452848,2.0
JSON_00114,Monitor,Berlin-03,2023-06-06,1366.9712561849137,3.0
JSON_00115,Mouse,London-01,2023-02-16,2485.35800447719,2.0
JSON_00116,Keyboard,Berlin-03,2023-04-19,5609.825203453277,4.0
JSON_00117,Cables,NYC-02,2023-06-26,1191.7437639463437,2.0
JSON_00118,Cables,London-01,2023-01-27,602.2917421149812,1.0
JSON_00119,Keyboard,Berlin-03,2023-05-09,1459.2101634054138,2.0
JSON_00121,Cables,London-01,2023-03-24,1796.9336437438687,2.0
JSON_00122,TV,Berlin-03,2023-06-22,694.6314526689222,2.0
JSON_00123,Keyboard,Tokyo-04,2023-02-03,5293.679871379315,4.0
JSON_00124,Phone,NYC-02,2023-04-28,164.33575188787472,2.0
JSON_00128,Monitor,Paris-05,2023-04-08,213.26929565528638,3.0
JSON_00129,Monitor,London-01,2023-02-21,684.3386369344072,1.0
JSON_00130,Laptop,NYC-02,2023-04-16,1186.2968684746575,1.0
JSON_00131,Laptop,Paris-05,2023-05-25,4819.536298908488,4.0
JSON_00134,Laptop,Tokyo-04,2023-04-14,753.898201024934,3.0
JSON_00135,Cables,Paris-05,2023-06-09,2635.52105407781,2.0
JSON_00136,Cables,Paris-05,2023-04-02,749.1622911283297,2.0
JSON_00137,Monitor,Paris-05,2023-01-12,357.23734789546126,2.0
JSON_00138,Mouse,London-01,2023-06-04,236.68517753448367,1.0
JSON_00142,Mouse,Berlin-03,2023-05-10,2303.8706859189983,2.0
JSON_00145,Keyboard,Paris-05,2023-01-28,202.0602914720973,1.0
JSON_00146,Laptop,Tokyo-04,2023-05-06,1269.0294795230002,1.0
JSON_00147,Laptop,NYC-02,2023-05-18,547.2439532034773,1.0
JSON_00149,Mouse,Tokyo-04,2023-01-06,939.9657562142698,4.0
JSON_00155,Mouse,London-01,2023-03-03,2284.7571897757125,3.0
JSON_00156,Cables,Tokyo-04,2023-06-22,1651.6065229302405,2.0
JSON_00157,TV,London-01,2023-01-20,4360.774189293419,3.0
JSON_00158,Monitor,Berlin-03,2023-02-07,3226.4509160533335,3.0
JSON_00159,Monitor,London-01,2023-01-03,2802.841592545109,2.0
JSON_00160,Mouse,Tokyo-04,2023-05-18,708.6885597176945,1.0
JSON_00161,Laptop,Berlin-03,2023-03-04,1042.6287444257582,1.0
JSON_00164,Monitor,London-01,2023-02-04,5947.390963452865,4.0
JSON_00165,Monitor,Berlin-03,2023-04-15,5082.6069051979775,4.0
JSON_00166,Phone,NYC-02,2023-01-05,574.602234310543,2.0
JSON_00167,Mouse,London-01,2023-02-11,3233.779463660892,4.0
JSON_00168,Cables,NYC-02,2023-02-01,1410.650943767214,2.0
JSON_00169,Laptop,London-01,2023-06-02,2498.047619328654,3.0
JSON_00170,Keyboard,NYC-02,2023-04-14,1819.9268129734696,3.0
JSON_00171,TV,Paris-05,2023-06-28,2027.1474226435253,3.0
JSON_00172,Cables,Tokyo-04,2023-06-04,2648.024434582971,2.0
JSON_00174,Mouse,NYC-02,2023-01-05,346.58966009572174,1.0
JSON_00175,Cables,Tokyo-04,2023-02-16,796.9129783160411,4.0
JSON_00176,Cables,Berlin-03,2023-05-16,2777.2167435154297,3.0
JSON_00178,TV,Berlin-03,2023-01-27,2609.961310854936,3.0
JSON_00181,TV,Tokyo-04,2023-06-20,1684.890084751241,4.0
JSON_00183,Monitor,Berlin-03,2023-02-20,3542.4724889675163,4.0
JSON_00185,Keyboard,London-01,2023-02-26,580.0094800651403,2.0
JSON_00187,Laptop,Paris-05,2023-04-27,1608.1080011596691,3.0
JSON_00189,Phone,NYC-02,2023-01-17,2212.3285709981205,4.0
JSON_00193,Keyboard,Tokyo-04,2023-03-27,715.534032624669,1.0
JSON_00196,Mouse,NYC-02,2023-06-17,102.99701837973757,1.0
JSON_00197,Monitor,Paris-05,2023-04-23,2349.030088415531,2.0
JSON_00198,Keyboard,Berlin-03,2023-01-08,3479.299822638147,3.0
JSON_00199,TV,Paris-05,2023-04-20,1142.2070200838036,1.0
JSON_00206,Mouse,Tokyo-04,2023-01-29,456.05298002185464,2.0
JSON_00207,Keyboard,Paris-05,2023-01-11,2740.8096102668815,2.0
JSON_00209,Laptop,Tokyo-04,2023-03-27,1364.7669344924184,2.0
JSON_00210,Mouse,London-01,2023-05-08,2611.1282968545383,3.0
JSON_00212,Cables,Paris-05,2023-06-03,985.3285432655277,1.0
JSON_00213,Cables,Paris-05,2023-03-11,2104.5433870679976,2.0
JSON_00214,Laptop,Berlin-03,2023-01-17,1771.8977789913354,2.0
JSON_00216,TV,Paris-05,2023-06-17,1355.0270306797524,1.0
JSON_00217,Mouse,London-01,2023-06-22,1014.3031780920704,1.0
JSON_00218,TV,Paris-05,2023-03-05,1211.1017319235427,2.0
JSON_00219,Mouse,NYC-02,2023-02-05,1120.148743818237,1.0
JSON_00220,Phone,London-01,2023-06-13,1843.4359210825978,3.0
JSON_00223,Mouse,NYC-02,2023-04-19,912.8629995153696,1.0
JSON_00224,Laptop,London-01,2023-02-09,1167.8226954314418,1.0
JSON_00227,Laptop,Berlin-03,2023-02-18,1012.3300147472916,2.0
JSON_00230,Cables,London-01,2023-06-03,1519.3323945651073,2.0
JSON_00232,Keyboard,Berlin-03,2023-03-20,736.1546712179335,1.0
JSON_00234,Mouse,NYC-02,2023-05-26,3391.030784322959,3.0
JSON_00235,Cables,Tokyo-04,2023-04-18,207.32214067492862,2.0
JSON_00237,Mouse,Berlin-03,2023-06-02,832.262373944239,1.0
JSON_00238,Keyboard,Paris-05,2023-05-06,4004.003204827414,3.0
JSON_00240,TV,Berlin-03,2023-03-03,1497.0044602733394,1.0
JSON_00241,Monitor,Paris-05,2023-05-01,892.0979504796252,1.0
JSON_00243,Monitor,Paris-05,2023-03-09,727.6006114795962,1.0
JSON_00245,Cables,Berlin-03,2023-02-06,3106.4656797148536,3.0
JSON_00247,Phone,Tokyo-04,2023-02-21,3757.7860574221045,4.0
JSON_00248,Cables,NYC-02,2023-04-27,2833.9221449918646,2.0
JSON_00249,Mouse,London-01,2023-06-18,1153.4136809722504,3.0
JSON_00251,Mouse,NYC-02,2023-03-02,2404.4325950423063,3.0
JSON_00252,Monitor,NYC-02,2023-01-03,1149.4457897709324,1.0
JSON_00253,Monitor,Tokyo-04,2023-03-14,374.5355414928035,1.0
JSON_00254,TV,NYC-02,2023-03-08,182.65591422674456,1.0
JSON_00255,Laptop,Paris-05,2023-03-17,4016.0541474300508,3.0
JSON_00258,Monitor,Berlin-03,2023-02-09,160.38974626093528,1.0
JSON_00259,Phone,Paris-05,2023-02-09,1364.444893194641,1.0
JSON_00260,Laptop,Tokyo-04,2023-05-27,1311.5729752369828,3.0
JSON_00261,Laptop,Berlin-03,2023-04-17,1307.5765913917135,1.0
JSON_00262,Keyboard,Tokyo-04,2023-06-15,1036.2041190524355,1.0
JSON_00267,Monitor,NYC-02,2023-03-11,189.46496023935362,3.0
JSON_00268,TV,Tokyo-04,2023-03-04,2504.5096172410795,3.0
JSON_00269,Mouse,Tokyo-04,2023-05-28,5605.763011958102,4.0
JSON_00270,Mouse,London-01,2023-05-30,972.7943441457671,2.0
JSON_00272,TV,Berlin-03,2023-06-29,2089.9186354948984,3.0
JSON_00274,Cables,Paris-05,2023-06-23,4163.11318431773,4.0
JSON_00278,TV,NYC-02,2023-04-11,1353.7709230235455,2.0
JSON_00279,TV,Paris-05,2023-01-01,2304.272827470482,2.0
JSON_00280,Laptop,London-01,2023-03-05,1533.7367141682998,4.0
JSON_00281,Monitor,Tokyo-04,2023-01-27,584.3631983994536,1.0
JSON_00282,Monitor,NYC-02,2023-03-20,2619.0071870712713,2.0
JSON_00283,TV,Berlin-03,2023-06-21,2306.969573734697,2.0
JSON_00286,Phone,Paris-05,2023-04-27,572.4118350357777,4.0
JSON_00288,Laptop,London-01,2023-02-14,3680.1191790919615,4.0
JSON_00291,TV,Paris-05,2023-06-09,1068.5742072889507,1.0
JSON_00292,Cables,London-01,2023-06-07,3202.727531631326,4.0
JSON_00296,TV,Paris-05,2023-02-10,3776.306574802349,4.0
JSON_00299,Mouse,Tokyo-04,2023-02-10,1411.7230251030703,2.0
JSON_00300,Cables,Tokyo-04,2023-03-28,168.3634739443549,1.0
JSON_00302,TV,NYC-02,2023-02-01,628.141955497228,2.0
JSON_00303,Phone,London-01,2023-02-06,240.74595591819073,3.0
JSON_00305,Keyboard,Berlin-03,2023-04-04,847.2803766825197,2.0
JSON_00306,TV,Tokyo-04,2023-01-04,2253.848911479945,2.0
JSON_00309,Monitor,Paris-05,2023-04-25,661.4953439665104,1.0
JSON_00310,Keyboard,Berlin-03,2023-02-09,355.4601740582165,1.0
JSON_00311,TV,Paris-05,2023-03-28,481.5462868690534,2.0
JSON_00314,Laptop,NYC-02,2023-05-25,1010.8008545620645,1.0
JSON_00317,Cables,Paris-05,2023-03-21,2662.7580420161826,2.0
JSON_00318,Phone,Tokyo-04,2023-05-13,4082.4643284642957,4.0
JSON_00319,Phone,London-01,2023-01-28,1074.8269644838965,1.0
JSON_00320,TV,London-01,2023-02-18,2269.04590763201,4.0
JSON_00321,Cables,NYC-02,2023-04-18,3595.0553135011623,4.0
JSON_00322,Mouse,Tokyo-04,2023-02-06,441.13693669963493,1.0
JSON_00323,Laptop,Berlin-03,2023-02-28,978.0043019135248,1.0
JSON_00324,Mouse,Berlin-03,2023-01-20,3591.0900625670147,4.0
JSON_00326,Monitor,Tokyo-04,2023-05-31,1674.502563405461,4.0
JSON_00327,Mouse,Paris-05,2023-02-21,929.3007684785632,4.0
JSON_00329,Laptop,Paris-05,2023-06-24,1170.3416260065046,3.0
JSON_00330,Mouse,Paris-05,2023-06-07,1469.015366730769,1.0
JSON_00331,Phone,Tokyo-04,2023-04-23,5019.087709781892,4.0
JSON_00332,Keyboard,NYC-02,2023-01-01,4813.960155839139,4.0
JSON_00333,Monitor,Paris-05,2023-04-15,4995.665525528889,4.0
JSON_00334,Laptop,London-01,2023-03-04,280.96679560206746,1.0
JSON_00337,Cables,NYC-02,2023-01-23,4070.9840757097327,3.0
JSON_00338,Keyboard,Berlin-03,2023-03-30,594.7247652285034,1.0
JSON_00339,TV,NYC-02,2023-05-29,581.3692255635269,1.0
JSON_00340,Monitor,Tokyo-04,2023-02-04,1401.211505605339,2.0
JSON_00341,Monitor,Paris-05,2023-03-15,901.2394761666689,1.0
JSON_00342,Monitor,Paris-05,2023-02-17,2402.757525039533,4.0
JSON_00343,Mouse,Berlin-03,2023-01-12,348.72398167732695,4.0
JSON_00344,Keyboard,NYC-02,2023-01-15,1782.4998707592636,2.0
JSON_00345,Cables,Berlin-03,2023-06-20,3398.909365190829,3.0
JSON_00346,Keyboard,Tokyo-04,2023-04-27,674.7500327301483,1.0
JSON_00347,Cables,Berlin-03,2023-03-09,1998.6099361509098,2.0
JSON_00348,Monitor,Tokyo-04,2023-04-27,996.3287058560593,3.0
JSON_00349,TV,Paris-05,2023-05-16,2795.8570445237688,2.0
JSON_00350,Laptop,Paris-05,2023-05-12,2176.8369552472614,2.0
JSON_00352,Mouse,Berlin-03,2023-06-19,4312.468317990109,4.0
JSON_00354,Keyboard,Berlin-03,2023-05-03,225.89634527897556,2.0
JSON_00355,Laptop,Paris-05,2023-05-17,3713.4715385065374,3.0
JSON_00356,Laptop,Paris-05,2023-05-05,1871.844867667876,2.0
JSON_00357,TV,NYC-02,2023-06-01,1682.7409872937794,4.0
JSON_00358,Mouse,Tokyo-04,2023-05-27,1023.5657708193909,1.0
JSON_00359,TV,NYC-02,2023-02-18,1329.4399574485758,2.0
JSON_00360,Keyboard,Berlin-03,2023-05-30,2207.080050504342,3.0
JSON_00361,Monitor,London-01,2023-05-18,930.2863523287322,1.0
JSON_00362,Keyboard,NYC-02,2023-01-02,911.9906860199509,1.0
JSON_00364,TV,NYC-02,2023-02-15,145.88116612018908,2.0
JSON_00366,Phone,London-01,2023-03-14,1971.340528824579,2.0
JSON_00367,Mouse,Tokyo-04,2023-02-18,2258.9785738252363,4.0
JSON_00370,Keyboard,Paris-05,2023-02-04,2983.004147541386,2.0
JSON_00371,Cables,Berlin-03,2023-02-05,533.6758467346906,1.0
JSON_00376,Cables,London-01,2023-02-01,3816.7969904160063,4.0
JSON_00377,Laptop,Tokyo-04,2023-05-22,2354.7471784190993,3.0
JSON_00378,Phone,Paris-05,2023-03-26,431.5132263707222,1.0
JSON_00382,Monitor,Paris-05,2023-06-07,1665.224594403834,2.0
JSON_00384,Mouse,NYC-02,2023-05-10,1268.6425184189682,2.0
JSON_00385,Laptop,Paris-05,2023-01-25,1464.6347912468766,1.0
JSON_00386,Monitor,London-01,2023-01-14,5199.6839971812105,4.0
JSON_00387,Laptop,NYC-02,2023-05-11,2317.948422618687,2.0
JSON_00388,Mouse,Berlin-03,2023-05-16,1048.9691545410449,4.0
JSON_00389,Cables,Tokyo-04,2023-01-12,737.973357823479,3.0
JSON_00392,Mouse,London-01,2023-01-10,277.9139186209377,2.0
JSON_00394,Monitor,Tokyo-04,2023-03-14,793.6223022261843,2.0
JSON_00395,TV,Tokyo-04,2023-04-07,589.549277896313,3.0
JSON_00396,Cables,Tokyo-04,2023-05-04,1527.588708110359,4.0
JSON_00398,TV,NYC-02,2023-01-07,1273.9154443470795,2.0
JSON_00399,Monitor,Berlin-03,2023-03-27,3749.7898457159035,3.0
JSON_00400,Mouse,Berlin-03,2023-03-20,1960.2698920819626,3.0
JSON_00401,Cables,Berlin-03,2023-03-06,497.61814661409727,2.0
JSON_00402,Cables,Berlin-03,2023-03-23,1598.9684540773405,4.0
JSON_00404,TV,Tokyo-04,2023-02-03,871.455906215604,2.0
JSON_00405,Monitor,Berlin-03,2023-06-29,1480.452575169423,2.0
JSON_00406,Laptop,London-01,2023-04-15,1188.2739885637325,1.0
JSON_00407,Mouse,London-01,2023-01-29,2095.590647650972,2.0
JSON_00408,Phone,Tokyo-04,2023-01-21,317.15461798611375,3.0
JSON_00410,Laptop,Tokyo-04,2023-03-10,2110.1955067744466,3.0
JSON_00413,TV,NYC-02,2023-05-15,4463.409578585692,3.0
JSON_00416,Monitor,Tokyo-04,2023-02-18,2415.2499099867964,4.0
JSON_00418,Mouse,NYC-02,2023-05-20,2908.617455023713,2.0
JSON_00419,Mouse,Tokyo-04,2023-05-24,2264.1674379522988,3.0
JSON_00427,Mouse,NYC-02,2023-06-29,3316.570218778733,3.0
JSON_00428,Monitor,Berlin-03,2023-02-13,2274.514465782487,3.0
JSON_00431,TV,London-01,2023-05-24,679.010742769419,1.0
JSON_00432,Mouse,Paris-05,2023-03-05,3984.310891586343,3.0
JSON_00434,TV,Tokyo-04,2023-05-17,2094.863918651754,2.0
JSON_00435,Monitor,London-01,2023-01-12,2559.3385942792384,2.0
JSON_00436,Phone,NYC-02,2023-01-20,3410.5228574396633,3.0
JSON_00437,TV,Paris-05,2023-04-11,1479.3783373824347,3.0
JSON_00439,Mouse,Berlin-03,2023-04-13,1235.424524715705,2.0
JSON_00440,Laptop,Tokyo-04,2023-06-22,875.9502626686884,3.0
JSON_00441,Mouse,Berlin-03,2023-01-03,3953.0417471545343,3.0
JSON_00442,Monitor,Paris-05,2023-01-24,2138.535978838163,2.0
JSON_00445,Monitor,Tokyo-04,2023-06-22,3739.3184043476012,3.0
JSON_00446,Laptop,Tokyo-04,2023-03-04,3349.4493882207885,3.0
JSON_00447,Monitor,Tokyo-04,2023-02-26,1211.9820279383025,1.0
JSON_00450,Mouse,Paris-05,2023-03-02,2706.7967197505623,3.0
JSON_00452,Phone,Paris-05,2023-02-15,1413.9849054172437,1.0
JSON_00453,Mouse,Berlin-03,2023-02-18,5083.21468739249,4.0
JSON_00455,Monitor,Tokyo-04,2023-02-26,769.8686709151847,1.0
JSON_00458,Monitor,Paris-05,2023-01-14,1349.3813609656522,3.0
JSON_00459,Cables,London-01,2023-02-13,2808.491086213132,4.0
JSON_00460,Cables,London-01,2023-04-17,394.95888106303926,4.0
JSON_00463,Cables,London-01,2023-05-22,2500.8182884343014,2.0
JSON_00464,Cables,Paris-05,2023-03-28,5881.39487421419,4.0
JSON_00465,Laptop,Tokyo-04,2023-03-26,540.4815027319052,1.0
JSON_00466,Laptop,Paris-05,2023-05-07,646.3166642625101,3.0
JSON_00467,Cables,Berlin-03,2023-06-01,2082.886906173423,2.0
JSON_00469,Mouse,London-01,2023-04-08,938.7052332498264,1.0
JSON_00470,Mouse,Paris-05,2023-02-26,508.7829198131309,2.0
JSON_00472,Phone,Paris-05,2023-02-28,4764.426782522464,4.0
JSON_00475,Monitor,Tokyo-04,2023-04-26,699.2039551478686,3.0
JSON_00476,Laptop,Paris-05,2023-01-28,4267.875100768291,3.0
JSON_00477,Laptop,Tokyo-04,2023-05-11,1702.2894828699032,2.0
JSON_00479,TV,NYC-02,2023-02-20,1203.2180217719308,2.0
JSON_00480,Cables,Tokyo-04,2023-02-10,186.35235142968622,1.0
JSON_00484,Phone,Tokyo-04,2023-04-11,342.92271918361047,1.0
JSON_00485,TV,London-01,2023-01-19,2065.4068699023182,3.0
JSON_00486,Keyboard,Berlin-03,2023-03-04,782.5498216861255,1.0
JSON_00487,Monitor,Tokyo-04,2023-01-04,2036.9679965305186,2.0
JSON_00488,Laptop,Berlin-03,2023-01-27,2009.580142454676,3.0
JSON_00489,Monitor,Paris-05,2023-06-11,1629.4589041557613,2.0
JSON_00490,Monitor,Tokyo-04,2023-01-09,2221.339821987051,2.0
JSON_00491,Mouse,NYC-02,2023-05-01,631.7557371374678,3.0
JSON_00492,TV,Tokyo-04,2023-05-11,1989.8369642486352,2.0
JSON_00493,Phone,Berlin-03,2023-06-10,1207.817240187314,4.0
JSON_00494,Phone,Paris-05,2023-03-23,1362.771817702912,1.0
JSON_00495,TV,Berlin-03,2023-01-17,2044.4487266319932,3.0
JSON_00496,Cables,Tokyo-04,2023-02-02,5093.6764931590005,4.0
JSON_00500,TV,Tokyo-04,2023-05-22,1156.5751723253895,1.0
JSON_00502,Phone,NYC-02,2023-05-31,2730.8655890469067,2.0
JSON_00503,Monitor,Berlin-03,2023-04-10,2094.6916155579506,3.0
JSON_00504,Laptop,London-01,2023-03-25,2594.014549742951,4.0
JSON_00505,Phone,London-01,2023-05-30,2245.7219502240982,2.0
JSON_00506,Cables,Tokyo-04,2023-01-28,4111.850203151032,3.0
JSON_00509,TV,London-01,2023-01-09,149.09435652177757,1.0
JSON_00511,Cables,London-01,2023-01-02,287.0246866225858,2.0
JSON_00512,Monitor,Berlin-03,2023-01-16,543.5884728568687,1.0
JSON_00514,Phone,Berlin-03,2023-01-20,3224.384996452819,4.0
JSON_00515,Phone,Tokyo-04,2023-05-17,216.65284573637192,1.0
JSON_00516,Keyboard,Berlin-03,2023-01-08,431.3879867908223,3.0
JSON_00518,Phone,Berlin-03,2023-05-30,1088.3655293905551,2.0
JSON_00520,Monitor,NYC-02,2023-06-22,804.5038562884165,4.0
JSON_00521,Keyboard,London-01,2023-04-15,2856.54005249999,2.0
JSON_00522,TV,Berlin-03,2023-05-25,305.70342678794293,2.0
JSON_00523,Laptop,Paris-05,2023-05-04,116.19068097845641,1.0
JSON_00525,Monitor,Berlin-03,2023-05-21,456.99066249816275,1.0
JSON_00526,TV,Tokyo-04,2023-02-12,61.11284734137672,1.0
JSON_00528,Laptop,Berlin-03,2023-03-29,114.36226964773893,1.0
JSON_00530,Cables,NYC-02,2023-05-27,279.0567703316182,3.0
JSON_00531,TV,NYC-02,2023-04-18,1793.4428480132133,4.0
JSON_00532,Laptop,Berlin-03,2023-01-12,1366.0359537070046,1.0
JSON_00533,Phone,London-01,2023-01-08,2183.444766474332,2.0
JSON_00536,Laptop,Tokyo-04,2023-06-17,183.812948506223,1.0
JSON_00538,Cables,NYC-02,2023-02-20,1973.6789075146828,2.0
JSON_00540,Monitor,Berlin-03,2023-01-02,3299.2827912775083,3.0
JSON_00541,Monitor,London-01,2023-03-22,3297.01134077703,4.0
JSON_00544,Phone,Tokyo-04,2023-05-26,1276.1263263353649,1.0
JSON_00546,Keyboard,Tokyo-04,2023-06-05,1207.651493751611,1.0
JSON_00547,Phone,Paris-05,2023-02-17,674.9285697442796,1.0
JSON_00549,Laptop,London-01,2023-06-14,870.4833095729543,3.0
JSON_00553,Phone,NYC-02,2023-04-30,761.4054089658694,3.0
JSON_00555,Cables,NYC-02,2023-01-06,1951.5534758277868,3.0
JSON_00556,Cables,Berlin-03,2023-05-02,1514.7684718579787,2.0
JSON_00557,Mouse,Tokyo-04,2023-05-14,2373.860693134419,4.0
JSON_00559,Cables,Tokyo-04,2023-01-22,94.85958486044586,1.0
JSON_00561,Phone,Berlin-03,2023-04-08,2531.792723218202,2.0
JSON_00562,Phone,Tokyo-04,2023-01-21,400.7669825657582,3.0
JSON_00563,Phone,Berlin-03,2023-01-24,840.0001034405209,1.0
JSON_00564,Laptop,Berlin-03,2023-06-28,2874.1192981816275,3.0
JSON_00565,Phone,Paris-05,2023-06-01,1326.456405115944,1.0
JSON_00566,Cables,London-01,2023-01-05,4438.744566528491,4.0
JSON_00567,Mouse,Berlin-03,2023-04-01,4095.2012184315276,3.0
JSON_00569,Monitor,London-01,2023-01-20,461.9803605038601,2.0
JSON_00570,TV,Paris-05,2023-05-27,5675.444144187308,4.0
JSON_00571,Laptop,NYC-02,2023-04-12,2288.401542635916,2.0
JSON_00572,Monitor,Berlin-03,2023-06-28,3463.8221324929827,3.0
JSON_00574,Laptop,Berlin-03,2023-04-26,340.68804751618404,1.0
JSON_00578,Monitor,NYC-02,2023-06-01,570.1375118546695,1.0
JSON_00579,Laptop,Paris-05,2023-04-24,4801.685282971017,4.0
JSON_00581,Laptop,Tokyo-04,2023-05-13,771.3987497586479,3.0
JSON_00584,Cables,Paris-05,2023-06-22,555.789774255745,1.0
JSON_00585,Keyboard,London-01,2023-03-07,392.72947993481233,2.0
JSON_00586,Mouse,Paris-05,2023-03-07,1202.0475395115857,1.0
JSON_00588,Monitor,NYC-02,2023-02-24,474.1468820525756,1.0
JSON_00589,Monitor,London-01,2023-05-25,895.7233640613675,1.0
JSON_00590,Laptop,London-01,2023-01-19,197.6406168202309,2.0
JSON_00592,Monitor,Paris-05,2023-05-28,2482.1527757635204,2.0
JSON_00594,TV,Paris-05,2023-01-08,2412.7390315517673,3.0
JSON_00596,Mouse,Paris-05,2023-04-03,4542.14235793196,4.0
JSON_00597,Laptop,Paris-05,2023-03-29,1821.1087126302107,2.0
JSON_00598,Phone,Tokyo-04,2023-06-06,407.89461034275826,1.0
JSON_00599,TV,Paris-05,2023-06-04,2289.3567290424817,4.0
JSON_00600,Laptop,NYC-02,2023-05-21,2387.904168150421,2.0
JSON_00601,Mouse,London-01,2023-06-14,1791.3335347398888,3.0
JSON_00603,Laptop,Berlin-03,2023-01-13,1168.3279147337526,4.0
JSON_00604,Monitor,London-01,2023-06-24,1153.5047958636353,1.0
JSON_00605,Mouse,Berlin-03,2023-05-20,202.7791372637419,1.0
JSON_00606,Phone,London-01,2023-01-28,1716.2195266692559,3.0
JSON_00607,Keyboard,Tokyo-04,2023-04-15,210.91741064846474,1.0
JSON_00610,Keyboard,London-01,2023-06-11,4131.316561798256,4.0
JSON_00611,TV,Berlin-03,2023-06-21,4483.865257167518,4.0
JSON_00612,Phone,Tokyo-04,2023-01-21,2186.4705146594824,3.0
JSON_00613,Cables,Paris-05,2023-02-23,4067.8266311953457,4.0
JSON_00614,Monitor,Berlin-03,2023-01-13,779.2275625898334,4.0
JSON_00615,Phone,Paris-05,2023-05-22,1265.484771341272,1.0
JSON_00617,Mouse,Tokyo-04,2023-05-02,2202.0838480135494,2.0
JSON_00619,Keyboard,NYC-02,2023-06-19,481.40297405749595,2.0
JSON_00620,Laptop,Berlin-03,2023-05-15,583.2137936674094,1.0
JSON_00622,Keyboard,Tokyo-04,2023-05-15,2621.202428669723,3.0
JSON_00624,Mouse,Paris-05,2023-06-06,5416.840232767389,4.0
JSON_00625,TV,Paris-05,2023-06-21,1472.8625563352464,2.0
JSON_00626,Mouse,Tokyo-04,2023-02-25,4457.408687106154,3.0
JSON_00627,Mouse,NYC-02,2023-01-17,5784.056431468595,4.0
JSON_00628,Phone,Paris-05,2023-01-25,948.6151285779794,1.0
JSON_00629,Keyboard,Tokyo-04,2023-04-14,1351.6323636419158,3.0
JSON_00632,TV,Tokyo-04,2023-01-05,140.19467793881898,1.0
JSON_00635,Monitor,Paris-05,2023-03-19,448.3205318194434,1.0
JSON_00636,TV,Berlin-03,2023-01-06,714.9670180950679,1.0
JSON_00637,Mouse,Berlin-03,2023-03-16,367.4087746696025,3.0
JSON_00638,Phone,Tokyo-04,2023-06-18,2472.7781191726576,4.0
JSON_00641,Phone,Tokyo-04,2023-01-04,952.3977336950069,1.0
JSON_00642,Cables,NYC-02,2023-04-17,5465.813003921792,4.0
JSON_00643,Monitor,Paris-05,2023-05-21,5868.385866350722,4.0
JSON_00646,Keyboard,Paris-05,2023-06-05,3784.0240641632477,3.0
JSON_00647,Keyboard,Paris-05,2023-04-14,467.12905830174697,4.0
JSON_00648,Cables,London-01,2023-06-04,3665.9981620683284,3.0
JSON_00650,TV,Tokyo-04,2023-03-08,115.12138354364299,1.0
JSON_00651,Mouse,NYC-02,2023-04-13,194.59205019054286,2.0
JSON_00652,Cables,Tokyo-04,2023-04-03,2855.872096313823,3.0
JSON_00653,Mouse,Paris-05,2023-01-01,652.6256490656365,1.0
JSON_00655,TV,Berlin-03,2023-06-18,1436.664135411915,1.0
JSON_00656,TV,NYC-02,2023-05-29,2185.56370113925,2.0
JSON_00659,Phone,London-01,2023-05-16,3085.731142447393,4.0
JSON_00660,Keyboard,Paris-05,2023-03-09,3869.3813770467177,3.0
JSON_00661,Keyboard,NYC-02,2023-01-24,785.0346350446601,1.0
JSON_00662,TV,Paris-05,2023-01-24,3311.359125131655,3.0
JSON_00664,Cables,London-01,2023-06-18,618.144746761075,1.0
JSON_00665,Keyboard,Paris-05,2023-02-26,416.78965704827937,3.0
JSON_00666,Monitor,NYC-02,2023-01-03,1473.2644304178218,3.0
JSON_00669,Keyboard,NYC-02,2023-05-06,833.1594576586816,2.0
JSON_00670,Monitor,Berlin-03,2023-01-22,638.3391944918385,1.0
JSON_00671,Mouse,Paris-05,2023-01-31,1067.6884072563248,4.0
JSON_00672,Phone,London-01,2023-01-09,1170.4635632061502,4.0
JSON_00673,Keyboard,Tokyo-04,2023-03-09,111.51233239999296,1.0
JSON_00675,Keyboard,Paris-05,2023-03-29,2341.828467250138,4.0
JSON_00676,Keyboard,Paris-05,2023-05-31,192.4407386741667,1.0
JSON_00677,Laptop,Berlin-03,2023-06-18,1299.4518104916506,1.0
JSON_00678,Keyboard,London-01,2023-01-03,359.42035456474986,1.0
JSON_00679,Phone,London-01,2023-03-06,2208.4646086846315,2.0
JSON_00680,Mouse,Tokyo-04,2023-05-08,286.40123855080697,1.0
JSON_00681,Laptop,Paris-05,2023-03-19,173.06090048176515,2.0
JSON_00682,Phone,Berlin-03,2023-02-28,2545.506463715567,2.0
JSON_00683,Laptop,Berlin-03,2023-03-24,842.3239583128786,1.0
JSON_00685,Keyboard,Tokyo-04,2023-03-30,2500.0113555417865,4.0
JSON_00686,Laptop,NYC-02,2023-01-22,956.2923198235484,1.0
JSON_00687,Mouse,NYC-02,2023-04-29,611.1711401694552,4.0
JSON_00688,Laptop,Tokyo-04,2023-03-13,1473.7632622109818,1.0
JSON_00689,TV,NYC-02,2023-05-13,78.70370460351886,1.0
JSON_00691,Phone,London-01,2023-02-19,816.6815085180366,2.0
JSON_00694,Mouse,Berlin-03,2023-05-28,1969.7523088449184,3.0
JSON_00695,Mouse,Berlin-03,2023-03-03,676.4274450120337,1.0
JSON_00697,Laptop,NYC-02,2023-06-26,1300.9287572385047,4.0
JSON_00698,Phone,London-01,2023-04-08,629.4448638916183,4.0
JSON_00700,Laptop,NYC-02,2023-01-20,1826.5430176499517,2.0
JSON_00701,Monitor,Paris-05,2023-04-21,1058.906342600395,1.0
JSON_00702,Laptop,Paris-05,2023-01-27,71.9104921109888,1.0
JSON_00703,TV,NYC-02,2023-04-10,2048.962512381535,2.0
JSON_00704,Mouse,London-01,2023-06-03,1305.8386687369527,1.0
JSON_00705,Phone,Berlin-03,2023-02-17,5679.470300941862,4.0
JSON_00706,TV,Berlin-03,2023-01-25,901.9995131086326,1.0
JSON_00707,TV,London-01,2023-02-18,216.96777885719186,3.0
JSON_00708,Monitor,Paris-05,2023-02-15,5753.969887486141,4.0
JSON_00710,Keyboard,Tokyo-04,2023-06-02,4021.7480607738485,3.0
JSON_00711,Phone,Paris-05,2023-06-04,4940.063405927563,4.0
JSON_00712,Mouse,Paris-05,2023-02-10,1529.1973170421402,4.0
JSON_00714,Phone,Berlin-03,2023-04-20,371.1235198421944,4.0
JSON_00715,Monitor,NYC-02,2023-06-27,2742.3880270222294,2.0
JSON_00717,Monitor,Berlin-03,2023-03-04,3652.1428854561327,3.0
JSON_00718,Monitor,NYC-02,2023-04-30,3777.3449255447385,4.0
JSON_00719,Monitor,Berlin-03,2023-03-14,447.7954291010645,3.0
JSON_00720,Monitor,London-01,2023-01-28,830.5813177207845,1.0
JSON_00721,Cables,Paris-05,2023-03-26,2032.7428378278237,2.0
JSON_00722,Mouse,Tokyo-04,2023-06-17,1640.6249307106036,4.0
JSON_00723,Keyboard,Paris-05,2023-01-18,518.724133187635,2.0
JSON_00727,Mouse,Berlin-03,2023-04-02,2396.446088750958,3.0
JSON_00728,TV,NYC-02,2023-03-24,1094.820045534389,1.0
JSON_00729,Keyboard,Paris-05,2023-01-27,61.54838688090413,1.0
JSON_00730,Cables,London-01,2023-02-21,1702.4539919943295,3.0
JSON_00731,Monitor,Tokyo-04,2023-05-13,726.5743371098225,2.0
JSON_00732,Laptop,London-01,2023-03-21,591.6042565045469,1.0
JSON_00733,Keyboard,NYC-02,2023-04-19,2720.319485954338,2.0
JSON_00734,TV,London-01,2023-03-28,2418.957372649408,3.0
JSON_00737,Mouse,Berlin-03,2023-04-14,759.5958510074719,1.0
JSON_00739,Monitor,NYC-02,2023-06-19,155.47400266813233,2.0
JSON_00740,Laptop,Paris-05,2023-06-13,1127.3868489299255,2.0
JSON_00742,Cables,NYC-02,2023-06-01,536.7270579066364,1.0
JSON_00743,Mouse,NYC-02,2023-01-19,2611.495600435267,4.0
JSON_00744,Phone,Paris-05,2023-06-27,1068.1118394636528,1.0
JSON_00747,Keyboard,NYC-02,2023-02-18,698.1311301248426,2.0
JSON_00748,Phone,London-01,2023-03-03,786.3173427402297,1.0
JSON_00749,Phone,Berlin-03,2023-01-29,4104.829348256283,4.0
JSON_00750,Laptop,Tokyo-04,2023-02-23,4344.9193944706,4.0
JSON_00751,Phone,London-01,2023-03-27,4565.302105616649,4.0
JSON_00752,Phone,NYC-02,2023-06-06,1067.5223479269102,2.0
JSON_00753,Monitor,Berlin-03,2023-05-19,1273.2491035716505,2.0
JSON_00755,TV,Tokyo-04,2023-03-20,313.49877518082695,1.0
JSON_00756,Monitor,Berlin-03,2023-03-18,4420.426939966966,3.0
JSON_00757,Phone,NYC-02,2023-03-08,771.4904642986415,2.0
JSON_00758,Phone,Tokyo-04,2023-03-03,4429.561508899129,4.0
JSON_00759,Monitor,NYC-02,2023-04-17,3293.9092222388003,3.0
JSON_00760,Keyboard,Tokyo-04,2023-05-17,5021.932696087426,4.0
JSON_00761,TV,London-01,2023-02-17,753.15529318374,4.0
JSON_00762,Monitor,Berlin-03,2023-04-22,2003.408752673522,3.0
JSON_00763,Phone,Berlin-03,2023-04-09,4129.345805976143,4.0
JSON_00764,Keyboard,London-01,2023-04-02,4336.768034883354,4.0
JSON_00766,TV,Paris-05,2023-03-03,1356.1730228139825,2.0
JSON_00767,Laptop,NYC-02,2023-01-16,2606.8330493204535,4.0
JSON_00768,Phone,Tokyo-04,2023-05-18,2759.0052201216663,3.0
JSON_00769,Phone,Tokyo-04,2023-06-27,1717.989590937032,2.0
JSON_00771,Monitor,London-01,2023-03-02,432.88987780589224,1.0
JSON_00772,Phone,Berlin-03,2023-04-20,4990.322702432976,4.0
JSON_00774,Laptop,Tokyo-04,2023-03-25,4762.908376102393,4.0
JSON_00779,Mouse,Berlin-03,2023-04-01,4078.4577162629416,3.0
JSON_00780,Cables,Berlin-03,2023-05-23,1496.5610312331269,1.0
JSON_00781,Monitor,NYC-02,2023-05-29,4331.043458339218,3.0
JSON_00784,Mouse,Berlin-03,2023-03-26,2844.9389701579194,3.0
JSON_00785,Phone,NYC-02,2023-05-07,1784.75610167572,2.0
JSON_00786,Keyboard,NYC-02,2023-01-20,4302.902600190981,4.0
JSON_00787,Keyboard,Berlin-03,2023-01-28,1799.2053139340644,3.0
JSON_00788,Monitor,Tokyo-04,2023-02-19,730.4635796223961,1.0
JSON_00789,Phone,NYC-02,2023-01-14,718.6920068181695,1.0
JSON_00793,Cables,London-01,2023-06-24,620.1324298387988,2.0
JSON_00795,TV,NYC-02,2023-06-15,5061.298854934127,4.0
JSON_00796,Laptop,Berlin-03,2023-03-07,2865.2517837693754,2.0
JSON_00797,Phone,Tokyo-04,2023-03-16,1963.4750699385386,2.0
JSON_00798,TV,London-01,2023-06-07,4275.313193977727,4.0
JSON_00799,Phone,Berlin-03,2023-01-07,1221.3441818258125,3.0
JSON_00801,Keyboard,London-01,2023-04-29,1022.4054536269092,3.0
JSON_00804,Mouse,Tokyo-04,2023-03-12,1700.4436956214383,2.0
JSON_00805,Keyboard,Tokyo-04,2023-05-18,738.678899632435,1.0
JSON_00806,Keyboard,Tokyo-04,2023-02-09,3273.311314313452,4.0
JSON_00808,TV,Berlin-03,2023-05-05,421.87143847431065,1.0
JSON_00812,Keyboard,London-01,2023-05-25,1340.3358176943566,3.0
JSON_00813,Mouse,Berlin-03,2023-04-16,494.37202866208946,1.0
JSON_00814,TV,NYC-02,2023-01-18,1306.210728027189,4.0
JSON_00816,Phone,Paris-05,2023-05-28,1484.7041398993317,1.0
JSON_00817,Monitor,Tokyo-04,2023-03-17,2278.8575377186608,3.0
JSON_00818,Keyboard,Paris-05,2023-02-17,3012.659243658978,3.0
JSON_00819,Cables,Berlin-03,2023-03-03,708.2853712395636,1.0
JSON_00820,TV,London-01,2023-03-18,2471.7832863995854,2.0
JSON_00821,Cables,London-01,2023-02-08,5243.715278353709,4.0
JSON_00822,Cables,Tokyo-04,2023-04-30,910.3060641106088,2.0
JSON_00823,Monitor,Berlin-03,2023-05-30,5154.712576184547,4.0
JSON_00825,Keyboard,NYC-02,2023-06-26,582.7165566107521,1.0
JSON_00828,TV,Tokyo-04,2023-06-26,954.0428542529797,1.0
JSON_00832,Monitor,Paris-05,2023-04-29,2340.297229630272,2.0
JSON_00833,Cables,Paris-05,2023-01-13,1587.4742778468205,2.0
JSON_00834,Keyboard,Berlin-03,2023-04-04,1249.9519257973682,1.0
JSON_00835,TV,Paris-05,2023-06-29,2371.0262949490852,3.0
JSON_00836,Laptop,London-01,2023-06-07,915.7247281924592,4.0
JSON_00837,Phone,NYC-02,2023-02-13,2792.3121663452916,2.0
JSON_00838,Cables,London-01,2023-05-20,724.952200715898,2.0
JSON_00840,Keyboard,NYC-02,2023-04-25,2806.852678479918,3.0
JSON_00843,Mouse,NYC-02,2023-05-29,1970.8329420619777,3.0
JSON_00845,Phone,Berlin-03,2023-04-29,2041.7882614940129,4.0
JSON_00846,Mouse,Tokyo-04,2023-02-12,1121.6471151120902,1.0
JSON_00847,Keyboard,Tokyo-04,2023-04-15,259.65007642701374,4.0
JSON_00849,Keyboard,London-01,2023-02-09,1714.081452162119,4.0
JSON_00852,Monitor,Paris-05,2023-03-08,1401.4585315843829,2.0
JSON_00853,Phone,Paris-05,2023-04-14,3029.3243019710003,3.0
JSON_00854,Keyboard,London-01,2023-01-27,1430.0603043714473,3.0
JSON_00857,Mouse,NYC-02,2023-06-07,443.86811284783596,1.0
JSON_00859,Cables,London-01,2023-02-15,5709.4180758272405,4.0
JSON_00860,TV,NYC-02,2023-04-23,657.1363743172808,3.0
JSON_00861,Phone,Tokyo-04,2023-05-29,144.012958631798,2.0
JSON_00862,Mouse,Paris-05,2023-02-09,808.5573800108896,1.0
JSON_00863,Mouse,Berlin-03,2023-03-02,1416.8558066016142,1.0
JSON_00864,Cables,Berlin-03,2023-04-12,159.7086006609607,1.0
JSON_00865,Phone,Tokyo-04,2023-04-14,2697.52409327818,2.0
JSON_00866,Cables,Paris-05,2023-06-16,3906.075926985365,3.0
JSON_00869,Keyboard,Berlin-03,2023-01-22,89.51251732868191,1.0
JSON_00870,Keyboard,Berlin-03,2023-06-19,416.6442714626612,1.0
JSON_00874,Laptop,Berlin-03,2023-01-27,3666.564964187556,3.0
JSON_00875,Monitor,Berlin-03,2023-01-06,979.5290834629204,2.0
JSON_00877,Laptop,Tokyo-04,2023-05-26,641.2347522539618,1.0
JSON_00878,Keyboard,Tokyo-04,2023-05-08,3259.1767525311643,3.0
JSON_00879,Phone,London-01,2023-06-12,2815.66188458382,3.0
JSON_00880,Cables,Tokyo-04,2023-05-02,385.64613907383296,1.0
JSON_00881,TV,NYC-02,2023-03-06,591.5140204424226,1.0
JSON_00884,Monitor,NYC-02,2023-01-31,1476.514325854042,4.0
JSON_00885,Keyboard,Paris-05,2023-02-14,3114.078265564983,4.0
JSON_00886,Phone,London-01,2023-05-05,1447.3781895460154,2.0
JSON_00887,Keyboard,Berlin-03,2023-04-27,4563.90771736197,4.0
JSON_00888,Monitor,Berlin-03,2023-05-31,1387.3211137277435,2.0
JSON_00889,Cables,Tokyo-04,2023-04-18,4252.810479881589,3.0
JSON_00890,Laptop,Paris-05,2023-01-15,775.6921080067414,1.0
JSON_00891,Keyboard,NYC-02,2023-04-30,4071.886072998744,3.0
JSON_00892,Keyboard,Tokyo-04,2023-04-06,5005.231176592398,4.0
JSON_00896,Phone,Paris-05,2023-01-23,224.56198924417907,1.0
JSON_00897,TV,London-01,2023-01-30,745.7606294569464,2.0
JSON_00898,Monitor,Paris-05,2023-01-25,595.71556702046,2.0
JSON_00900,Phone,NYC-02,2023-01-10,3028.4762695012114,3.0
JSON_00902,Mouse,Paris-05,2023-05-01,911.688691514638,2.0
JSON_00903,Cables,NYC-02,2023-01-18,1079.5869158309285,3.0
JSON_00905,Phone,Paris-05,2023-05-10,1733.8905712956725,3.0
JSON_00907,Monitor,Berlin-03,2023-01-12,2541.9282480764923,3.0
JSON_00908,Cables,Tokyo-04,2023-04-30,4872.763071107383,4.0
JSON_00911,Phone,Berlin-03,2023-02-06,373.12824306828776,3.0
JSON_00912,Mouse,Berlin-03,2023-01-19,622.1298572124394,1.0
JSON_00913,Laptop,Tokyo-04,2023-01-29,2435.7537549699605,2.0
JSON_00914,Cables,Paris-05,2023-01-16,1105.020403467988,2.0
JSON_00915,Phone,Berlin-03,2023-02-03,200.55084225559253,2.0
JSON_00916,Keyboard,Tokyo-04,2023-06-29,5860.989651881182,4.0
JSON_00918,Mouse,Tokyo-04,2023-02-01,2392.5094797878533,2.0
JSON_00919,Monitor,Berlin-03,2023-03-16,231.3544664779246,2.0
JSON_00920,Laptop,Paris-05,2023-03-18,201.32381457736648,2.0
JSON_00921,Laptop,NYC-02,2023-06-08,781.6975856811586,1.0
JSON_00922,Phone,Paris-05,2023-02-01,5223.388963191441,4.0
JSON_00926,Cables,Tokyo-04,2023-02-16,1527.473714028984,2.0
JSON_00927,Phone,Tokyo-04,2023-01-04,2395.244268579605,2.0
JSON_00928,Phone,Berlin-03,2023-03-16,1869.421533339314,4.0
JSON_00929,TV,Paris-05,2023-02-18,540.1486885681959,2.0
JSON_00930,Mouse,Berlin-03,2023-01-25,2688.5617419554624,4.0
JSON_00932,TV,London-01,2023-01-22,273.83557249779403,2.0
JSON_00933,Laptop,Paris-05,2023-06-11,230.49078158273068,2.0
JSON_00934,Mouse,London-01,2023-03-31,2585.9725141930185,4.0
JSON_00935,Mouse,Tokyo-04,2023-02-08,1219.798467494233,1.0
JSON_00936,Keyboard,Paris-05,2023-06-04,1025.62834355839,1.0
JSON_00937,TV,Berlin-03,2023-01-12,5798.755797056319,4.0
JSON_00939,TV,Paris-05,2023-05-08,1842.6448164113497,2.0
JSON_00941,Cables,London-01,2023-04-06,4247.430155929986,4.0
JSON_00942,Phone,Berlin-03,2023-05-31,3764.0175095674613,4.0
JSON_00943,Monitor,NYC-02,2023-04-14,1097.8275013763364,3.0
JSON_00944,Cables,London-01,2023-05-24,220.65897796112358,3.0
JSON_00946,Cables,Berlin-03,2023-04-08,3767.1047490381725,3.0
JSON_00948,Phone,Tokyo-04,2023-01-17,100.089084651609,2.0
JSON_00949,Phone,Berlin-03,2023-06-17,274.80532477924754,4.0
JSON_00953,TV,NYC-02,2023-01-16,1273.7026851060102,2.0
JSON_00954,Laptop,London-01,2023-04-21,1445.0613242102718,2.0
JSON_00955,Laptop,NYC-02,2023-01-29,3075.4065926303733,3.0
JSON_00956,TV,Tokyo-04,2023-04-18,1120.8335238402522,1.0
JSON_00958,TV,Tokyo-04,2023-03-27,3544.5132029196893,3.0
JSON_00959,Phone,Paris-05,2023-02-11,1889.6072388431032,2.0
JSON_00960,Phone,Tokyo-04,2023-05-17,1928.838773043972,4.0
JSON_00961,Mouse,Paris-05,2023-01-11,608.8529094555051,3.0
JSON_00963,Phone,NYC-02,2023-03-06,1985.0712507002647,4.0
JSON_00965,Phone,Tokyo-04,2023-04-20,976.2221935903899,3.0
JSON_00967,Phone,Tokyo-04,2023-04-28,4272.223233859997,4.0
JSON_00968,Monitor,Tokyo-04,2023-01-11,1146.5679975625299,1.0
JSON_00969,Keyboard,NYC-02,2023-01-28,413.7746948415153,1.0
JSON_00970,Monitor,Tokyo-04,2023-04-07,1195.7337198088412,2.0
JSON_00971,Cables,Tokyo-04,2023-06-07,138.60176804846682,1.0
JSON_00974,Mouse,Paris-05,2023-06-18,1109.2140923493341,1.0
JSON_00975,Laptop,London-01,2023-02-21,3690.4790568835942,4.0
JSON_00976,Phone,Tokyo-04,2023-05-25,1236.0531066306066,2.0
JSON_00977,Cables,London-01,2023-06-27,404.7590779877223,3.0
JSON_00978,TV,Paris-05,2023-02-05,656.6786460790163,3.0
JSON_00979,TV,Paris-05,2023-05-01,4134.672935917476,4.0
JSON_00980,Cables,Tokyo-04,2023-01-31,1324.215412199726,1.0
JSON_00982,TV,Tokyo-04,2023-03-07,682.235826794368,2.0
JSON_00984,Monitor,Tokyo-04,2023-03-11,4373.590085780091,3.0
JSON_00987,Phone,London-01,2023-01-29,2949.3116895425123,2.0
JSON_00988,Monitor,Tokyo-04,2023-04-27,1119.4725541441244,2.0
JSON_00989,Mouse,Berlin-03,2023-06-15,919.2186525051391,1.0
JSON_00990,Phone,Tokyo-04,2023-01-11,2522.5803378243136,2.0
JSON_00991,TV,Paris-05,2023-01-22,1300.45240250228,3.0
JSON_00994,Phone,Berlin-03,2023-02-11,160.96120950602975,2.0
JSON_00995,Keyboard,NYC-02,2023-06-06,2512.0418768329214,3.0
JSON_00999,Laptop,Berlin-03,2023-03-18,3969.445780873388,3.0
JSON_01001,Laptop,London-01,2023-04-20,232.19695805113952,2.0
JSON_01005,Phone,NYC-02,2023-04-02,4099.860914232486,4.0
JSON_01008,Keyboard,Paris-05,2023-04-28,787.079582300498,2.0
JSON_01010,Keyboard,NYC-02,2023-05-27,155.46567427906916,1.0
JSON_01011,Laptop,Tokyo-04,2023-02-14,1046.5785657446504,1.0
JSON_01013,TV,NYC-02,2023-02-02,3675.5367448872776,3.0
JSON_01014,Phone,Paris-05,2023-02-06,297.1225694762707,2.0
JSON_01015,Monitor,Berlin-03,2023-02-07,2987.3967324108685,3.0
JSON_01016,TV,NYC-02,2023-01-28,874.4007706266875,1.0
JSON_01017,Cables,Paris-05,2023-03-26,242.86420841562673,1.0
JSON_01020,TV,Berlin-03,2023-04-01,2002.1196079853587,2.0
JSON_01021,Keyboard,Paris-05,2023-06-28,300.54534638365357,2.0
JSON_01022,Cables,London-01,2023-04-01,112.80714621875232,1.0
JSON_01023,Cables,Berlin-03,2023-02-09,647.9844376784059,1.0
JSON_01024,Laptop,Tokyo-04,2023-04-27,972.4563288716358,4.0
JSON_01027,Mouse,NYC-02,2023-06-01,945.8596185712046,4.0
JSON_01029,Mouse,NYC-02,2023-05-06,449.5280223542342,1.0
JSON_01030,Laptop,NYC-02,2023-05-31,2033.2505662909316,4.0
JSON_01031,Laptop,NYC-02,2023-02-11,957.6679315255599,2.0
JSON_01032,Laptop,Paris-05,2023-05-26,312.6991837325291,1.0
JSON_01033,Phone,London-01,2023-03-11,2734.1151752156284,3.0
JSON_01034,TV,Tokyo-04,2023-01-18,1098.45387227202,1.0
JSON_01037,Cables,Berlin-03,2023-01-02,3474.625705814088,4.0
JSON_01038,Phone,London-01,2023-04-05,5982.306620987684,4.0
JSON_01039,Phone,NYC-02,2023-04-27,513.6276333411577,1.0
JSON_01040,TV,Berlin-03,2023-04-30,250.2816750533585,1.0
JSON_01044,Cables,London-01,2023-05-10,1241.310474708315,2.0
JSON_01045,Mouse,NYC-02,2023-03-11,2651.513494545844,3.0
JSON_01046,Monitor,NYC-02,2023-03-10,2009.4793975250973,3.0
JSON_01047,TV,London-01,2023-03-03,179.64393586555732,3.0
JSON_01048,Phone,London-01,2023-01-14,2278.708880683924,2.0
JSON_01050,Phone,Tokyo-04,2023-03-21,2455.9331001398377,2.0
JSON_01051,Mouse,NYC-02,2023-01-07,1683.1782465961,2.0
JSON_01053,Mouse,NYC-02,2023-06-23,1577.4963147381936,3.0
JSON_01054,Monitor,NYC-02,2023-05-11,223.93176550990623,1.0
JSON_01061,Phone,Berlin-03,2023-06-25,3164.459103239103,4.0
JSON_01063,Keyboard,Tokyo-04,2023-01-24,1152.6502371712277,2.0
JSON_01066,Monitor,Berlin-03,2023-04-06,5663.937673033854,4.0
JSON_01067,Monitor,Tokyo-04,2023-03-20,839.1731386721136,1.0
JSON_01068,Laptop,Berlin-03,2023-06-08,597.629464489051,2.0
JSON_01069,Cables,London-01,2023-05-10,283.0767367031027,2.0
JSON_01070,Cables,Berlin-03,2023-03-25,1310.3035432344766,1.0
JSON_01071,Laptop,Paris-05,2023-02-19,3706.6616956245143,3.0
JSON_01072,Cables,Tokyo-04,2023-05-10,2142.424482139829,3.0
JSON_01073,TV,Berlin-03,2023-03-10,2060.9563479490926,4.0
JSON_01074,Mouse,London-01,2023-06-19,550.2744178906208,1.0
JSON_01075,Keyboard,Paris-05,2023-01-22,853.0439889189021,1.0
JSON_01077,Mouse,Berlin-03,2023-01-04,2022.830820971711,3.0
JSON_01078,Laptop,Paris-05,2023-01-28,1780.4884209224901,3.0
JSON_01081,Keyboard,London-01,2023-06-19,1388.131879947263,2.0
JSON_01084,Phone,Paris-05,2023-02-21,830.6727199660886,1.0
JSON_01085,Mouse,Tokyo-04,2023-06-24,3222.718186123483,3.0
JSON_01089,Laptop,NYC-02,2023-06-06,2640.1242824996943,2.0
JSON_01090,Keyboard,Paris-05,2023-04-22,409.72204160685453,2.0
JSON_01092,Cables,Paris-05,2023-02-04,461.2314889548476,1.0
JSON_01093,Phone,London-01,2023-06-14,1240.8127241115712,1.0
JSON_01094,Monitor,Berlin-03,2023-05-03,1632.3747685529765,4.0
JSON_01095,Phone,Paris-05,2023-04-10,357.8141804194574,1.0
JSON_01096,Keyboard,Berlin-03,2023-06-21,4953.824243376341,4.0
JSON_01100,Cables,Paris-05,2023-01-23,1109.213224044419,3.0
JSON_01102,Mouse,Berlin-03,2023-03-10,3860.2297697674285,3.0
JSON_01104,Mouse,Berlin-03,2023-03-28,546.7570700761412,1.0
JSON_01105,Keyboard,Paris-05,2023-01-03,2820.3860047475805,2.0
JSON_01107,Monitor,Paris-05,2023-03-31,5572.588006142937,4.0
JSON_01108,Phone,Paris-05,2023-04-07,2550.9231706130295,3.0
JSON_01109,Keyboard,London-01,2023-02-25,2007.51961149054,2.0
JSON_01112,Cables,NYC-02,2023-06-25,2575.5981919292244,2.0
JSON_01113,Laptop,London-01,2023-04-20,1372.4665155065704,4.0
JSON_01115,Phone,Paris-05,2023-04-04,211.6571473662338,1.0
JSON_01116,Cables,Paris-05,2023-06-01,842.682034101102,1.0
JSON_01117,Mouse,Berlin-03,2023-04-11,333.41410053417985,1.0
JSON_01118,Phone,Paris-05,2023-05-12,2358.0770787847964,4.0
JSON_01119,Cables,London-01,2023-04-18,2686.6060320199813,3.0
JSON_01120,TV,Paris-05,2023-01-19,1547.6769458398624,2.0
JSON_01121,Mouse,London-01,2023-04-02,2657.866695599356,4.0
JSON_01122,Laptop,NYC-02,2023-02-11,3036.480722605843,4.0
JSON_01123,Phone,NYC-02,2023-03-04,1155.1531514133846,1.0
JSON_01124,Cables,Tokyo-04,2023-02-21,2560.5681457781675,2.0
JSON_01125,Monitor,Berlin-03,2023-05-24,1907.3100818972202,2.0
JSON_01128,Laptop,Paris-05,2023-06-10,841.2591547788875,1.0
JSON_01129,Mouse,Berlin-03,2023-03-09,1805.096201894706,3.0
JSON_01130,Mouse,Tokyo-04,2023-02-18,3756.281084397504,4.0
JSON_01131,TV,Paris-05,2023-05-06,1653.3400517039659,2.0
JSON_01132,Mouse,Paris-05,2023-06-17,790.90757741534,1.0
JSON_01135,Mouse,NYC-02,2023-01-16,4664.530412571105,4.0
JSON_01137,Keyboard,NYC-02,2023-04-27,5084.219802404367,4.0
JSON_01138,Phone,Berlin-03,2023-06-04,1289.0937201431614,1.0
JSON_01141,Laptop,Berlin-03,2023-03-13,1396.1607591889388,3.0
JSON_01142,Keyboard,NYC-02,2023-05-05,2142.5724162758233,2.0
JSON_01143,Keyboard,Tokyo-04,2023-02-07,868.7357245818605,2.0
JSON_01144,Phone,London-01,2023-05-25,1643.4463370829624,2.0
JSON_01145,Mouse,Tokyo-04,2023-04-13,1226.7794063097447,1.0
JSON_01146,Mouse,Tokyo-04,2023-05-01,1075.768098984802,1.0
JSON_01147,Monitor,Paris-05,2023-03-15,919.8227327399089,4.0
JSON_01148,Laptop,Tokyo-04,2023-05-07,1052.3179488881556,2.0
JSON_01149,Mouse,Tokyo-04,2023-02-22,816.5520757844496,1.0
JSON_01150,Cables,Tokyo-04,2023-04-16,2435.005752345093,2.0
JSON_01151,TV,Berlin-03,2023-03-27,2582.4031171901433,2.0
JSON_01155,Monitor,London-01,2023-03-26,4380.2070466213745,3.0
JSON_01156,TV,Tokyo-04,2023-02-26,3004.288893619462,4.0
JSON_01157,Mouse,Paris-05,2023-06-29,431.28770191504793,2.0
JSON_01158,Monitor,Tokyo-04,2023-02-26,2178.2017746460842,3.0
JSON_01160,Cables,Paris-05,2023-06-28,1240.458306787724,2.0
JSON_01161,Monitor,Berlin-03,2023-03-13,3991.9631565218774,4.0
JSON_01162,Mouse,NYC-02,2023-06-26,770.9371625522862,2.0
JSON_01163,TV,London-01,2023-01-13,1737.4555878989856,2.0
JSON_01164,Keyboard,Paris-05,2023-01-19,2893.8513277508996,3.0
JSON_01165,Cables,Paris-05,2023-01-24,458.7816156160149,1.0
JSON_01166,Monitor,Paris-05,2023-01-05,1508.339465398687,2.0
JSON_01167,Mouse,NYC-02,2023-03-31,824.2581197651301,2.0
JSON_01168,Mouse,Tokyo-04,2023-04-18,1140.0676421403182,1.0
JSON_01169,Keyboard,Berlin-03,2023-05-07,2595.936683187767,2.0
JSON_01171,Mouse,NYC-02,2023-01-05,2557.2159121293084,4.0
JSON_01173,Keyboard,NYC-02,2023-06-09,4103.395265068351,3.0
JSON_01174,Phone,Tokyo-04,2023-03-06,1267.4596778912385,4.0
JSON_01177,TV,London-01,2023-04-11,99.92539743130611,1.0
JSON_01178,Cables,NYC-02,2023-01-28,1661.252996092966,2.0
JSON_01179,Mouse,Berlin-03,2023-04-16,2812.6440200366164,2.0
JSON_01181,Keyboard,London-01,2023-06-20,2778.628028893993,2.0
JSON_01182,TV,Paris-05,2023-02-20,999.8906357959227,2.0
JSON_01183,Keyboard,London-01,2023-02-05,5901.091901417265,4.0
JSON_01184,Cables,Berlin-03,2023-01-09,793.1421505312358,2.0
JSON_01186,Keyboard,Paris-05,2023-06-22,3639.7259018106743,4.0
JSON_01187,Mouse,Paris-05,2023-03-10,381.0803159344857,1.0
JSON_01188,Phone,NYC-02,2023-04-22,1174.5163027175358,4.0
JSON_01189,Laptop,Paris-05,2023-06-16,1791.5910197341932,2.0
JSON_01190,Laptop,NYC-02,2023-06-26,4055.4873884829085,4.0
JSON_01192,Keyboard,Paris-05,2023-02-12,4551.918499755745,4.0
JSON_01193,Keyboard,Berlin-03,2023-04-21,2180.919731185504,3.0
JSON_01194,Phone,Tokyo-04,2023-06-07,1424.975408038074,2.0
JSON_01195,TV,London-01,2023-05-04,3147.676743656548,3.0
JSON_01197,Cables,Tokyo-04,2023-05-31,279.74965392536365,1.0
JSON_01198,Monitor,NYC-02,2023-03-18,471.7714386357946,1.0
JSON_01199,TV,Tokyo-04,2023-04-10,988.1423247171463,3.0
JSON_01200,TV,Berlin-03,2023-06-21,2201.5746885993885,3.0
JSON_01201,Laptop,Paris-05,2023-01-10,1412.8903406842778,1.0
JSON_01203,Keyboard,London-01,2023-04-02,2146.2843838744498,2.0
JSON_01205,Keyboard,NYC-02,2023-06-15,2184.5846794745066,3.0
JSON_01208,Keyboard,Tokyo-04,2023-01-21,5384.814361885945,4.0
JSON_01211,Cables,Paris-05,2023-05-11,1363.6860630129154,3.0
JSON_01212,Monitor,Berlin-03,2023-05-07,169.72962915115193,1.0
JSON_01213,Cables,Paris-05,2023-04-19,1700.9959685142392,4.0
JSON_01214,Cables,Berlin-03,2023-04-25,1451.509737101789,1.0
JSON_01216,Keyboard,NYC-02,2023-01-17,2886.1642780369307,2.0
JSON_01217,Keyboard,Berlin-03,2023-01-17,1404.836655379693,2.0
JSON_01219,TV,Tokyo-04,2023-06-07,1181.1389842860372,4.0
JSON_01222,Laptop,Tokyo-04,2023-02-01,209.42833179715097,3.0
JSON_01224,Laptop,Berlin-03,2023-06-26,1080.1464963625249,2.0
JSON_01226,Keyboard,NYC-02,2023-01-18,1452.1043461965573,1.0
JSON_01228,Keyboard,NYC-02,2023-02-07,589.4631733277007,1.0
JSON_01229,Mouse,NYC-02,2023-06-28,1307.2372644494737,1.0
JSON_01230,Laptop,Tokyo-04,2023-06-16,3180.9415908061064,4.0
JSON_01235,Keyboard,London-01,2023-03-03,4427.532342601886,3.0
JSON_01236,Monitor,Paris-05,2023-04-29,1861.2408086998912,2.0
JSON_01237,TV,Paris-05,2023-05-06,2743.2205255420513,3.0
JSON_01238,Phone,NYC-02,2023-06-09,188.02603604571237,2.0
JSON_01239,Laptop,Berlin-03,2023-03-17,3095.5806050217616,3.0
JSON_01241,Cables,NYC-02,2023-05-17,1078.911417032985,3.0
JSON_01242,Phone,NYC-02,2023-06-01,756.0397483445017,3.0
JSON_01245,Laptop,London-01,2023-04-09,1143.0591275468964,2.0
JSON_01246,Phone,Tokyo-04,2023-02-21,192.74985367857715,3.0
JSON_01247,TV,NYC-02,2023-03-08,2322.1118710050987,2.0
JSON_01249,Laptop,Paris-05,2023-01-13,201.40228577227114,1.0
JSON_01250,Phone,NYC-02,2023-06-22,4560.429348804211,4.0
JSON_01251,Mouse,Berlin-03,2023-03-12,1067.9521315024135,2.0
JSON_01252,Cables,NYC-02,2023-01-31,3257.8996249031507,3.0
JSON_01253,Laptop,Tokyo-04,2023-06-09,959.690174458044,2.0
JSON_01254,Cables,London-01,2023-02-08,1272.768247804354,3.0
JSON_01256,Cables,Berlin-03,2023-04-23,1163.2586956857897,1.0
JSON_01258,Keyboard,Paris-05,2023-03-05,347.27819067386446,2.0
JSON_01259,Monitor,London-01,2023-03-28,1352.8306208980516,2.0
JSON_01260,Laptop,Berlin-03,2023-04-04,1043.989800166683,4.0
JSON_01261,Cables,Tokyo-04,2023-02-14,614.1964130952412,3.0
JSON_01265,TV,Berlin-03,2023-01-03,1633.184585347,3.0
JSON_01266,Cables,London-01,2023-06-04,257.2031601680036,3.0
JSON_01267,Phone,Tokyo-04,2023-04-01,4388.811001277368,3.0
JSON_01268,Keyboard,NYC-02,2023-04-09,3948.5976152128114,4.0
JSON_01269,Keyboard,NYC-02,2023-03-25,4423.799225615428,3.0
JSON_01270,Mouse,London-01,2023-03-10,381.3528328875594,2.0
JSON_01271,TV,Paris-05,2023-01-10,2920.344650363724,4.0
JSON_01272,Phone,London-01,2023-03-11,1623.422966907092,2.0
JSON_01274,Laptop,NYC-02,2023-01-15,531.1471598660735,4.0
JSON_01275,Keyboard,Berlin-03,2023-04-05,2749.9181595270466,3.0
JSON_01276,Mouse,Paris-05,2023-06-15,323.21063072325035,2.0
JSON_01277,Cables,London-01,2023-05-19,1982.6588351051362,3.0
JSON_01280,Cables,Paris-05,2023-06-03,1684.7814469735918,2.0
JSON_01281,Monitor,Berlin-03,2023-04-28,961.6669213982786,3.0
JSON_01283,Keyboard,London-01,2023-03-14,2641.550703588214,3.0
JSON_01285,TV,Paris-05,2023-05-15,1125.4419870381435,1.0
JSON_01286,Cables,London-01,2023-01-25,698.5791163020187,3.0
JSON_01287,Monitor,London-01,2023-06-29,1445.9622465986515,1.0
JSON_01288,Mouse,Berlin-03,2023-03-11,2457.2678174565976,2.0
JSON_01289,TV,Berlin-03,2023-05-30,3209.2559406361643,3.0
JSON_01290,TV,Berlin-03,2023-05-09,1427.9451699174626,1.0
JSON_01292,Laptop,Berlin-03,2023-06-03,1565.2229190104738,4.0
JSON_01293,Phone,Tokyo-04,2023-01-28,259.1480306212501,1.0
JSON_01294,Mouse,London-01,2023-01-15,1252.200384907605,3.0
JSON_01295,Cables,NYC-02,2023-03-09,3772.2177966199774,3.0
JSON_01297,Mouse,London-01,2023-01-07,1257.8996827145513,1.0
JSON_01299,Laptop,Berlin-03,2023-01-28,2826.723490409968,4.0
JSON_01300,Laptop,Tokyo-04,2023-02-23,969.115983389413,3.0
JSON_01301,Phone,Berlin-03,2023-03-06,403.51527700479534,2.0
JSON_01302,TV,Berlin-03,2023-04-11,2823.727203398107,4.0
JSON_01303,Mouse,London-01,2023-06-27,351.6705667884724,2.0
JSON_01305,Keyboard,Tokyo-04,2023-01-17,597.0418555265508,3.0
JSON_01306,TV,Paris-05,2023-04-11,5027.8680418710655,4.0
JSON_01307,Keyboard,Paris-05,2023-04-09,2055.4513637300715,2.0
JSON_01308,Phone,NYC-02,2023-02-10,403.2414483741817,1.0
JSON_01310,Phone,Paris-05,2023-04-16,163.53742219535837,1.0
JSON_01311,TV,London-01,2023-06-26,5726.439457189389,4.0
JSON_01312,Mouse,Berlin-03,2023-01-29,2639.4868699997073,2.0
JSON_01313,Keyboard,Berlin-03,2023-06-19,556.8080616956272,1.0
JSON_01314,Keyboard,Tokyo-04,2023-06-26,1937.4266537664041,4.0
JSON_01316,Laptop,Paris-05,2023-01-20,116.98490064236181,1.0
JSON_01317,TV,Tokyo-04,2023-04-07,356.57532409842116,1.0
JSON_01320,Mouse,London-01,2023-01-30,718.2914010284917,2.0
JSON_01321,Cables,NYC-02,2023-01-25,4419.017503949568,3.0
JSON_01322,Cables,Paris-05,2023-05-17,2959.9127121227148,2.0
JSON_01323,Mouse,Paris-05,2023-02-16,132.10705819745914,1.0
JSON_01324,Phone,Paris-05,2023-02-13,3816.8128486844575,3.0
JSON_01326,Monitor,London-01,2023-01-26,3301.836904430916,4.0
JSON_01327,TV,Paris-05,2023-02-18,676.4975633465957,1.0
JSON_01328,Mouse,Paris-05,2023-04-08,1086.6815941500768,1.0
JSON_01331,Keyboard,NYC-02,2023-01-05,5139.172120099976,4.0
JSON_01335,Laptop,Berlin-03,2023-04-27,711.212988346728,2.0
JSON_01336,Phone,London-01,2023-06-05,2749.7011134297163,3.0
JSON_01338,Laptop,London-01,2023-06-25,2136.03944396504,2.0
JSON_01340,Keyboard,London-01,2023-03-15,1822.9955352848986,2.0
JSON_01342,Keyboard,NYC-02,2023-01-22,3291.720682549325,4.0
JSON_01343,Laptop,Berlin-03,2023-05-21,1189.8815351230287,2.0
JSON_01344,Mouse,Tokyo-04,2023-03-20,1178.0782087778584,1.0
JSON_01345,Monitor,NYC-02,2023-02-03,4180.646416999958,3.0
JSON_01347,Cables,Tokyo-04,2023-04-26,626.2482924001238,3.0
JSON_01348,TV,NYC-02,2023-05-09,1217.7269120443475,3.0
JSON_01349,Cables,Paris-05,2023-02-10,648.3834601497664,1.0
JSON_01350,Phone,Tokyo-04,2023-05-30,1920.0081765492314,3.0
JSON_01351,Keyboard,Tokyo-04,2023-05-23,2421.554704867568,2.0
JSON_01352,Mouse,NYC-02,2023-06-26,5565.374427392919,4.0
JSON_01353,Cables,Paris-05,2023-04-25,180.84938556851378,3.0
JSON_01354,Cables,London-01,2023-02-17,2977.992521873579,3.0
JSON_01359,Phone,NYC-02,2023-03-10,264.3860349004565,1.0
JSON_01364,Monitor,Paris-05,2023-05-01,1017.6311820181553,1.0
JSON_01365,Cables,Berlin-03,2023-02-20,799.8101175849796,3.0
JSON_01366,TV,NYC-02,2023-04-25,1878.0370933008003,2.0
JSON_01369,TV,Paris-05,2023-01-16,3221.1166349955643,4.0
JSON_01372,Laptop,Paris-05,2023-03-15,895.0757092496704,2.0
JSON_01375,Laptop,NYC-02,2023-02-26,2462.41266247516,2.0
JSON_01376,Keyboard,Berlin-03,2023-01-19,3306.9960286449727,4.0
JSON_01378,Phone,NYC-02,2023-01-17,1066.5695936245224,2.0
JSON_01379,TV,London-01,2023-03-25,2402.469745675213,2.0
JSON_01380,Cables,Paris-05,2023-04-01,396.32548258523,1.0
JSON_01381,Mouse,NYC-02,2023-01-07,2794.633184232629,4.0
JSON_01382,Phone,Paris-05,2023-01-21,3399.931757715808,4.0
JSON_01383,TV,NYC-02,2023-05-14,453.26264295301496,1.0
JSON_01385,Monitor,Berlin-03,2023-01-01,1175.004344544041,1.0
JSON_01386,Monitor,London-01,2023-01-26,2251.7866342658995,2.0
JSON_01388,Mouse,Tokyo-04,2023-05-22,1834.4246322996562,4.0
JSON_01389,Phone,London-01,2023-04-01,917.4069335598123,4.0
JSON_01390,Laptop,Paris-05,2023-02-06,400.974116921299,4.0
JSON_01393,Keyboard,Tokyo-04,2023-05-27,2772.3817547210183,3.0
JSON_01394,Phone,Paris-05,2023-01-29,2034.2005401128272,2.0
JSON_01396,Mouse,Tokyo-04,2023-03-16,2922.700793260114,3.0
JSON_01398,Phone,NYC-02,2023-05-17,269.4969469314841,3.0
JSON_01402,Phone,London-01,2023-01-09,1257.7873816213341,3.0
JSON_01403,Laptop,NYC-02,2023-04-07,524.3728307437088,4.0
JSON_01405,Keyboard,Paris-05,2023-03-07,3988.4799610304804,3.0
JSON_01408,Keyboard,Paris-05,2023-04-12,552.4473021464609,3.0
JSON_01409,TV,Paris-05,2023-03-06,4213.178706946233,4.0
JSON_01411,Cables,Tokyo-04,2023-06-12,2768.1161523831206,2.0
JSON_01412,Monitor,Paris-05,2023-01-24,424.90803227835653,1.0
JSON_01413,Laptop,Berlin-03,2023-04-10,1054.1453185037299,1.0
JSON_01415,Keyboard,Tokyo-04,2023-06-17,2363.660904880726,2.0
JSON_01417,Phone,Berlin-03,2023-06-05,2463.3835875871714,4.0
JSON_01418,TV,NYC-02,2023-05-28,909.068415831105,3.0
JSON_01419,Keyboard,Berlin-03,2023-05-31,1316.4963067604772,2.0
JSON_01420,Mouse,NYC-02,2023-01-09,370.5537515802881,1.0
JSON_01422,Mouse,NYC-02,2023-03-21,2167.5727373335367,3.0
JSON_01424,Cables,NYC-02,2023-01-22,1330.0935858838159,1.0
JSON_01426,Keyboard,London-01,2023-01-02,978.8907074077948,2.0
JSON_01428,Phone,Berlin-03,2023-04-14,5093.34707205687,4.0
JSON_01430,Keyboard,London-01,2023-04-08,2029.7056300883926,3.0
JSON_01431,Mouse,Tokyo-04,2023-02-23,1448.426660373572,1.0
JSON_01432,Monitor,Paris-05,2023-06-23,952.0039648975497,2.0
JSON_01433,Monitor,London-01,2023-06-12,2370.47848134696,2.0
JSON_01434,Keyboard,Paris-05,2023-04-02,3480.5004609386515,4.0
JSON_01435,Monitor,Tokyo-04,2023-04-20,5121.918001012923,4.0
JSON_01436,Cables,Berlin-03,2023-04-23,508.8591359735136,1.0
JSON_01437,Laptop,NYC-02,2023-01-06,506.11801884467957,1.0
JSON_01438,Laptop,Paris-05,2023-02-15,841.3370356801818,1.0
JSON_01439,Laptop,London-01,2023-05-18,507.35376732509104,1.0
JSON_01442,Keyboard,Tokyo-04,2023-03-18,930.2116001246286,2.0
JSON_01444,Keyboard,NYC-02,2023-04-03,5884.031686541538,4.0
JSON_01447,Keyboard,Berlin-03,2023-05-10,1280.2992044039224,1.0
JSON_01450,Mouse,Berlin-03,2023-01-31,321.46649527357897,3.0
JSON_01451,Phone,London-01,2023-02-12,612.1688318425881,3.0
JSON_01453,TV,London-01,2023-05-06,1366.9861493586277,3.0
JSON_01455,Laptop,Berlin-03,2023-04-16,2111.276399889181,4.0
JSON_01456,Phone,London-01,2023-01-20,5318.158909815974,4.0
JSON_01457,TV,London-01,2023-04-03,1054.3139604361108,2.0
JSON_01460,Phone,Tokyo-04,2023-06-20,1564.8351116576184,2.0
JSON_01461,Mouse,Berlin-03,2023-03-03,1721.1910665269124,4.0
JSON_01462,Monitor,Tokyo-04,2023-03-31,3485.7927055073133,3.0
JSON_01463,TV,Berlin-03,2023-03-17,2829.7088938297143,2.0
JSON_01464,Phone,Paris-05,2023-05-17,865.1098930499983,1.0
JSON_01465,TV,NYC-02,2023-01-08,2453.47122534769,3.0
JSON_01466,Monitor,NYC-02,2023-06-11,1349.596338366014,4.0
JSON_01467,Mouse,Paris-05,2023-06-21,2024.7972460587787,3.0
JSON_01469,TV,London-01,2023-06-11,4383.101911493716,4.0
JSON_01470,TV,NYC-02,2023-05-18,4179.328692872224,4.0
JSON_01471,Laptop,NYC-02,2023-03-03,521.0869382427752,4.0
JSON_01473,Monitor,London-01,2023-04-11,3372.9653473269645,4.0
JSON_01474,Phone,Berlin-03,2023-03-23,935.8624027659412,4.0
JSON_01475,Phone,Tokyo-04,2023-05-26,193.70436758851744,3.0
JSON_01477,Keyboard,Tokyo-04,2023-02-06,365.66470834298707,1.0
JSON_01479,Phone,Tokyo-04,2023-03-14,4427.734409003491,3.0
JSON_01481,Mouse,Tokyo-04,2023-04-07,4165.783896130681,3.0
JSON_01483,Phone,Tokyo-04,2023-04-13,1472.1037028638348,1.0
JSON_01484,Laptop,Berlin-03,2023-03-18,1199.1826630509381,1.0
JSON_01485,Cables,Berlin-03,2023-04-12,171.96991319093252,2.0
JSON_01486,Keyboard,Paris-05,2023-03-02,387.27560011569614,1.0
JSON_01487,Keyboard,NYC-02,2023-06-06,826.0403157554808,2.0
JSON_01488,Cables,London-01,2023-04-23,930.1110185976848,1.0
JSON_01489,Keyboard,London-01,2023-06-02,439.46845272616633,1.0
JSON_01490,Laptop,NYC-02,2023-04-02,779.0359906776868,1.0
JSON_01491,Mouse,NYC-02,2023-02-21,806.6547691925246,1.0
JSON_01492,TV,Berlin-03,2023-04-20,1083.8707231995243,1.0
JSON_01493,Keyboard,Paris-05,2023-06-02,2656.089963737425,2.0
JSON_01494,Monitor,Berlin-03,2023-05-29,274.5200222388097,1.0
JSON_01495,Laptop,Tokyo-04,2023-06-16,1089.3330448770807,2.0
JSON_01497,Mouse,London-01,2023-01-19,1761.637751208887,3.0
JSON_01499,Laptop,NYC-02,2023-03-18,4370.312770344769,4.0
JSON_01501,TV,Tokyo-04,2023-01-12,615.9723799292542,1.0
JSON_01502,Keyboard,London-01,2023-03-26,5431.0755161435545,4.0
JSON_01503,TV,NYC-02,2023-03-15,715.6047943279918,2.0
JSON_01506,Phone,Paris-05,2023-03-20,4044.157249913249,4.0
JSON_01507,TV,London-01,2023-04-16,428.3705474514636,2.0
JSON_01508,Mouse,Tokyo-04,2023-01-11,597.866765625329,2.0
JSON_01510,Keyboard,London-01,2023-06-01,2432.324534082457,3.0
JSON_01514,Laptop,Tokyo-04,2023-03-23,2699.459751806296,4.0
JSON_01515,Keyboard,Paris-05,2023-02-12,1343.8649825317598,2.0
JSON_01516,Laptop,Paris-05,2023-03-06,435.268966012868,3.0
JSON_01517,Keyboard,Tokyo-04,2023-05-29,2210.968815168285,4.0
JSON_01519,Keyboard,Tokyo-04,2023-01-24,3663.5053053416477,3.0
JSON_01521,Phone,NYC-02,2023-03-16,2444.971357550274,3.0
JSON_01523,Mouse,NYC-02,2023-05-18,2077.0020661957924,2.0
JSON_01524,Mouse,Paris-05,2023-06-09,1956.3872534417692,3.0
JSON_01525,Laptop,Paris-05,2023-04-16,1140.7192038821904,2.0
JSON_01527,Cables,Tokyo-04,2023-04-10,4831.208608996468,4.0
JSON_01528,Mouse,Tokyo-04,2023-05-26,2317.1644300933312,3.0
JSON_01530,Keyboard,Berlin-03,2023-04-25,2188.4178740285674,3.0
JSON_01532,Laptop,NYC-02,2023-03-23,2587.5160227794854,2.0
JSON_01533,Laptop,Berlin-03,2023-05-12,549.6650638041091,1.0
JSON_01534,Mouse,London-01,2023-06-25,166.6617636764032,3.0
JSON_01535,Laptop,Paris-05,2023-05-05,2390.926050048641,2.0
JSON_01536,Laptop,NYC-02,2023-01-15,1034.7989643300896,1.0
JSON_01539,Phone,London-01,2023-02-18,5995.402333871957,4.0
JSON_01541,TV,Paris-05,2023-03-20,5855.505584304551,4.0
JSON_01544,Cables,Tokyo-04,2023-05-12,2995.020969237869,4.0
JSON_01546,Cables,London-01,2023-03-25,644.9245642687225,1.0
JSON_01548,Monitor,Berlin-03,2023-04-08,967.47791675101,3.0
JSON_01549,Keyboard,NYC-02,2023-03-02,960.402547703047,1.0
JSON_01550,Phone,Berlin-03,2023-05-29,2244.4764962639288,2.0
JSON_01551,TV,NYC-02,2023-05-25,4689.1715063052525,4.0
JSON_01552,Monitor,Tokyo-04,2023-05-12,1483.7244903682429,2.0
JSON_01553,Mouse,NYC-02,2023-02-03,2592.558629312204,2.0
JSON_01554,Mouse,Paris-05,2023-04-04,4536.662981275919,4.0
JSON_01555,Cables,Paris-05,2023-06-25,3091.004698615909,3.0
JSON_01556,Mouse,Berlin-03,2023-02-15,2375.1365375212945,3.0
JSON_01557,TV,NYC-02,2023-04-27,2326.4986605594477,4.0
JSON_01558,Mouse,Paris-05,2023-03-15,2752.773053310215,2.0
JSON_01563,Laptop,Paris-05,2023-01-26,5472.232415247077,4.0
JSON_01564,Laptop,Paris-05,2023-03-07,1959.5128368421886,4.0
JSON_01565,Monitor,Berlin-03,2023-01-31,865.5290071585067,2.0
JSON_01568,Laptop,Berlin-03,2023-05-20,228.32990291746125,4.0
JSON_01569,Cables,NYC-02,2023-06-18,1500.2788184505457,2.0
JSON_01571,Keyboard,London-01,2023-06-07,217.3342910058918,1.0
JSON_01573,TV,Berlin-03,2023-04-04,1211.68789740398,1.0
JSON_01577,Cables,London-01,2023-03-17,429.4335380631562,4.0
JSON_01579,Mouse,Berlin-03,2023-03-18,946.7757367347217,4.0
JSON_01580,Laptop,London-01,2023-02-27,2322.2818062448105,2.0
JSON_01582,Laptop,Paris-05,2023-05-24,4323.187116671142,4.0
JSON_01583,TV,Tokyo-04,2023-05-05,5468.518510395874,4.0
JSON_01585,TV,NYC-02,2023-01-30,2363.896747390395,3.0
JSON_01587,Mouse,Tokyo-04,2023-01-15,2566.2455142688914,2.0
JSON_01588,Cables,NYC-02,2023-06-21,2660.2285967318066,3.0
JSON_01589,Phone,London-01,2023-03-29,1199.1169162167785,2.0
JSON_01591,Monitor,London-01,2023-03-02,2940.9399476543626,4.0
JSON_01592,Monitor,NYC-02,2023-05-30,2578.3951747865854,2.0
JSON_01593,Phone,Paris-05,2023-04-15,2792.672480636958,2.0
JSON_01594,Phone,NYC-02,2023-02-26,551.1492449061448,1.0
JSON_01595,Keyboard,Berlin-03,2023-04-30,1753.8577194172317,3.0
JSON_01596,Cables,Tokyo-04,2023-06-07,3786.1145753491546,3.0
JSON_01597,Keyboard,Paris-05,2023-06-03,217.41735194392783,3.0
JSON_01599,Cables,London-01,2023-02-20,3394.0051592298087,4.0
JSON_01603,Laptop,Berlin-03,2023-01-12,2488.960759370726,3.0
JSON_01604,TV,NYC-02,2023-03-30,3947.072275760257,4.0
JSON_01605,Cables,NYC-02,2023-01-25,79.49456872915759,1.0
JSON_01607,Mouse,Paris-05,2023-01-01,1337.364987759676,1.0
JSON_01609,Mouse,Paris-05,2023-03-13,2107.725897909431,3.0
JSON_01610,Keyboard,Tokyo-04,2023-03-13,5562.0668400895065,4.0
JSON_01611,TV,London-01,2023-04-03,5843.177482721841,4.0
JSON_01612,Keyboard,London-01,2023-03-31,4157.057904621288,3.0
JSON_01613,Mouse,Tokyo-04,2023-01-13,1695.303069335358,4.0
JSON_01614,Monitor,NYC-02,2023-01-11,293.32322686805543,3.0
JSON_01615,TV,Tokyo-04,2023-03-14,105.06515297592946,1.0
JSON_01616,Monitor,Berlin-03,2023-03-04,234.29878996757355,1.0
JSON_01617,Cables,Tokyo-04,2023-03-11,226.6166932677247,2.0
JSON_01619,Monitor,Tokyo-04,2023-02-08,90.87744364847214,1.0
JSON_01620,TV,Berlin-03,2023-02-21,5526.053205203755,4.0
JSON_01622,Mouse,Paris-05,2023-06-28,1526.4166835598996,2.0
JSON_01626,Cables,London-01,2023-02-04,4470.2728981706805,4.0
JSON_01628,TV,London-01,2023-03-24,485.57802727436535,3.0
JSON_01630,TV,Berlin-03,2023-03-14,1023.5107037368326,2.0
JSON_01632,Mouse,Tokyo-04,2023-03-19,3743.9357869431624,4.0
JSON_01633,Cables,NYC-02,2023-02-20,4086.5841787391255,3.0
JSON_01634,Monitor,Tokyo-04,2023-06-22,2267.0648959394443,4.0
JSON_01635,TV,London-01,2023-06-06,2845.377254643032,4.0
JSON_01636,Keyboard,London-01,2023-03-15,736.1506033194471,3.0
JSON_01638,Keyboard,Berlin-03,2023-01-01,2585.5238135291665,3.0
JSON_01640,Monitor,Paris-05,2023-04-13,2229.4989680510116,2.0
JSON_01642,Monitor,Berlin-03,2023-01-23,2304.903788202829,2.0
JSON_01643,Laptop,London-01,2023-03-10,4733.485583570621,4.0
JSON_01645,Laptop,Berlin-03,2023-04-02,1668.1967554733335,2.0
JSON_01646,Laptop,NYC-02,2023-01-18,209.52569563493822,1.0
JSON_01647,TV,Tokyo-04,2023-01-31,1158.7331802904628,1.0
JSON_01648,Monitor,Paris-05,2023-05-23,3756.3880923100787,4.0
JSON_01649,Cables,NYC-02,2023-01-24,165.10282045084156,2.0
JSON_01650,TV,London-01,2023-01-26,131.2033479615502,1.0
JSON_01653,Monitor,London-01,2023-03-11,2782.433149881601,2.0
JSON_01655,Mouse,Berlin-03,2023-05-02,2798.1314436508765,4.0
JSON_01656,Mouse,Paris-05,2023-06-19,228.76169480599853,1.0
JSON_01657,Keyboard,London-01,2023-01-01,487.11147029546856,1.0
JSON_01658,Laptop,Tokyo-04,2023-02-28,876.9531363484307,1.0
JSON_01659,Keyboard,London-01,2023-06-26,1405.3782804612476,4.0
JSON_01660,Laptop,London-01,2023-05-14,1271.572954911584,1.0
JSON_01661,Phone,London-01,2023-05-11,3928.103990347217,4.0
JSON_01662,TV,London-01,2023-03-14,1112.252030938499,2.0
JSON_01663,TV,Tokyo-04,2023-03-17,896.6445951407165,2.0
JSON_01664,Monitor,Berlin-03,2023-06-27,2515.6830018037012,2.0
JSON_01666,Monitor,London-01,2023-03-06,427.8932818740162,4.0
JSON_01668,TV,NYC-02,2023-01-31,661.988477067729,2.0
JSON_01674,TV,London-01,2023-06-03,2308.8837959277826,3.0
JSON_01676,Cables,NYC-02,2023-04-10,2143.0315455938858,2.0
JSON_01677,Phone,Berlin-03,2023-05-17,746.1956624756411,1.0
JSON_01678,Phone,Tokyo-04,2023-04-16,406.531751249972,2.0
JSON_01679,Cables,Tokyo-04,2023-06-07,2778.156631050774,3.0
JSON_01681,Monitor,London-01,2023-01-31,3454.6712321240116,4.0
JSON_01683,Laptop,NYC-02,2023-04-17,3674.6272177501983,3.0
JSON_01684,Laptop,Paris-05,2023-03-14,229.95730552230293,3.0
JSON_01685,Phone,Tokyo-04,2023-02-28,536.5793053804516,2.0
JSON_01686,TV,Paris-05,2023-06-16,1597.3935698297714,3.0
JSON_01687,Mouse,Tokyo-04,2023-01-21,1697.7001060213197,3.0
JSON_01688,Keyboard,Paris-05,2023-02-13,491.90332355612236,1.0
JSON_01689,Cables,NYC-02,2023-04-26,1290.491159738476,4.0
JSON_01691,Mouse,Berlin-03,2023-03-05,3208.0140087386644,3.0
JSON_01692,Phone,Berlin-03,2023-03-08,1235.4697278396654,1.0
JSON_01694,Keyboard,NYC-02,2023-06-25,1142.7346906430814,1.0
JSON_01696,Laptop,NYC-02,2023-03-29,683.8647523153003,1.0
JSON_01701,TV,Berlin-03,2023-04-07,158.13339864443762,2.0
JSON_01702,Phone,NYC-02,2023-03-18,506.479756809918,2.0
JSON_01703,Cables,Berlin-03,2023-03-28,128.60702909868994,1.0
JSON_01704,Cables,NYC-02,2023-04-30,5290.735172042249,4.0
JSON_01706,Laptop,Berlin-03,2023-04-07,1433.816403555584,4.0
JSON_01707,Cables,Paris-05,2023-05-12,1431.3756564236596,1.0
JSON_01708,Laptop,Paris-05,2023-05-02,1802.1858614142327,4.0
JSON_01709,TV,London-01,2023-06-10,1670.970640303672,4.0
JSON_01711,TV,NYC-02,2023-03-14,1390.8128890344344,3.0
JSON_01712,Monitor,Paris-05,2023-01-16,1095.680938910122,1.0
JSON_01713,Cables,London-01,2023-06-01,1876.784599556361,2.0
JSON_01714,Keyboard,London-01,2023-05-27,852.4025960974212,2.0
JSON_01716,Monitor,NYC-02,2023-01-02,2546.991701561591,4.0
JSON_01717,TV,London-01,2023-03-11,1484.3641909598498,1.0
JSON_01719,Keyboard,London-01,2023-01-08,642.9444918471744,1.0
JSON_01720,Monitor,Tokyo-04,2023-06-22,2807.6736548448766,4.0
JSON_01721,Keyboard,Berlin-03,2023-04-09,1225.3755799772337,1.0
JSON_01722,Monitor,London-01,2023-01-11,1897.49438540466,4.0
JSON_01723,Mouse,London-01,2023-01-14,418.6448644514896,4.0
JSON_01724,Phone,Berlin-03,2023-04-02,248.45728419840373,4.0
JSON_01725,Monitor,Berlin-03,2023-01-19,964.1497677040854,1.0
JSON_01726,Cables,London-01,2023-06-21,4120.756440586772,4.0
JSON_01727,TV,London-01,2023-02-02,744.0383458060705,2.0
JSON_01729,Cables,Paris-05,2023-01-25,3675.3991474279696,3.0
JSON_01732,Monitor,London-01,2023-03-04,2436.6659873165486,2.0
JSON_01733,Laptop,Tokyo-04,2023-05-24,405.65499221283267,1.0
JSON_01734,TV,Berlin-03,2023-03-13,1458.268872233967,1.0
JSON_01735,Laptop,Tokyo-04,2023-02-19,1107.799546431027,1.0
JSON_01736,Cables,Tokyo-04,2023-04-01,638.8594717287089,1.0
JSON_01737,Keyboard,NYC-02,2023-05-22,2443.8406062593895,3.0
JSON_01738,Monitor,NYC-02,2023-05-31,1047.2035266692255,2.0
JSON_01740,Laptop,Tokyo-04,2023-04-28,1146.1504809503097,1.0
JSON_01741,Phone,Berlin-03,2023-06-27,2087.777514876745,2.0
JSON_01742,Cables,Tokyo-04,2023-01-12,875.4580052782604,1.0
JSON_01744,Phone,London-01,2023-01-06,1934.2735417342074,4.0
JSON_01746,TV,Paris-05,2023-06-20,606.3716592485596,2.0
JSON_01747,Laptop,Berlin-03,2023-01-05,4214.073592867864,3.0
JSON_01749,TV,London-01,2023-06-20,1547.8044318218467,2.0
JSON_01751,Phone,NYC-02,2023-06-18,909.8278842454662,1.0
JSON_01752,Laptop,Berlin-03,2023-03-25,1049.824602912852,1.0
JSON_01753,Keyboard,Tokyo-04,2023-01-14,4554.583340842769,4.0
JSON_01756,Mouse,Paris-05,2023-03-11,130.25719436623802,1.0
JSON_01757,Laptop,NYC-02,2023-05-04,3910.6961691084502,4.0
JSON_01762,Laptop,Paris-05,2023-06-28,487.05974991817254,2.0
JSON_01763,Laptop,Paris-05,2023-03-07,1193.3857818641895,4.0
JSON_01764,Mouse,London-01,2023-02-07,279.5104235140918,1.0
JSON_01770,Mouse,Berlin-03,2023-06-22,1928.6217796026413,2.0
JSON_01771,Keyboard,Tokyo-04,2023-06-21,3868.338773986569,4.0
JSON_01773,Laptop,Tokyo-04,2023-05-05,4137.624884935203,4.0
JSON_01776,Keyboard,Berlin-03,2023-03-10,4089.134937735327,4.0
JSON_01777,Mouse,NYC-02,2023-06-04,409.04477640334187,1.0
JSON_01778,Laptop,London-01,2023-05-26,2608.239788769118,4.0
JSON_01779,Keyboard,London-01,2023-05-10,575.6391104170792,1.0
JSON_01780,Mouse,London-01,2023-01-18,456.10126939122756,3.0
JSON_01781,Phone,Tokyo-04,2023-04-04,3261.4118089152125,3.0
JSON_01782,Mouse,Tokyo-04,2023-01-25,1611.3657671983624,3.0
JSON_01783,Phone,London-01,2023-06-24,348.9939380575793,1.0
JSON_01785,Keyboard,Paris-05,2023-02-12,393.02349155609505,1.0
JSON_01786,Keyboard,Paris-05,2023-05-24,941.0844764209074,1.0
JSON_01790,Mouse,Tokyo-04,2023-02-01,1767.033209793637,2.0
JSON_01791,Phone,Paris-05,2023-05-15,1654.3542808467334,3.0
JSON_01792,Mouse,Berlin-03,2023-04-20,5653.0430414296,4.0
JSON_01794,Monitor,Berlin-03,2023-01-31,558.1251449201777,3.0
JSON_01795,Monitor,Berlin-03,2023-04-21,1418.2745562940036,4.0
JSON_01796,Cables,Tokyo-04,2023-06-12,2494.0393877055735,2.0
JSON_01797,TV,London-01,2023-04-12,2251.101571635447,3.0
JSON_01798,Phone,NYC-02,2023-04-07,1957.1597207295247,3.0
JSON_01799,Keyboard,London-01,2023-04-03,3451.631566834665,3.0
JSON_01800,Phone,NYC-02,2023-02-07,530.9537443603601,3.0
JSON_01802,Keyboard,Tokyo-04,2023-03-12,859.8193610663867,4.0
JSON_01803,Phone,Tokyo-04,2023-03-22,104.45086408706612,1.0
JSON_01804,TV,London-01,2023-06-17,406.8210423300057,2.0
JSON_01806,Monitor,Berlin-03,2023-01-29,680.2180725495615,3.0
JSON_01809,Phone,Tokyo-04,2023-01-02,3585.46371574566,3.0
JSON_01810,Monitor,NYC-02,2023-02-07,493.5656072431079,3.0
JSON_01812,Keyboard,Tokyo-04,2023-01-24,4627.184168230821,4.0
JSON_01813,Monitor,Berlin-03,2023-02-24,2703.9045038453314,2.0
JSON_01814,Monitor,NYC-02,2023-02-06,2777.9682355259274,3.0
JSON_01817,Cables,Paris-05,2023-03-05,3144.0745431585588,3.0
JSON_01818,Keyboard,Berlin-03,2023-01-08,1266.5080901773986,1.0
JSON_01819,Mouse,Paris-05,2023-01-11,1045.9564159156193,1.0
JSON_01820,Keyboard,Tokyo-04,2023-06-28,1443.6214886313783,1.0
JSON_01821,Cables,NYC-02,2023-04-16,1072.6946316770945,1.0
JSON_01822,Cables,Tokyo-04,2023-06-29,2775.45997422682,2.0
JSON_01825,TV,NYC-02,2023-01-23,2196.5359307293966,2.0
JSON_01826,Cables,Paris-05,2023-06-23,2580.927963820468,4.0
JSON_01827,TV,NYC-02,2023-03-11,760.1343538762378,2.0
JSON_01829,Keyboard,Tokyo-04,2023-06-04,440.1257316761363,1.0
JSON_01831,Laptop,NYC-02,2023-04-05,4515.934777143348,4.0
JSON_01832,Laptop,London-01,2023-03-24,4323.730060489361,4.0
JSON_01833,Phone,London-01,2023-04-02,2743.75220023238,2.0
JSON_01834,Keyboard,Tokyo-04,2023-03-27,946.9123663008615,3.0
JSON_01835,Cables,NYC-02,2023-06-24,227.81067246810954,1.0
JSON_01837,Mouse,Paris-05,2023-06-10,399.2731923729499,1.0
JSON_01838,Keyboard,Tokyo-04,2023-04-08,1060.5040767527125,2.0
JSON_01839,Laptop,Tokyo-04,2023-01-17,1172.2396515307973,2.0
JSON_01840,Laptop,NYC-02,2023-02-17,608.9843618452247,3.0
JSON_01842,Phone,Paris-05,2023-01-06,2771.257860481652,4.0
JSON_01843,Monitor,Tokyo-04,2023-05-05,4088.1499534359905,3.0
JSON_01845,Laptop,NYC-02,2023-05-18,2867.7510158970754,2.0
JSON_01848,Mouse,London-01,2023-02-23,1510.5091642848993,3.0
JSON_01849,Laptop,Tokyo-04,2023-04-15,2885.7373804177255,3.0
JSON_01850,TV,Berlin-03,2023-05-01,151.0567647901304,3.0
JSON_01852,Laptop,Berlin-03,2023-03-09,1038.1178881498984,1.0
JSON_01853,Cables,Paris-05,2023-05-05,2494.5668038580243,3.0
JSON_01854,Monitor,Paris-05,2023-05-13,307.50158747012455,3.0
JSON_01855,Phone,London-01,2023-04-21,1478.6325324822383,3.0
JSON_01856,TV,NYC-02,2023-05-03,3074.072886508238,3.0
JSON_01858,Laptop,London-01,2023-04-23,2238.392118744202,3.0
JSON_01860,Keyboard,NYC-02,2023-01-26,2844.164882970942,3.0
JSON_01861,Phone,London-01,2023-01-08,2925.703357214568,3.0
JSON_01862,Cables,Berlin-03,2023-03-24,216.94319519075702,2.0
JSON_01863,Cables,London-01,2023-03-12,468.7744564334299,1.0
JSON_01865,Cables,Berlin-03,2023-04-28,2143.0497057546354,4.0
JSON_01866,Phone,NYC-02,2023-05-14,886.9396323127141,1.0
JSON_01868,TV,Paris-05,2023-04-13,4268.765099753694,3.0
JSON_01870,Cables,Paris-05,2023-05-29,2097.0706515667307,2.0
JSON_01871,Keyboard,NYC-02,2023-04-19,1216.2418337854992,1.0
JSON_01872,Keyboard,NYC-02,2023-02-28,587.955288580212,2.0
JSON_01874,Monitor,NYC-02,2023-02-22,211.00063838459633,1.0
JSON_01876,Cables,Berlin-03,2023-02-06,1598.3335742863237,3.0
JSON_01877,TV,Tokyo-04,2023-05-04,2748.2972892610996,2.0
JSON_01878,Laptop,Paris-05,2023-06-10,261.88673663574406,4.0
JSON_01882,TV,London-01,2023-04-03,3069.574594527081,4.0
JSON_01884,Phone,Paris-05,2023-05-14,4395.68768523155,3.0
JSON_01885,TV,Berlin-03,2023-02-11,704.9214584346364,3.0
JSON_01886,Cables,Tokyo-04,2023-06-13,698.3827315694622,1.0
JSON_01887,Monitor,Berlin-03,2023-04-09,2336.837115328865,2.0
JSON_01889,Phone,NYC-02,2023-02-07,433.91493409877535,4.0
JSON_01890,Mouse,NYC-02,2023-06-19,1313.5035418088285,2.0
JSON_01891,Keyboard,Tokyo-04,2023-05-02,276.89240829722394,3.0
JSON_01892,TV,NYC-02,2023-03-04,3921.1935363127286,3.0
JSON_01894,Cables,Tokyo-04,2023-06-01,1423.3785494177691,4.0
JSON_01896,Laptop,NYC-02,2023-01-04,1742.2588167998535,2.0
JSON_01897,Cables,Tokyo-04,2023-02-17,2794.6231761206877,3.0
JSON_01901,Laptop,London-01,2023-02-28,5374.486917845773,4.0
JSON_01903,Laptop,Tokyo-04,2023-06-18,2141.3489357715125,2.0
JSON_01905,Mouse,Paris-05,2023-06-07,3384.4175729222316,3.0
JSON_01906,Mouse,NYC-02,2023-03-13,378.91379837196797,1.0
JSON_01907,Monitor,London-01,2023-05-20,892.4468435647166,3.0
JSON_01908,TV,London-01,2023-03-18,2288.0868823684455,3.0
JSON_01909,Phone,NYC-02,2023-01-24,5746.22654404407,4.0
JSON_01914,Laptop,NYC-02,2023-01-08,3461.5482351242945,3.0
JSON_01915,Keyboard,Paris-05,2023-04-06,1196.9942916803318,2.0
JSON_01916,Cables,NYC-02,2023-02-20,238.99404917515423,1.0
JSON_01917,Laptop,Berlin-03,2023-01-11,1990.0693614389138,4.0
JSON_01918,Keyboard,Tokyo-04,2023-05-11,2312.8304554710057,3.0
JSON_01919,Cables,Berlin-03,2023-01-27,1020.42278424049,1.0
JSON_01921,Keyboard,Paris-05,2023-03-21,4434.567167872365,3.0
JSON_01922,Laptop,Berlin-03,2023-02-24,867.0634336029674,4.0
JSON_01923,Cables,London-01,2023-06-12,766.009375187862,3.0
JSON_01924,Cables,NYC-02,2023-01-14,2088.2488929801357,2.0
JSON_01925,Monitor,NYC-02,2023-06-24,589.7353846578349,3.0
JSON_01926,Cables,Tokyo-04,2023-01-12,1476.7496163456547,4.0
JSON_01927,Mouse,London-01,2023-01-22,1316.2188172029253,1.0
JSON_01928,TV,Berlin-03,2023-02-14,275.6895895043067,1.0
JSON_01929,Cables,Tokyo-04,2023-04-01,1974.884635618199,3.0
JSON_01931,Laptop,NYC-02,2023-05-06,5411.975937472131,4.0
JSON_01934,Cables,London-01,2023-06-06,1089.5159990113248,4.0
JSON_01935,Mouse,NYC-02,2023-03-26,4134.352067200128,3.0
JSON_01936,Cables,Tokyo-04,2023-03-10,1083.2720405826701,1.0
JSON_01937,Cables,Berlin-03,2023-01-15,2252.75549006725,3.0
JSON_01939,Keyboard,Berlin-03,2023-01-04,756.9933249252383,1.0
JSON_01940,Phone,London-01,2023-06-12,970.9776338527058,1.0
JSON_01941,Monitor,Berlin-03,2023-04-02,3546.410400716552,4.0
JSON_01942,Cables,Tokyo-04,2023-04-07,2872.023125478707,2.0
JSON_01943,Monitor,Tokyo-04,2023-01-07,4864.7146953950105,4.0
JSON_01944,TV,Berlin-03,2023-05-20,4857.664043120103,4.0
JSON_01945,Cables,London-01,2023-05-06,4128.442293214603,3.0
JSON_01946,Keyboard,Paris-05,2023-01-15,2552.5924634815656,4.0
JSON_01947,Keyboard,Tokyo-04,2023-02-22,1169.4460896599144,1.0
JSON_01948,Keyboard,NYC-02,2023-04-17,1001.4118331787912,1.0
JSON_01949,Monitor,London-01,2023-03-21,2765.2110033831464,2.0
JSON_01951,Mouse,Paris-05,2023-06-05,901.7672238355675,3.0
JSON_01952,Keyboard,London-01,2023-02-18,1510.169592870896,3.0
JSON_01955,Monitor,London-01,2023-01-09,837.1199927844083,1.0
JSON_01956,Keyboard,Paris-05,2023-06-08,2000.6112784440145,2.0
JSON_01958,Keyboard,London-01,2023-05-28,1236.9234738719929,3.0
JSON_01959,Monitor,NYC-02,2023-02-27,2741.945529939738,2.0
JSON_01960,Keyboard,Berlin-03,2023-01-27,2856.10127929807,2.0
JSON_01961,Laptop,Tokyo-04,2023-04-17,850.7851011654367,3.0
JSON_01963,Laptop,Berlin-03,2023-01-22,1348.431391951379,2.0
JSON_01964,Phone,NYC-02,2023-04-17,1286.823763977652,2.0
JSON_01965,Cables,NYC-02,2023-03-31,3128.273927552781,4.0
JSON_01966,Keyboard,Berlin-03,2023-04-08,449.39768569623817,1.0
JSON_01967,Phone,Tokyo-04,2023-05-19,2183.9508480015675,2.0
JSON_01968,Cables,London-01,2023-06-11,1521.1143813832482,4.0
JSON_01969,Cables,Paris-05,2023-05-24,1657.7910326516837,2.0
JSON_01971,Monitor,Paris-05,2023-01-23,3225.5855865545473,3.0
JSON_01973,TV,NYC-02,2023-03-15,137.10609411472456,1.0
JSON_01974,Cables,Berlin-03,2023-01-20,2471.7055494707834,3.0
JSON_01975,Phone,Tokyo-04,2023-02-19,1221.9275557526357,4.0
JSON_01976,Laptop,Paris-05,2023-02-08,3961.4567555803765,4.0
JSON_01977,TV,NYC-02,2023-05-10,170.99277085827987,2.0
JSON_01978,Laptop,NYC-02,2023-03-17,234.35957963321374,4.0
JSON_01979,Laptop,London-01,2023-04-12,1114.5656846634793,2.0
JSON_01981,Mouse,Paris-05,2023-03-01,4396.76806255189,4.0
JSON_01982,Cables,Tokyo-04,2023-02-02,2674.2330261154816,4.0
JSON_01983,Mouse,Berlin-03,2023-03-22,3992.5711994461526,3.0
JSON_01984,Phone,Tokyo-04,2023-06-21,1103.6721804244082,1.0
JSON_01985,Phone,Berlin-03,2023-05-19,4061.149524491415,4.0
JSON_01986,Keyboard,London-01,2023-01-20,2438.5681758150654,2.0
JSON_01987,Cables,Berlin-03,2023-01-08,1851.2512620447594,3.0
JSON_01988,Cables,Paris-05,2023-01-15,2757.2314500614552,3.0
JSON_01989,Cables,NYC-02,2023-06-13,283.87202542734644,3.0
JSON_01990,Monitor,Berlin-03,2023-06-21,1400.7692210114817,1.0
JSON_01991,Monitor,Tokyo-04,2023-03-08,1206.7184360783504,4.0
JSON_01993,Phone,Paris-05,2023-04-26,2437.433960416605,2.0
JSON_01995,Keyboard,Tokyo-04,2023-03-27,2554.66201129119,2.0
JSON_01997,Cables,Paris-05,2023-04-26,559.3035568108261,1.0
JSON_01998,Mouse,Berlin-03,2023-01-23,2045.940363884196,3.0
JSON_01999,Monitor,London-01,2023-01-05,636.2854544411706,2.0
JSON_02000,TV,Paris-05,2023-04-22,3267.3489246538365,3.0
JSON_02002,Monitor,Tokyo-04,2023-03-29,2976.8463112508234,2.0
JSON_02004,TV,Tokyo-04,2023-02-02,102.9545501029921,1.0
JSON_02005,Monitor,Berlin-03,2023-06-16,2302.343244373811,2.0
JSON_02007,TV,NYC-02,2023-02-22,3971.7224496263443,4.0
JSON_02008,Keyboard,Berlin-03,2023-05-07,4378.413200735589,4.0
JSON_02009,Laptop,Berlin-03,2023-06-07,779.4490678164408,1.0
JSON_02010,Mouse,London-01,2023-05-05,3526.297592624253,4.0
JSON_02011,Monitor,Paris-05,2023-06-19,232.9459057156683,1.0
JSON_02015,Monitor,NYC-02,2023-02-15,1261.5689579282907,1.0
JSON_02016,Keyboard,Berlin-03,2023-05-05,1312.1977290690195,2.0
JSON_02017,Cables,Paris-05,2023-06-24,4139.378497497305,3.0
JSON_02019,Mouse,Berlin-03,2023-04-23,591.6711147566668,1.0
JSON_02020,Mouse,Tokyo-04,2023-01-16,398.21841643830703,4.0
JSON_02021,TV,Tokyo-04,2023-05-23,2202.1254753816534,2.0
JSON_02022,Keyboard,Tokyo-04,2023-02-01,5024.354741073924,4.0
JSON_02023,Keyboard,London-01,2023-03-19,253.0649775946321,1.0
JSON_02026,Mouse,Paris-05,2023-01-26,2884.9380335612823,3.0
JSON_02028,TV,NYC-02,2023-01-13,3181.6680345917844,4.0
JSON_02029,Monitor,London-01,2023-01-25,3900.152719513938,3.0
JSON_02030,Keyboard,London-01,2023-05-14,1823.5620283871278,2.0
JSON_02032,Laptop,Berlin-03,2023-06-29,2036.0449693913818,2.0
JSON_02033,Monitor,NYC-02,2023-02-26,2291.794604367377,2.0
JSON_02035,Keyboard,Berlin-03,2023-03-03,5925.077711234628,4.0
JSON_02036,Mouse,Paris-05,2023-03-09,2309.4731087831824,2.0
JSON_02038,Cables,London-01,2023-06-02,803.2776894092226,1.0
JSON_02041,Monitor,Tokyo-04,2023-04-10,672.9239780003928,1.0
JSON_02042,Laptop,London-01,2023-04-17,3933.869526987219,4.0
JSON_02043,Keyboard,Tokyo-04,2023-01-12,1948.591598281916,2.0
JSON_02044,Phone,London-01,2023-04-27,1261.7963151394133,1.0
JSON_02046,Cables,London-01,2023-04-19,760.214358468287,4.0
JSON_02047,Cables,Tokyo-04,2023-03-20,1401.3190024988394,1.0
JSON_02048,Laptop,London-01,2023-01-17,2729.0801282410093,4.0
JSON_02051,Keyboard,NYC-02,2023-04-20,400.946655040748,2.0
JSON_02052,TV,Tokyo-04,2023-03-28,1335.6262073469923,3.0
JSON_02054,Monitor,Paris-05,2023-01-26,2001.1680679807212,3.0
JSON_02056,Monitor,Berlin-03,2023-06-07,2233.5821616565186,2.0
JSON_02057,Cables,Paris-05,2023-02-23,844.81156624447,2.0
JSON_02058,Keyboard,Paris-05,2023-01-08,2030.7485658384264,3.0
JSON_02063,Keyboard,NYC-02,2023-03-27,2279.8713243911275,2.0
JSON_02064,Cables,London-01,2023-04-07,3561.2142296595457,3.0
JSON_02065,Cables,Paris-05,2023-02-16,1131.503145629733,1.0
JSON_02066,Cables,NYC-02,2023-04-06,3825.1553692999078,4.0
JSON_02067,Keyboard,Paris-05,2023-02-23,677.8109222675741,1.0
JSON_02069,Keyboard,NYC-02,2023-04-05,2337.5571740536097,2.0
JSON_02070,Cables,London-01,2023-06-01,323.13393649725117,1.0
JSON_02072,Phone,London-01,2023-04-22,4856.040894479821,4.0
JSON_02075,Mouse,NYC-02,2023-05-18,2479.114436949848,4.0
JSON_02076,TV,Berlin-03,2023-03-09,4235.125110187198,3.0
JSON_02077,Phone,London-01,2023-06-05,2069.8163038403964,2.0
JSON_02078,TV,Paris-05,2023-01-27,1477.7290421457071,2.0
JSON_02079,Monitor,Berlin-03,2023-04-24,1012.9205483375006,3.0
JSON_02080,Mouse,Paris-05,2023-05-05,1976.4361172528802,3.0
JSON_02081,Laptop,Tokyo-04,2023-02-11,3352.125245891906,4.0
JSON_02084,Laptop,Paris-05,2023-04-03,1753.2467402705552,3.0
JSON_02085,Keyboard,Tokyo-04,2023-02-22,599.3633755346874,2.0
JSON_02087,Laptop,NYC-02,2023-05-21,905.9540998713494,1.0
JSON_02088,Monitor,London-01,2023-02-03,2565.732575732082,4.0
JSON_02091,Monitor,NYC-02,2023-06-25,1251.244580903859,1.0
JSON_02094,Laptop,London-01,2023-01-10,594.2971631540137,1.0
JSON_02098,Laptop,NYC-02,2023-05-20,777.0987587704254,1.0
JSON_02100,TV,NYC-02,2023-01-20,3619.200719127104,3.0
JSON_02103,TV,Tokyo-04,2023-04-01,2108.653591710376,3.0
JSON_02107,Monitor,Paris-05,2023-03-10,2380.3332377946235,2.0
JSON_02109,Keyboard,London-01,2023-02-17,4900.995622200958,4.0
JSON_02110,Monitor,Berlin-03,2023-02-07,165.69422926930054,1.0
JSON_02112,Cables,Berlin-03,2023-04-24,1455.336136161674,2.0
JSON_02114,TV,Tokyo-04,2023-02-17,1319.789703010462,1.0
JSON_02115,Cables,NYC-02,2023-01-27,868.8574581926446,2.0
JSON_02117,Laptop,NYC-02,2023-02-07,559.4661052496438,1.0
JSON_02118,Phone,London-01,2023-03-04,1361.0772509510205,1.0
JSON_02119,Cables,Paris-05,2023-03-27,2203.6298448193147,2.0
JSON_02120,Keyboard,NYC-02,2023-03-11,1440.8491740284267,2.0
JSON_02122,TV,Berlin-03,2023-05-13,818.6675693012072,1.0
JSON_02123,Cables,Tokyo-04,2023-06-20,2717.5057087176606,3.0
JSON_02124,Phone,NYC-02,2023-06-25,5091.881215112486,4.0
JSON_02125,Phone,NYC-02,2023-05-24,2651.570939312276,2.0
JSON_02126,Cables,Tokyo-04,2023-03-31,762.385988545572,2.0
JSON_02127,Laptop,Paris-05,2023-05-30,1588.3256511607008,2.0
JSON_02128,TV,Berlin-03,2023-02-07,3216.4795626561868,4.0
JSON_02129,Mouse,Berlin-03,2023-05-22,3129.951306101226,4.0
JSON_02131,Monitor,NYC-02,2023-02-12,478.6620478680476,3.0
JSON_02132,Phone,NYC-02,2023-02-18,1320.6552563774878,1.0
JSON_02133,Keyboard,Tokyo-04,2023-03-12,3552.8352852720236,4.0
JSON_02135,Monitor,NYC-02,2023-05-06,1104.1208134514325,1.0
JSON_02136,Phone,NYC-02,2023-06-19,711.3100269753996,3.0
JSON_02137,Monitor,London-01,2023-05-18,1723.6899944542533,2.0
JSON_02139,Mouse,London-01,2023-04-23,834.596539679574,3.0
JSON_02140,Monitor,Paris-05,2023-01-03,1456.6269949082837,2.0
JSON_02142,TV,Paris-05,2023-06-05,187.98381577312287,2.0
JSON_02143,Laptop,London-01,2023-06-20,1338.9806134966245,3.0
JSON_02144,TV,Berlin-03,2023-03-27,5997.078832428586,4.0
JSON_02146,Cables,Tokyo-04,2023-05-06,3256.837150329315,3.0
JSON_02147,Laptop,Tokyo-04,2023-01-14,3687.637581149677,4.0
JSON_02148,TV,NYC-02,2023-01-16,1336.9655646983906,1.0
JSON_02149,Laptop,NYC-02,2023-01-21,421.56963963915524,1.0
JSON_02150,Laptop,Tokyo-04,2023-05-29,2181.9289001817924,4.0
JSON_02153,Keyboard,Berlin-03,2023-04-17,676.3489886774889,3.0
JSON_02156,Keyboard,Tokyo-04,2023-02-09,1280.6373038074944,4.0
JSON_02157,Phone,Tokyo-04,2023-01-06,225.85181787782645,2.0
JSON_02158,Keyboard,NYC-02,2023-05-10,1446.389871040586,2.0
JSON_02162,Cables,Paris-05,2023-03-25,1023.2126224045118,4.0
JSON_02163,Cables,Paris-05,2023-04-26,1801.2993132377214,4.0
JSON_02164,TV,Paris-05,2023-02-22,1450.844815460649,1.0
JSON_02165,Laptop,London-01,2023-04-11,2683.38998138082,2.0
JSON_02166,Phone,NYC-02,2023-06-06,653.9919882332799,4.0
JSON_02171,Cables,Paris-05,2023-05-06,540.0210780156716,1.0
JSON_02172,Mouse,Berlin-03,2023-04-16,981.6711612420811,1.0
JSON_02173,Cables,Tokyo-04,2023-06-08,2656.9953181971555,2.0
JSON_02174,Mouse,Paris-05,2023-02-02,2399.133011083672,4.0
JSON_02175,Phone,London-01,2023-04-24,2308.3652785398517,3.0
JSON_02177,Mouse,NYC-02,2023-01-10,2182.0173685054515,2.0
JSON_02178,Cables,NYC-02,2023-02-10,447.6796827304046,1.0
JSON_02179,Monitor,NYC-02,2023-03-29,5673.975557406156,4.0
JSON_02180,Monitor,Paris-05,2023-03-15,2262.6075956938803,4.0
JSON_02182,Laptop,Tokyo-04,2023-05-21,2190.0699952186546,4.0
JSON_02184,Mouse,Tokyo-04,2023-02-20,3516.6221603829745,3.0
JSON_02185,TV,Berlin-03,2023-03-29,3356.9403960367463,3.0
JSON_02186,Monitor,Berlin-03,2023-03-22,402.6772284402041,2.0
JSON_02187,Cables,Tokyo-04,2023-02-08,2822.3746760115155,2.0
JSON_02188,Phone,Berlin-03,2023-01-13,614.717541123485,4.0
JSON_02189,TV,NYC-02,2023-03-22,528.9265544287945,1.0
JSON_02193,Laptop,NYC-02,2023-04-29,786.382707549348,1.0
JSON_02194,TV,London-01,2023-01-23,1810.5197438752912,2.0
JSON_02195,Keyboard,Paris-05,2023-01-24,1487.8928240550433,2.0
JSON_02197,TV,Berlin-03,2023-06-19,1259.2658883796794,3.0
JSON_02199,Mouse,Tokyo-04,2023-01-21,1837.59193364878,3.0
JSON_02200,Keyboard,Paris-05,2023-05-28,2382.5877886195976,3.0
JSON_02201,TV,Tokyo-04,2023-05-22,1096.390389165017,1.0
JSON_02202,Laptop,NYC-02,2023-06-24,2890.815386971006,2.0
JSON_02204,TV,Tokyo-04,2023-02-09,2007.0381447679208,3.0
JSON_02208,Cables,Paris-05,2023-04-14,2593.030088232778,2.0
JSON_02210,Mouse,Paris-05,2023-01-29,4367.069034274367,4.0
JSON_02211,Laptop,Tokyo-04,2023-05-02,2234.212636618592,2.0
JSON_02212,Phone,NYC-02,2023-01-12,959.8179054954055,3.0
JSON_02213,Mouse,NYC-02,2023-05-14,2923.994690319417,4.0
JSON_02217,Phone,Tokyo-04,2023-05-02,3955.1921577572393,4.0
JSON_02218,Laptop,London-01,2023-03-03,5914.565930985229,4.0
JSON_02220,Keyboard,NYC-02,2023-03-16,4010.9780586910833,4.0
JSON_02221,Laptop,Paris-05,2023-04-09,3459.8779073813944,3.0
JSON_02222,Keyboard,NYC-02,2023-04-30,1330.4118030814461,3.0
JSON_02223,TV,Berlin-03,2023-05-04,2387.6568290459027,3.0
JSON_02224,TV,Paris-05,2023-05-17,204.51124667826357,1.0
JSON_02225,Cables,Tokyo-04,2023-04-15,377.26828909860126,3.0
JSON_02227,Laptop,Tokyo-04,2023-06-15,1734.368460111042,4.0
JSON_02228,Monitor,London-01,2023-06-13,985.7511537133814,1.0
JSON_02229,Phone,Paris-05,2023-01-25,1020.038806840452,3.0
JSON_02230,TV,London-01,2023-02-12,1687.627634601495,4.0
JSON_02231,Cables,Paris-05,2023-01-27,3752.9900069495493,3.0
JSON_02234,Laptop,London-01,2023-06-21,4791.512418661765,4.0
JSON_02235,Cables,London-01,2023-01-28,135.16177525446,2.0
JSON_02236,Keyboard,London-01,2023-01-13,1378.8121742929238,1.0
JSON_02238,Laptop,Tokyo-04,2023-03-17,476.35757955799863,1.0
JSON_02239,Monitor,London-01,2023-03-12,2559.117910606512,2.0
JSON_02242,Mouse,Tokyo-04,2023-01-06,2562.200088522072,2.0
JSON_02244,Phone,London-01,2023-01-18,606.2935555614448,2.0
JSON_02245,Mouse,Tokyo-04,2023-01-25,1062.911346164177,3.0
JSON_02246,Monitor,Paris-05,2023-04-14,3284.890377109201,3.0
JSON_02247,Mouse,Berlin-03,2023-06-28,4345.093266459082,3.0
JSON_02248,TV,Berlin-03,2023-03-28,2431.265655332235,2.0
JSON_02249,Cables,Tokyo-04,2023-03-21,2972.542524743072,2.0
JSON_02250,Cables,Berlin-03,2023-04-15,3525.0047947685803,4.0
JSON_02251,Mouse,Berlin-03,2023-03-17,650.747052884551,1.0
JSON_02253,Monitor,London-01,2023-01-23,3562.966283980433,4.0
JSON_02255,Cables,Berlin-03,2023-02-17,582.3426111998843,1.0
JSON_02256,TV,NYC-02,2023-04-01,1854.3283582734896,2.0
JSON_02257,TV,Tokyo-04,2023-06-08,1499.282525077349,1.0
JSON_02258,Keyboard,Tokyo-04,2023-05-31,598.2313664247747,3.0
JSON_02260,Cables,Tokyo-04,2023-01-24,5643.79645551533,4.0
JSON_02262,Phone,Paris-05,2023-04-04,2195.73512274508,3.0
JSON_02263,Phone,Tokyo-04,2023-04-30,1125.4143232762237,2.0
JSON_02264,Phone,Tokyo-04,2023-02-10,1098.6827149780252,1.0
JSON_02265,Monitor,Paris-05,2023-03-15,4762.668303474784,4.0
JSON_02268,Cables,Paris-05,2023-02-04,1385.4349802773902,2.0
JSON_02269,Keyboard,Tokyo-04,2023-01-24,5713.548293508764,4.0
JSON_02270,Keyboard,NYC-02,2023-04-28,1372.8353465980927,2.0
JSON_02271,Phone,London-01,2023-04-13,2058.6728676923526,2.0
JSON_02272,Laptop,London-01,2023-05-04,2848.8234889970718,2.0
JSON_02274,Phone,NYC-02,2023-01-14,1598.167618606604,3.0
JSON_02276,Mouse,NYC-02,2023-02-15,3210.260426784283,3.0
JSON_02280,Cables,Paris-05,2023-06-04,1373.20765032588,4.0
JSON_02281,Laptop,Berlin-03,2023-04-17,4023.618314895057,4.0
JSON_02282,Laptop,Tokyo-04,2023-03-22,2597.795213538582,3.0
JSON_02283,Monitor,NYC-02,2023-02-12,1937.6374023942508,4.0
JSON_02285,Mouse,Tokyo-04,2023-06-01,2720.925058057409,2.0
JSON_02286,Laptop,NYC-02,2023-06-11,699.0546153650112,1.0
JSON_02288,Mouse,Tokyo-04,2023-01-13,2994.160342650398,3.0
JSON_02289,Monitor,Paris-05,2023-06-14,2692.758355091271,2.0
JSON_02290,Keyboard,NYC-02,2023-06-11,1471.1861481216706,3.0
JSON_02291,TV,London-01,2023-03-21,1277.6945889476751,3.0
JSON_02294,Laptop,Tokyo-04,2023-04-20,1768.177205082854,3.0
JSON_02295,Laptop,Tokyo-04,2023-02-18,1808.444334342686,2.0
JSON_02298,Phone,Berlin-03,2023-03-22,1026.8925639734066,2.0
JSON_02299,Keyboard,Paris-05,2023-03-19,1071.4142511423556,1.0
JSON_02300,TV,Berlin-03,2023-06-09,596.0252407900015,3.0
JSON_02301,Keyboard,NYC-02,2023-02-25,4458.127810692673,3.0
JSON_02306,Mouse,Tokyo-04,2023-06-09,1760.1434448243135,3.0
JSON_02307,Keyboard,Paris-05,2023-01-21,3868.145674333654,3.0
JSON_02308,Cables,Tokyo-04,2023-03-13,2969.4306926820805,4.0
JSON_02309,Laptop,London-01,2023-05-25,1146.657270514586,3.0
JSON_02310,Monitor,NYC-02,2023-05-20,2557.8593513037476,3.0
JSON_02311,Mouse,London-01,2023-03-20,395.17192638332847,4.0
JSON_02315,Keyboard,Tokyo-04,2023-02-16,532.9740447361157,1.0
JSON_02316,TV,London-01,2023-04-22,495.07758948260437,2.0
JSON_02317,Cables,Tokyo-04,2023-02-12,1338.531870576285,1.0
JSON_02318,Phone,Paris-05,2023-04-25,3467.5426811149564,3.0
JSON_02319,TV,Berlin-03,2023-04-16,299.54478634230014,1.0
JSON_02322,Mouse,Berlin-03,2023-06-10,2857.9440275953148,3.0
JSON_02324,Laptop,Berlin-03,2023-06-27,2943.2896919502678,4.0
JSON_02325,Keyboard,NYC-02,2023-03-13,1801.3942735625092,3.0
JSON_02326,Cables,NYC-02,2023-06-21,1410.0510851947818,2.0
JSON_02329,Mouse,Paris-05,2023-02-10,1137.5889200093036,1.0
JSON_02331,Cables,Tokyo-04,2023-03-22,2707.30275989455,3.0
JSON_02334,Phone,London-01,2023-05-13,3747.1439637805265,4.0
JSON_02335,Monitor,London-01,2023-05-29,2985.372938131955,4.0
JSON_02336,TV,Paris-05,2023-03-22,898.238035617782,1.0
JSON_02339,Keyboard,NYC-02,2023-02-22,2036.2588207933509,4.0
JSON_02343,Cables,London-01,2023-02-17,2620.8453406631697,4.0
JSON_02344,Keyboard,Berlin-03,2023-04-18,1413.45211134524,1.0
JSON_02346,Mouse,Paris-05,2023-04-13,91.5152310616966,1.0
JSON_02347,Monitor,Paris-05,2023-05-29,1549.8354028463104,4.0
JSON_02348,Keyboard,NYC-02,2023-05-10,3563.779487103644,4.0
JSON_02349,TV,Tokyo-04,2023-05-14,3570.698128933386,3.0
JSON_02350,Monitor,London-01,2023-04-04,1295.2801762785423,1.0
JSON_02352,Keyboard,London-01,2023-03-09,3221.750054166271,4.0
JSON_02353,Cables,NYC-02,2023-01-25,409.961787752391,2.0
JSON_02354,Keyboard,Tokyo-04,2023-06-15,1993.0032923307635,2.0
JSON_02355,Laptop,London-01,2023-02-04,1838.3423371202139,2.0
JSON_02358,Cables,Paris-05,2023-01-14,5985.579724838996,4.0
JSON_02359,Mouse,NYC-02,2023-05-25,4921.297066015594,4.0
JSON_02360,Monitor,NYC-02,2023-01-15,679.913726076647,1.0
JSON_02362,Laptop,NYC-02,2023-03-15,987.2825181654096,1.0
JSON_02363,Laptop,Tokyo-04,2023-02-07,3956.7126337833324,4.0
JSON_02366,TV,Tokyo-04,2023-03-09,1427.9980409451623,1.0
JSON_02367,Monitor,NYC-02,2023-06-13,3185.417093821979,3.0
JSON_02368,Laptop,Berlin-03,2023-04-04,896.7351287592728,2.0
JSON_02370,Monitor,London-01,2023-06-22,3794.1215790085553,3.0
JSON_02371,Keyboard,NYC-02,2023-04-30,2970.943783468624,2.0
JSON_02372,Monitor,Paris-05,2023-05-24,2133.365908093677,3.0
JSON_02381,Phone,NYC-02,2023-06-05,2725.529547631806,4.0
JSON_02384,Laptop,Tokyo-04,2023-02-20,3294.909586509395,4.0
JSON_02385,Mouse,Paris-05,2023-03-20,920.203700659469,1.0
JSON_02386,Phone,Tokyo-04,2023-04-23,1441.4335941100187,2.0
JSON_02387,Cables,London-01,2023-03-01,1121.730767347992,1.0
JSON_02390,Mouse,Berlin-03,2023-06-05,3065.9292986193695,4.0
JSON_02391,Phone,Tokyo-04,2023-02-07,824.5753431224979,1.0
JSON_02394,Laptop,London-01,2023-01-21,1465.3686865890568,3.0
JSON_02396,Phone,Paris-05,2023-05-09,438.88532862138777,3.0
JSON_02397,Keyboard,Berlin-03,2023-03-24,4295.866543506296,3.0
JSON_02398,Phone,NYC-02,2023-03-28,2514.6337628234874,3.0
JSON_02399,Laptop,Paris-05,2023-06-23,623.7003055018313,4.0
JSON_02400,Keyboard,NYC-02,2023-06-17,1752.9501752314168,2.0
JSON_02401,TV,London-01,2023-02-10,1414.371980242449,1.0
JSON_02402,Mouse,Paris-05,2023-01-22,1677.4155956417778,2.0
JSON_02405,Cables,Tokyo-04,2023-05-25,1486.66196612161,1.0
JSON_02406,TV,NYC-02,2023-02-07,1549.5560798835083,3.0
JSON_02407,Phone,Berlin-03,2023-06-28,504.6276636230409,2.0
JSON_02408,TV,Tokyo-04,2023-01-30,836.6613323771319,2.0
JSON_02410,Keyboard,Berlin-03,2023-02-12,1043.1414549864394,2.0
JSON_02411,Keyboard,Berlin-03,2023-02-24,255.1410317807402,3.0
JSON_02412,TV,NYC-02,2023-02-06,1687.1524394480466,4.0
JSON_02413,Laptop,Paris-05,2023-04-26,1877.851773735003,3.0
JSON_02414,Keyboard,Tokyo-04,2023-01-08,1705.7363907117642,3.0
JSON_02415,Mouse,Tokyo-04,2023-04-28,3990.8971247043137,4.0
JSON_02416,Mouse,Berlin-03,2023-04-11,3419.479088338376,4.0
JSON_02418,Mouse,London-01,2023-01-01,1740.1562718588,4.0
JSON_02419,Laptop,NYC-02,2023-03-17,943.2966382433577,2.0
JSON_02420,Mouse,NYC-02,2023-06-16,4428.84500999273,3.0
JSON_02421,TV,Tokyo-04,2023-04-21,5389.545481659629,4.0
JSON_02422,Monitor,Paris-05,2023-05-05,1668.732844014288,2.0
JSON_02423,Phone,Berlin-03,2023-01-02,1086.4755035903524,1.0
JSON_02424,Monitor,London-01,2023-04-28,2983.9778178538168,3.0
JSON_02425,TV,London-01,2023-04-03,2158.7349776451315,3.0
JSON_02427,Phone,London-01,2023-01-25,322.8899734358003,1.0
JSON_02433,Keyboard,Paris-05,2023-06-26,2875.117770355143,3.0
JSON_02434,Mouse,London-01,2023-06-27,1865.832912538697,4.0
JSON_02436,TV,Berlin-03,2023-04-16,2853.8462263975316,2.0
JSON_02437,Keyboard,London-01,2023-06-04,438.3751348104251,1.0
JSON_02438,TV,Paris-05,2023-05-13,2907.9033382595485,3.0
JSON_02439,Phone,Berlin-03,2023-06-28,3740.976351734528,4.0
JSON_02440,Mouse,London-01,2023-03-25,1503.5502214286735,4.0
JSON_02442,Mouse,Paris-05,2023-02-11,5232.934862474038,4.0
JSON_02443,Cables,Paris-05,2023-01-30,994.437353410298,1.0
JSON_02445,TV,NYC-02,2023-06-26,4399.229053533823,3.0
JSON_02446,Mouse,Paris-05,2023-03-11,2959.188056408567,3.0
JSON_02447,Keyboard,Berlin-03,2023-05-13,5997.886627467574,4.0
JSON_02452,Mouse,Berlin-03,2023-05-09,541.4575189086881,1.0
JSON_02454,Mouse,NYC-02,2023-06-09,2954.852170704261,3.0
JSON_02455,TV,NYC-02,2023-01-12,5920.637685177675,4.0
JSON_02456,Mouse,NYC-02,2023-05-13,1175.7674845464528,1.0
JSON_02457,Keyboard,NYC-02,2023-04-06,221.0695491836873,1.0
JSON_02458,TV,Paris-05,2023-04-16,2194.5208764443537,2.0
JSON_02459,Monitor,Paris-05,2023-05-17,641.587651030901,1.0
JSON_02461,Cables,Berlin-03,2023-01-03,763.9327748043912,2.0
JSON_02465,Cables,Paris-05,2023-01-31,1028.8176023203837,1.0
JSON_02466,Phone,Berlin-03,2023-01-05,1293.1253441236515,1.0
JSON_02467,Monitor,NYC-02,2023-03-20,2155.3128817242086,2.0
JSON_02468,TV,Paris-05,2023-01-17,2152.4669574718982,3.0
JSON_02470,Mouse,Paris-05,2023-03-17,952.1420400517312,1.0
JSON_02471,Monitor,NYC-02,2023-02-13,981.9190212942269,2.0
JSON_02472,TV,NYC-02,2023-04-03,2803.2689857195337,2.0
JSON_02473,Phone,NYC-02,2023-06-21,3681.174773136968,4.0
JSON_02474,Monitor,Paris-05,2023-06-07,1387.7516546834443,3.0
JSON_02475,Laptop,London-01,2023-02-02,1146.2863631283074,2.0
JSON_02476,Keyboard,NYC-02,2023-02-26,363.11039582919585,1.0
JSON_02478,Cables,Berlin-03,2023-04-27,847.6279229750235,3.0
JSON_02482,Mouse,London-01,2023-05-28,193.8204296705568,3.0
JSON_02483,Cables,Tokyo-04,2023-04-25,5554.611248058703,4.0
JSON_02484,Keyboard,Berlin-03,2023-02-28,1177.4067682063624,2.0
JSON_02485,Cables,Tokyo-04,2023-04-16,2722.8334927197357,2.0
JSON_02486,Phone,Paris-05,2023-03-28,402.06217474809904,1.0
JSON_02487,Keyboard,Paris-05,2023-06-12,4278.891697218192,3.0
JSON_02488,TV,London-01,2023-06-05,5998.104590404135,4.0
JSON_02489,Cables,NYC-02,2023-05-09,194.6102420785026,2.0
JSON_02490,Phone,Berlin-03,2023-01-18,641.2233580480932,1.0
JSON_02493,Mouse,Paris-05,2023-06-13,2845.035144638357,2.0
JSON_02494,TV,Paris-05,2023-03-19,2663.105038078908,2.0
JSON_02495,Mouse,Berlin-03,2023-03-17,2300.4433305364214,2.0
JSON_02496,Mouse,NYC-02,2023-01-31,1050.3386617456852,1.0
JSON_02497,Laptop,NYC-02,2023-04-25,1253.722017638461,3.0
JSON_02499,Laptop,Tokyo-04,2023-02-26,1601.7514053420252,2.0
JSON_02501,Phone,London-01,2023-05-26,5244.203167305363,4.0
JSON_02503,Cables,Paris-05,2023-01-29,3893.8357101361335,3.0
JSON_02504,Laptop,Tokyo-04,2023-05-12,5393.298352331971,4.0
JSON_02507,Monitor,Tokyo-04,2023-03-18,1312.1949532040578,2.0
JSON_02508,Mouse,NYC-02,2023-06-15,3856.658124006061,4.0
JSON_02509,Keyboard,Paris-05,2023-04-15,425.8769563604795,1.0
JSON_02511,Keyboard,Paris-05,2023-01-05,2273.39568500821,2.0
JSON_02512,Mouse,Berlin-03,2023-05-31,2208.908318029267,4.0
JSON_02514,Cables,Berlin-03,2023-06-02,361.1943583585547,3.0
JSON_02515,TV,Berlin-03,2023-02-01,3153.876145943572,4.0
JSON_02517,Keyboard,Berlin-03,2023-06-12,894.1433053878516,2.0
JSON_02518,Phone,Berlin-03,2023-02-05,1568.4771201931596,2.0
JSON_02519,TV,London-01,2023-05-15,202.60075221259595,1.0
JSON_02520,TV,NYC-02,2023-01-15,1464.7162658251725,2.0
JSON_02521,Monitor,Tokyo-04,2023-03-04,4992.36106920297,4.0
JSON_02523,Mouse,Tokyo-04,2023-05-11,401.8202736129162,2.0
JSON_02524,TV,London-01,2023-05-18,3002.6312627611833,3.0
JSON_02525,Laptop,Tokyo-04,2023-01-13,2715.0110040297086,4.0
JSON_02526,Cables,Tokyo-04,2023-04-30,4219.623096876183,3.0
JSON_02527,Phone,Berlin-03,2023-06-28,1167.9839437908508,2.0
JSON_02528,Monitor,Paris-05,2023-03-17,1960.6322551001083,2.0
JSON_02529,Mouse,NYC-02,2023-03-16,1290.4982570513966,2.0
JSON_02530,Mouse,Paris-05,2023-05-29,4239.530235900817,3.0
JSON_02531,Monitor,Paris-05,2023-03-28,3023.8183177527694,3.0
JSON_02532,Keyboard,Berlin-03,2023-03-19,875.1365367613262,4.0
JSON_02539,Monitor,Paris-05,2023-03-17,1905.2080622480662,2.0
JSON_02541,Keyboard,NYC-02,2023-03-31,378.5620993923303,4.0
JSON_02542,Monitor,Paris-05,2023-05-02,4070.0200060727893,4.0
JSON_02543,TV,London-01,2023-05-16,1119.7414226797614,2.0
JSON_02544,Keyboard,Paris-05,2023-01-05,1750.226584987432,2.0
JSON_02545,Monitor,London-01,2023-01-30,758.7323576271442,2.0
JSON_02546,Cables,London-01,2023-04-01,4072.1922322002674,3.0
JSON_02547,Mouse,Tokyo-04,2023-05-20,2743.3944516848355,2.0
JSON_02548,Laptop,NYC-02,2023-04-19,448.8289491367255,1.0
JSON_02552,Keyboard,London-01,2023-06-26,688.2090994800084,1.0
JSON_02555,Cables,NYC-02,2023-02-07,297.96573890643117,1.0
JSON_02556,Phone,London-01,2023-06-15,1664.1061132459595,3.0
JSON_02558,Monitor,Berlin-03,2023-05-16,2630.5351459101594,3.0
JSON_02561,TV,Paris-05,2023-01-13,3984.718359265804,3.0
JSON_02562,Keyboard,Berlin-03,2023-02-14,644.8667117908353,3.0
JSON_02563,Phone,Paris-05,2023-04-20,1852.2945799632128,2.0
JSON_02565,Monitor,NYC-02,2023-03-27,546.3455629999036,1.0
JSON_02566,Keyboard,Paris-05,2023-02-12,511.01202807489307,1.0
JSON_02568,Mouse,Tokyo-04,2023-02-01,1441.5042461191183,4.0
JSON_02570,Phone,Paris-05,2023-04-11,593.9719844923923,4.0
JSON_02572,Keyboard,Paris-05,2023-04-23,977.8994968032608,1.0
JSON_02575,Mouse,Paris-05,2023-06-27,3324.510972412285,3.0
JSON_02576,Mouse,Paris-05,2023-01-16,3623.8096608464175,4.0
JSON_02577,Phone,Tokyo-04,2023-03-16,789.5281006056459,1.0
JSON_02578,Cables,Berlin-03,2023-01-09,434.73992604237645,2.0
JSON_02580,Keyboard,NYC-02,2023-03-20,3626.8069519258606,3.0
JSON_02581,Keyboard,Tokyo-04,2023-03-23,3417.4954000282346,3.0
JSON_02583,Monitor,Paris-05,2023-01-26,2945.993602545965,2.0
JSON_02584,Laptop,Tokyo-04,2023-05-20,2414.8414266052387,2.0
JSON_02585,TV,Paris-05,2023-04-26,2258.4807802783616,2.0
JSON_02588,Cables,Berlin-03,2023-04-05,131.7945940814757,2.0
JSON_02589,Phone,Paris-05,2023-05-23,3577.211530197116,3.0
JSON_02591,Cables,Paris-05,2023-02-06,1982.18250224045,3.0
JSON_02593,Phone,Berlin-03,2023-05-25,582.7855614313208,3.0
JSON_02594,Phone,Berlin-03,2023-01-12,2675.25885354221,3.0
JSON_02595,Monitor,Tokyo-04,2023-02-28,2311.351824956658,2.0
JSON_02596,Cables,Berlin-03,2023-03-09,330.88712884956954,2.0
JSON_02597,Laptop,London-01,2023-04-23,659.1255177327319,2.0
JSON_02598,Monitor,Tokyo-04,2023-06-25,1336.014750368655,1.0
JSON_02599,Keyboard,Paris-05,2023-05-13,580.0976756119171,3.0
JSON_02600,Keyboard,Berlin-03,2023-05-11,967.9494843044052,1.0
JSON_02601,Mouse,Berlin-03,2023-06-27,4596.826308240636,4.0
JSON_02602,TV,Tokyo-04,2023-05-22,1809.7706239285405,4.0
JSON_02604,Cables,London-01,2023-04-05,2878.0520141658612,3.0
JSON_02605,Mouse,NYC-02,2023-05-14,1722.2698061239637,4.0
JSON_02606,Cables,Tokyo-04,2023-03-20,724.8977500781664,2.0
JSON_02607,Monitor,Tokyo-04,2023-03-12,314.8614208426698,1.0
JSON_02609,Mouse,NYC-02,2023-02-21,1672.3927272860135,2.0
JSON_02610,Keyboard,Berlin-03,2023-02-22,1153.610353303624,1.0
JSON_02611,TV,London-01,2023-05-18,1305.540377026294,2.0
JSON_02613,Keyboard,Tokyo-04,2023-05-23,2992.8898428755992,2.0
JSON_02614,Mouse,London-01,2023-02-23,565.1374661831336,1.0
JSON_02615,Monitor,Paris-05,2023-01-02,2337.109141858077,3.0
JSON_02616,Keyboard,NYC-02,2023-05-04,1809.8485870410022,3.0
JSON_02617,TV,Paris-05,2023-04-23,763.6101277914923,3.0
JSON_02618,Laptop,Paris-05,2023-06-11,151.8476037009724,2.0
JSON_02619,Laptop,London-01,2023-01-15,4587.570537274391,4.0
JSON_02620,Cables,Paris-05,2023-06-22,752.4642384450863,4.0
JSON_02621,Keyboard,Paris-05,2023-04-18,1501.3276006158023,4.0
JSON_02622,Keyboard,Tokyo-04,2023-01-25,2256.4092789115552,2.0
JSON_02623,Laptop,Paris-05,2023-04-26,623.7401469901324,4.0
JSON_02624,Keyboard,London-01,2023-01-26,449.4125595785171,4.0
JSON_02628,Keyboard,Tokyo-04,2023-05-09,632.6597354993648,3.0
JSON_02629,Phone,Tokyo-04,2023-02-08,2675.22565340765,2.0
JSON_02631,Keyboard,Paris-05,2023-01-30,3677.9443484211865,3.0
JSON_02632,Monitor,Tokyo-04,2023-05-07,3260.7094192386876,3.0
JSON_02633,Cables,Berlin-03,2023-06-17,1301.4288700181262,1.0
JSON_02634,TV,Tokyo-04,2023-03-10,1545.8340858093989,3.0
JSON_02636,Mouse,NYC-02,2023-04-17,1824.9293846057908,3.0
JSON_02638,Cables,Paris-05,2023-06-09,1218.5784670069581,2.0
JSON_02640,Keyboard,London-01,2023-02-09,1380.8136833038964,1.0
JSON_02642,Mouse,Paris-05,2023-01-16,2891.6076555011723,4.0
JSON_02644,Laptop,Paris-05,2023-02-14,939.8826636886307,1.0
JSON_02646,Laptop,NYC-02,2023-04-24,1626.5565080092929,2.0
JSON_02647,TV,Berlin-03,2023-05-10,602.8352926791185,1.0
JSON_02648,Cables,NYC-02,2023-01-10,932.5969154300611,1.0
JSON_02649,Phone,Tokyo-04,2023-05-29,966.5288858414964,2.0
JSON_02651,Cables,London-01,2023-01-14,1257.9325648331096,1.0
JSON_02652,Monitor,Paris-05,2023-06-27,2269.6212803991093,2.0
JSON_02653,Cables,London-01,2023-04-08,997.7511214908712,2.0
JSON_02654,Cables,Tokyo-04,2023-04-04,1336.1312508088138,1.0
JSON_02655,Laptop,London-01,2023-06-21,3686.136013774676,3.0
JSON_02656,TV,Berlin-03,2023-02-06,2792.111569570271,4.0
JSON_02657,Keyboard,Berlin-03,2023-04-13,4186.83802671931,3.0
JSON_02658,TV,Berlin-03,2023-04-04,4183.210544151552,3.0
JSON_02662,Cables,Berlin-03,2023-04-27,2535.9709887351632,4.0
JSON_02663,Mouse,Tokyo-04,2023-03-08,1152.9283069243393,4.0
JSON_02665,Phone,Berlin-03,2023-01-18,1733.9385137145816,4.0
JSON_02666,Monitor,Berlin-03,2023-01-25,1343.8664183909318,3.0
JSON_02669,TV,Berlin-03,2023-04-18,403.8920040122416,1.0
JSON_02670,Monitor,Paris-05,2023-03-21,1087.8994244075284,3.0
JSON_02672,Phone,London-01,2023-04-13,869.668991933274,1.0
JSON_02673,Cables,NYC-02,2023-03-22,4298.765435089716,4.0
JSON_02674,Keyboard,NYC-02,2023-02-17,420.02966401783885,2.0
JSON_02676,Laptop,Tokyo-04,2023-04-02,864.3434316976097,1.0
JSON_02679,Mouse,Paris-05,2023-04-16,1314.4431155221569,1.0
JSON_02681,Phone,NYC-02,2023-01-29,1348.988672662369,1.0
JSON_02682,Keyboard,NYC-02,2023-03-11,3262.237755815202,3.0
JSON_02684,Cables,Tokyo-04,2023-06-25,3504.286865805377,4.0
JSON_02693,Mouse,London-01,2023-01-01,2397.42939615052,2.0
JSON_02694,TV,NYC-02,2023-02-25,2980.987660907804,4.0
JSON_02695,TV,Paris-05,2023-01-30,320.90239088466467,4.0
JSON_02696,Keyboard,London-01,2023-06-21,2508.6504098037553,4.0
JSON_02697,Mouse,London-01,2023-05-08,274.11780964233003,1.0
JSON_02698,TV,Berlin-03,2023-01-04,670.9861538123495,3.0
JSON_02699,TV,London-01,2023-06-10,889.4524124695382,4.0
JSON_02701,Cables,Tokyo-04,2023-05-29,429.8080829647927,3.0
JSON_02702,Phone,Paris-05,2023-01-07,2987.600254976535,4.0
JSON_02703,Mouse,Tokyo-04,2023-05-05,3034.324263711985,3.0
JSON_02705,TV,NYC-02,2023-05-29,197.7414367049241,1.0
JSON_02706,Phone,NYC-02,2023-04-18,1383.4249581610832,1.0
JSON_02711,Cables,Paris-05,2023-03-31,1799.9497481240155,3.0
JSON_02712,Laptop,NYC-02,2023-03-17,1341.0782441668002,1.0
JSON_02713,Phone,London-01,2023-04-13,1296.3151726088602,1.0
JSON_02714,Phone,Berlin-03,2023-02-17,2098.4164952121896,4.0
JSON_02715,Monitor,Tokyo-04,2023-01-03,220.4522293568851,1.0
JSON_02716,TV,Paris-05,2023-01-31,532.5955864039711,3.0
JSON_02717,Phone,Tokyo-04,2023-02-02,1115.3964915388315,4.0
JSON_02718,Cables,London-01,2023-04-18,2399.9088966380264,2.0
JSON_02720,Cables,Tokyo-04,2023-03-10,1270.2307781524385,1.0
JSON_02726,Keyboard,London-01,2023-05-13,1668.8202671519539,2.0
JSON_02727,TV,Paris-05,2023-04-16,816.5944878342885,1.0
JSON_02729,Laptop,NYC-02,2023-01-01,1503.6320396970655,4.0
JSON_02731,TV,Berlin-03,2023-04-27,3218.6387051612983,3.0
JSON_02733,Keyboard,Tokyo-04,2023-05-09,498.43987424867504,1.0
JSON_02734,Monitor,NYC-02,2023-01-12,5285.717090093849,4.0
JSON_02735,Keyboard,Berlin-03,2023-02-01,1411.2744152521939,4.0
JSON_02740,Phone,NYC-02,2023-03-14,358.001362158662,1.0
JSON_02742,Keyboard,NYC-02,2023-03-27,4380.307845901292,3.0
JSON_02744,Keyboard,London-01,2023-05-15,169.48801686038246,2.0
JSON_02745,Laptop,NYC-02,2023-04-02,356.0055788024923,1.0
JSON_02746,Monitor,London-01,2023-02-14,1377.513057554025,2.0
JSON_02747,Cables,Paris-05,2023-02-04,3510.526363150847,3.0
JSON_02748,Mouse,Tokyo-04,2023-01-17,1651.944050720787,3.0
JSON_02749,Monitor,London-01,2023-05-26,2231.0985532388972,4.0
JSON_02750,Monitor,Tokyo-04,2023-06-11,675.3063972114015,1.0
JSON_02752,Mouse,Berlin-03,2023-06-27,4301.157241734447,4.0
JSON_02753,TV,NYC-02,2023-02-15,2283.4971914140983,2.0
JSON_02755,Monitor,Berlin-03,2023-03-24,756.6869101012873,2.0
JSON_02756,Phone,London-01,2023-03-07,1931.769019293341,2.0
JSON_02757,Laptop,Berlin-03,2023-05-18,1108.2480502598428,2.0
JSON_02758,Mouse,Tokyo-04,2023-05-18,2571.4859224301417,2.0
JSON_02759,Mouse,London-01,2023-03-10,1216.01420948425,4.0
JSON_02761,TV,London-01,2023-01-27,2270.3660608550795,3.0
JSON_02762,Mouse,Paris-05,2023-03-27,1606.346214005194,2.0
JSON_02763,Monitor,Tokyo-04,2023-01-14,634.4014589552936,1.0
JSON_02764,Laptop,Tokyo-04,2023-05-13,1874.9439021996443,2.0
JSON_02766,Phone,Tokyo-04,2023-03-18,2965.1496688187567,2.0
JSON_02768,Laptop,Berlin-03,2023-02-27,4022.8678845293834,3.0
JSON_02770,Monitor,London-01,2023-05-14,678.9873832006904,1.0
JSON_02771,Keyboard,Berlin-03,2023-03-13,1449.8301696123856,1.0
JSON_02772,Cables,London-01,2023-05-16,474.6116525673776,1.0
JSON_02774,Laptop,Tokyo-04,2023-02-20,4212.108373111677,3.0
JSON_02775,Laptop,NYC-02,2023-02-20,867.8248038597876,2.0
JSON_02776,Laptop,Paris-05,2023-06-24,1384.3244677070825,2.0
JSON_02778,Laptop,Tokyo-04,2023-05-07,3014.4688766407157,4.0
JSON_02779,Laptop,Berlin-03,2023-05-20,2543.785525846614,3.0
JSON_02780,TV,NYC-02,2023-04-03,845.6230645697909,4.0
JSON_02781,TV,Paris-05,2023-01-17,2338.2483511829873,2.0
JSON_02782,Laptop,London-01,2023-03-21,5628.644027614912,4.0
JSON_02784,Keyboard,London-01,2023-03-06,63.2094186291924,1.0
JSON_02786,TV,London-01,2023-06-21,863.609657714181,1.0
JSON_02787,TV,Tokyo-04,2023-04-29,646.0117198603493,1.0
JSON_02789,Keyboard,Tokyo-04,2023-04-05,879.1555727859956,3.0
JSON_02790,Phone,London-01,2023-03-12,652.5848497923607,4.0
JSON_02791,TV,NYC-02,2023-05-23,2457.154775778184,4.0
JSON_02792,Monitor,Paris-05,2023-01-04,655.8914704570906,1.0
JSON_02793,Cables,Berlin-03,2023-05-02,2166.1019181613906,4.0
JSON_02794,Phone,London-01,2023-01-15,1462.426019523271,2.0
JSON_02795,Monitor,NYC-02,2023-06-01,2024.50445492684,3.0
JSON_02796,Phone,Paris-05,2023-06-21,1876.2367414598882,4.0
JSON_02797,Mouse,Berlin-03,2023-01-05,2102.10749626462,4.0
JSON_02800,Monitor,Paris-05,2023-05-29,5385.128507792035,4.0
JSON_02802,TV,London-01,2023-03-28,3197.6701100727946,3.0
JSON_02803,TV,NYC-02,2023-05-15,1329.4749754112274,1.0
JSON_02804,Keyboard,NYC-02,2023-06-16,323.1029662697026,1.0
JSON_02806,TV,London-01,2023-04-11,1227.4482748876912,1.0
JSON_02808,Monitor,NYC-02,2023-01-02,5739.163921142372,4.0
JSON_02809,TV,London-01,2023-03-16,4783.251417001276,4.0
JSON_02810,Laptop,Paris-05,2023-01-15,523.385458237,1.0
JSON_02811,Cables,Berlin-03,2023-01-21,1979.5689975824896,3.0
JSON_02812,Keyboard,London-01,2023-03-21,1173.010267667591,2.0
JSON_02813,Keyboard,Berlin-03,2023-04-07,428.0657642349337,3.0
JSON_02816,Laptop,Tokyo-04,2023-03-15,4329.209599212701,3.0
JSON_02817,Cables,London-01,2023-04-14,1811.0248753168585,3.0
JSON_02819,Mouse,NYC-02,2023-05-27,439.7557894421175,1.0
JSON_02820,Phone,Tokyo-04,2023-06-29,3131.8057449472335,3.0
JSON_02821,Laptop,Paris-05,2023-03-17,1324.916522433858,3.0
JSON_02822,Mouse,London-01,2023-04-07,51.90621847440833,1.0
JSON_02823,Cables,London-01,2023-01-05,3369.729801057254,4.0
JSON_02824,Laptop,Tokyo-04,2023-06-14,3103.811669587614,3.0
JSON_02826,Keyboard,Tokyo-04,2023-06-24,4006.40841756748,3.0
JSON_02827,Mouse,Berlin-03,2023-05-14,2378.4154692575585,4.0
JSON_02828,Mouse,London-01,2023-06-08,3763.5780540395617,4.0
JSON_02829,TV,Paris-05,2023-04-29,1572.799909086382,2.0
JSON_02830,Mouse,Berlin-03,2023-04-18,4788.218432173052,4.0
JSON_02832,Phone,Berlin-03,2023-04-01,5252.6012709404995,4.0
JSON_02834,Monitor,London-01,2023-03-28,1571.185085164665,3.0
JSON_02835,Monitor,NYC-02,2023-02-10,1371.241339262822,4.0
JSON_02837,Phone,Tokyo-04,2023-02-05,5148.046057110811,4.0
JSON_02838,Cables,London-01,2023-01-26,877.0066706127036,1.0
JSON_02839,Monitor,Paris-05,2023-02-03,2075.8786608688483,4.0
JSON_02840,Cables,London-01,2023-03-25,315.10062782627494,2.0
JSON_02841,Keyboard,Berlin-03,2023-04-22,2319.9456511753688,2.0
JSON_02842,Monitor,Berlin-03,2023-06-20,594.8510543157462,1.0
JSON_02845,Monitor,London-01,2023-01-04,153.53174157601507,1.0
JSON_02846,Keyboard,Tokyo-04,2023-05-13,1271.204616304877,1.0
JSON_02848,Monitor,NYC-02,2023-03-15,328.23694709123816,1.0
JSON_02851,Cables,Berlin-03,2023-02-06,365.7070996581857,1.0
JSON_02855,Phone,NYC-02,2023-03-06,2418.5100379772593,4.0
JSON_02857,Keyboard,NYC-02,2023-01-08,1006.3189625934718,1.0
JSON_02860,Cables,NYC-02,2023-04-30,1296.5423364959142,3.0
JSON_02861,Keyboard,Berlin-03,2023-06-08,777.7030747849763,2.0
JSON_02863,Monitor,NYC-02,2023-05-08,3434.4352362100144,4.0
JSON_02864,Laptop,London-01,2023-02-20,613.2194707803926,1.0
JSON_02865,Phone,NYC-02,2023-01-27,5627.645661116801,4.0
JSON_02866,Cables,London-01,2023-05-18,782.8696035905734,4.0
JSON_02867,TV,London-01,2023-06-01,673.8829656929267,4.0
JSON_02868,TV,Paris-05,2023-02-05,1964.3636434746334,2.0
JSON_02869,Cables,London-01,2023-03-10,215.95977351373833,2.0
JSON_02870,TV,Berlin-03,2023-04-06,1864.040583690193,4.0
JSON_02871,Keyboard,Berlin-03,2023-01-25,188.6904693562097,1.0
JSON_02872,Cables,Tokyo-04,2023-01-02,2264.6157752479044,2.0
JSON_02873,Mouse,Paris-05,2023-06-01,550.8251599922144,1.0
JSON_02874,Laptop,Tokyo-04,2023-06-09,3166.268261302943,3.0
JSON_02875,Phone,Paris-05,2023-04-05,1853.5770964213655,4.0
JSON_02878,Keyboard,London-01,2023-04-16,1262.0899058903294,1.0
JSON_02879,Monitor,Tokyo-04,2023-04-11,1848.5481290027521,2.0
JSON_02880,Cables,Berlin-03,2023-04-20,2284.279135551265,2.0
JSON_02882,Monitor,NYC-02,2023-01-22,1248.146710302889,3.0
JSON_02884,Laptop,Tokyo-04,2023-02-03,2390.020979087835,3.0
JSON_02885,Phone,Tokyo-04,2023-02-27,805.9487488707289,3.0
JSON_02886,Mouse,London-01,2023-05-16,1515.8992753569487,2.0
JSON_02887,Phone,NYC-02,2023-02-19,762.8502744812344,3.0
JSON_02889,Phone,NYC-02,2023-03-22,683.0911151925031,1.0
JSON_02890,Laptop,Tokyo-04,2023-03-31,1128.462653691639,1.0
JSON_02891,Keyboard,London-01,2023-04-15,518.341275305701,3.0
JSON_02892,Mouse,Tokyo-04,2023-05-25,2229.6830881626443,2.0
JSON_02894,Phone,Berlin-03,2023-01-15,425.0283431241163,1.0
JSON_02897,Keyboard,London-01,2023-04-05,304.64252478019125,1.0
JSON_02898,Laptop,Tokyo-04,2023-05-13,301.1452646018725,1.0
JSON_02899,Laptop,Paris-05,2023-05-16,591.3073392306144,1.0
JSON_02900,TV,Berlin-03,2023-03-10,4435.132543737019,4.0
JSON_02902,Monitor,Berlin-03,2023-01-03,1141.575422038464,2.0
JSON_02904,Monitor,Paris-05,2023-04-30,2821.4009219116465,3.0
JSON_02906,Mouse,Tokyo-04,2023-02-19,2115.614191842471,2.0
JSON_02907,Keyboard,Berlin-03,2023-04-28,1466.550554356107,1.0
JSON_02908,Phone,NYC-02,2023-05-21,995.9285992609707,3.0
JSON_02909,Cables,London-01,2023-04-07,1187.008651803837,2.0
JSON_02911,Keyboard,Paris-05,2023-02-14,2207.1760937235026,3.0
JSON_02913,Monitor,Paris-05,2023-05-03,5776.301611823355,4.0
JSON_02914,Keyboard,London-01,2023-02-13,3395.981845544911,4.0
JSON_02916,Keyboard,Berlin-03,2023-04-28,782.3266315784865,4.0
JSON_02918,Keyboard,London-01,2023-03-15,986.6927306663433,3.0
JSON_02919,Cables,London-01,2023-02-17,709.765996845088,1.0
JSON_02921,Keyboard,NYC-02,2023-01-03,1291.2535596204427,2.0
JSON_02923,Cables,Berlin-03,2023-04-30,730.7046262026363,2.0
JSON_02924,Cables,Berlin-03,2023-04-26,1893.0418734081502,3.0
JSON_02926,Keyboard,NYC-02,2023-02-13,857.3943807795828,1.0
JSON_02927,Mouse,Paris-05,2023-05-23,3814.8935561041617,4.0
JSON_02928,Mouse,London-01,2023-01-28,1144.9574226684051,1.0
JSON_02929,Monitor,Paris-05,2023-01-31,515.1897275240597,3.0
JSON_02930,Monitor,Tokyo-04,2023-02-24,779.340644386119,4.0
JSON_02931,TV,London-01,2023-06-27,1781.4270373449135,3.0
JSON_02933,Mouse,London-01,2023-05-13,1279.2958920261678,1.0
JSON_02934,TV,London-01,2023-06-29,893.8819053780201,1.0
JSON_02935,Phone,Paris-05,2023-03-03,4483.238714560022,3.0
JSON_02937,Mouse,Berlin-03,2023-03-19,2625.5826530773334,2.0
JSON_02938,Keyboard,Tokyo-04,2023-05-27,2014.2526944547833,3.0
JSON_02940,Cables,NYC-02,2023-03-27,1081.5934800671353,2.0
JSON_02941,Laptop,Tokyo-04,2023-02-16,144.13925332076963,1.0
JSON_02942,Cables,NYC-02,2023-04-15,2291.4771534436077,2.0
JSON_02943,TV,Berlin-03,2023-05-03,726.1842427229768,2.0
JSON_02944,Phone,London-01,2023-04-18,3844.986872128771,3.0
JSON_02948,Monitor,London-01,2023-01-01,955.286513499248,1.0
JSON_02951,Keyboard,London-01,2023-05-06,598.0203724154206,2.0
JSON_02953,Laptop,NYC-02,2023-01-14,4714.839546907082,4.0
JSON_02954,Cables,Tokyo-04,2023-01-04,2811.2442040941055,2.0
JSON_02955,TV,Tokyo-04,2023-03-08,225.31972869499512,2.0
JSON_02956,Phone,NYC-02,2023-01-22,331.1915752636721,1.0
JSON_02957,Phone,Berlin-03,2023-05-23,1133.4346649740269,4.0
JSON_02959,Mouse,Paris-05,2023-01-31,1222.3460111822606,3.0
JSON_02961,Keyboard,London-01,2023-03-28,840.5603169088698,2.0
JSON_02965,Monitor,Paris-05,2023-06-15,984.8394148313773,1.0
JSON_02966,Monitor,NYC-02,2023-05-03,2790.151067651427,2.0
JSON_02967,Keyboard,Tokyo-04,2023-04-21,333.8701249263153,3.0
JSON_02968,Keyboard,Paris-05,2023-02-17,1240.2372918072617,1.0
JSON_02969,Keyboard,Paris-05,2023-05-29,995.3196393509181,3.0
JSON_02970,Cables,Berlin-03,2023-05-16,177.02971855317455,1.0
JSON_02971,Cables,Tokyo-04,2023-06-27,2453.6661118369893,3.0
JSON_02972,Keyboard,Tokyo-04,2023-04-04,5878.976721602805,4.0
JSON_02975,Phone,Berlin-03,2023-01-20,1791.4181732903521,4.0
JSON_02976,Cables,London-01,2023-01-02,4896.830310367835,4.0
JSON_02977,Mouse,Tokyo-04,2023-04-19,2934.4279353038983,2.0
JSON_02978,Mouse,Berlin-03,2023-02-18,1245.094221765269,1.0
JSON_02979,Laptop,Berlin-03,2023-02-14,611.4658927648469,1.0
JSON_02980,Mouse,London-01,2023-01-24,116.09243126336476,1.0
JSON_02988,Keyboard,London-01,2023-03-28,2370.740656240621,3.0
JSON_02991,Mouse,NYC-02,2023-01-07,829.5902727821348,1.0
JSON_02992,Keyboard,Paris-05,2023-06-03,1024.5152490765986,2.0
JSON_02993,Cables,NYC-02,2023-04-29,2593.101519787052,3.0
JSON_02996,Cables,Berlin-03,2023-06-03,116.59854673218047,1.0
JSON_02997,Monitor,Tokyo-04,2023-01-03,2562.496244867254,2.0
JSON_02999,Keyboard,Tokyo-04,2023-01-16,2482.4671083701865,2.0
JSON_03000,TV,London-01,2023-05-05,543.9972639165198,2.0
JSON_03001,TV,NYC-02,2023-04-13,988.593835326445,2.0
JSON_03002,Mouse,Tokyo-04,2023-01-13,3805.462636261712,3.0
JSON_03003,Monitor,Paris-05,2023-01-12,593.6757940711586,2.0
JSON_03004,Keyboard,Paris-05,2023-01-06,720.6756677787738,1.0
JSON_03005,Mouse,Paris-05,2023-01-10,2119.068721220017,2.0
JSON_03006,Mouse,NYC-02,2023-03-09,234.10150218621538,4.0
JSON_03007,Mouse,Paris-05,2023-02-22,1002.495542052093,2.0
JSON_03008,Laptop,London-01,2023-02-03,1103.3837380689558,1.0
JSON_03009,Cables,London-01,2023-06-26,1820.864643839696,3.0
JSON_03010,Phone,Berlin-03,2023-03-07,193.37372627130895,3.0
JSON_03012,Keyboard,NYC-02,2023-04-06,2213.61902665468,2.0
JSON_03017,Cables,Tokyo-04,2023-06-13,1019.5139311528687,2.0
JSON_03018,TV,Paris-05,2023-05-01,1288.322519160416,1.0
JSON_03019,Keyboard,Berlin-03,2023-05-16,3587.221299299631,3.0
JSON_03020,Keyboard,NYC-02,2023-02-20,2267.72957205606,2.0
JSON_03022,Monitor,London-01,2023-02-26,1113.9948033404894,2.0
JSON_03024,Cables,Tokyo-04,2023-03-03,306.93102810185525,1.0
JSON_03025,Laptop,Tokyo-04,2023-03-26,2068.654516583698,2.0
JSON_03027,Phone,London-01,2023-02-11,1111.542470911641,1.0
JSON_03028,Monitor,NYC-02,2023-02-11,4185.54776941316,3.0
JSON_03030,Cables,London-01,2023-05-25,501.3056162389655,1.0
JSON_03031,Mouse,London-01,2023-04-03,2257.209314575696,2.0
JSON_03032,Laptop,London-01,2023-06-17,2268.0260973924665,4.0
JSON_03033,Mouse,NYC-02,2023-01-13,5908.217813667448,4.0
JSON_03034,Cables,Paris-05,2023-06-07,1009.9858151645758,3.0
JSON_03036,Mouse,NYC-02,2023-02-25,304.65066733838967,3.0
JSON_03037,TV,Paris-05,2023-02-19,2976.383425387429,4.0
JSON_03039,Keyboard,Paris-05,2023-02-05,960.9471793539869,1.0
JSON_03040,Laptop,London-01,2023-01-15,2843.5544738797303,3.0
JSON_03041,Mouse,London-01,2023-06-14,2912.784163341236,2.0
JSON_03042,Phone,London-01,2023-06-21,1004.5770832385641,1.0
JSON_03043,Mouse,Berlin-03,2023-03-05,1861.333512085457,2.0
JSON_03044,Cables,Tokyo-04,2023-06-10,2322.724025816281,4.0
JSON_03046,TV,Tokyo-04,2023-01-28,1936.4416800297465,3.0
JSON_03048,Mouse,Berlin-03,2023-05-04,2697.157289340921,2.0
JSON_03050,Laptop,Paris-05,2023-03-10,3309.346118478823,3.0
JSON_03051,Phone,Paris-05,2023-03-10,2010.9602184157234,4.0
JSON_03052,TV,Berlin-03,2023-01-10,2172.5629256837206,2.0
JSON_03056,Monitor,London-01,2023-01-27,1196.6982619135006,2.0
JSON_03057,Monitor,Paris-05,2023-03-26,1137.9996903246156,3.0
JSON_03060,Phone,NYC-02,2023-04-07,838.1273415885267,1.0
JSON_03062,Monitor,Tokyo-04,2023-06-11,2455.0614147517826,3.0
JSON_03063,Laptop,Paris-05,2023-04-13,914.1153138095214,1.0
JSON_03067,Mouse,Berlin-03,2023-04-20,2314.212045472489,3.0
JSON_03068,Laptop,London-01,2023-01-04,4193.7825946771745,4.0
JSON_03069,Mouse,NYC-02,2023-05-23,4751.463661699376,4.0
JSON_03070,Monitor,Paris-05,2023-03-09,1001.7990446330258,1.0
JSON_03072,TV,Berlin-03,2023-04-01,338.1681626117273,1.0
JSON_03073,Phone,Paris-05,2023-06-04,349.5875169874149,1.0
JSON_03074,Mouse,NYC-02,2023-03-21,846.2917657496436,2.0
JSON_03075,Phone,Tokyo-04,2023-06-16,2833.0444171019126,2.0
JSON_03076,Monitor,Tokyo-04,2023-01-19,1317.7307617586957,1.0
JSON_03077,Keyboard,Berlin-03,2023-02-11,1324.7508493986863,2.0
JSON_03078,Monitor,Berlin-03,2023-04-21,1245.153331472699,3.0
JSON_03079,Phone,Paris-05,2023-02-19,491.0645925613484,1.0
JSON_03080,Keyboard,Berlin-03,2023-06-29,1009.4949749694563,1.0
JSON_03081,Laptop,Berlin-03,2023-02-25,5184.289303566364,4.0
JSON_03082,Keyboard,NYC-02,2023-04-15,1226.3688382217576,1.0
JSON_03083,Mouse,Tokyo-04,2023-06-05,1295.7003673154334,4.0
JSON_03084,TV,Paris-05,2023-04-27,2691.103531050813,3.0
JSON_03085,Monitor,Tokyo-04,2023-01-07,3691.13869455724,3.0
JSON_03086,Phone,NYC-02,2023-01-27,2496.284674423565,4.0
JSON_03087,Mouse,NYC-02,2023-02-09,3319.459374265985,4.0
JSON_03089,TV,London-01,2023-01-02,2344.3826647360906,2.0
JSON_03091,Laptop,London-01,2023-03-28,2647.630454905194,4.0
JSON_03092,Phone,Berlin-03,2023-05-12,1291.6097244762389,2.0
JSON_03093,Monitor,London-01,2023-05-16,1411.8749974482498,1.0
JSON_03094,Phone,Berlin-03,2023-01-31,676.9541580487726,2.0
JSON_03095,Phone,Berlin-03,2023-05-24,1143.6202872189208,3.0
JSON_03096,TV,London-01,2023-05-20,5942.958231081351,4.0
JSON_03100,TV,Tokyo-04,2023-06-24,81.83257772168005,1.0
JSON_03101,Phone,Berlin-03,2023-04-03,1140.1482632180673,1.0
JSON_03102,TV,NYC-02,2023-01-15,402.8250938608337,2.0
JSON_03103,Mouse,NYC-02,2023-03-21,318.63885476171527,1.0
JSON_03104,Mouse,Berlin-03,2023-04-06,1038.6053763623604,1.0
JSON_03105,TV,Berlin-03,2023-04-10,861.9480133614726,1.0
JSON_03106,Monitor,London-01,2023-01-07,603.4480433360441,1.0
JSON_03107,Mouse,Paris-05,2023-06-21,217.8923494503848,3.0
JSON_03110,Mouse,NYC-02,2023-01-09,1182.4590228848797,2.0
JSON_03112,Keyboard,Berlin-03,2023-04-30,4778.742713129639,4.0
JSON_03113,Monitor,London-01,2023-06-05,3605.4326322273873,3.0
JSON_03115,Phone,Tokyo-04,2023-05-23,543.9807350067333,1.0
JSON_03118,Phone,London-01,2023-01-09,2693.289705943032,2.0
JSON_03119,Phone,Paris-05,2023-06-29,1019.3403133376155,2.0
JSON_03120,Monitor,Berlin-03,2023-02-17,792.8256265396107,4.0
JSON_03121,Monitor,Berlin-03,2023-06-08,2846.958379305461,2.0
JSON_03124,Keyboard,Paris-05,2023-06-20,1250.412050283952,1.0
JSON_03125,Monitor,Paris-05,2023-01-07,3387.231935632,4.0
JSON_03126,Mouse,NYC-02,2023-01-28,1403.492460157255,2.0
JSON_03127,Mouse,NYC-02,2023-01-01,903.0149002487192,2.0
JSON_03128,Mouse,NYC-02,2023-05-09,2650.187254351009,3.0
JSON_03129,Mouse,London-01,2023-02-22,1237.9429908082175,1.0
JSON_03130,Monitor,Berlin-03,2023-01-31,594.8045227405322,1.0
JSON_03131,Mouse,Paris-05,2023-01-04,3229.6451697470247,3.0
JSON_03132,Laptop,Berlin-03,2023-02-19,4857.3537036294865,4.0
JSON_03133,Phone,NYC-02,2023-02-03,1749.4303973163442,2.0
JSON_03135,Cables,London-01,2023-06-04,3714.105614533191,3.0
JSON_03136,Laptop,Tokyo-04,2023-06-02,250.54239204028224,2.0
JSON_03137,TV,Paris-05,2023-01-13,926.5520459682978,4.0
JSON_03138,Cables,NYC-02,2023-02-03,1131.0972904231442,1.0
JSON_03140,TV,Paris-05,2023-06-15,1951.4950958972556,4.0
JSON_03142,Phone,Paris-05,2023-01-04,502.3686823894528,1.0
JSON_03143,TV,London-01,2023-06-13,1428.7204159490154,1.0
JSON_03144,TV,Paris-05,2023-04-21,4251.920324024658,3.0
JSON_03147,TV,Tokyo-04,2023-01-03,3431.47556645015,3.0
JSON_03148,Keyboard,NYC-02,2023-01-07,5886.270812292021,4.0
JSON_03149,Laptop,NYC-02,2023-04-22,3764.902463112661,3.0
JSON_03150,Cables,London-01,2023-03-15,758.006725756701,3.0
JSON_03151,Mouse,NYC-02,2023-02-02,928.6211428407656,2.0
JSON_03152,Keyboard,NYC-02,2023-01-10,3162.668345629776,4.0
JSON_03153,TV,NYC-02,2023-02-27,4084.3934454206733,4.0
JSON_03154,Laptop,Berlin-03,2023-05-23,1434.1920929780579,2.0
JSON_03155,Laptop,Tokyo-04,2023-02-22,3987.6239914053135,3.0
JSON_03157,Laptop,Tokyo-04,2023-04-22,400.1427604213463,2.0
JSON_03159,Keyboard,NYC-02,2023-06-10,4199.974393807397,3.0
JSON_03160,TV,London-01,2023-02-16,227.97307927819966,1.0
JSON_03161,TV,Berlin-03,2023-06-06,2459.5208526466427,2.0
JSON_03162,Phone,Paris-05,2023-05-27,596.6401912816206,1.0
JSON_03163,Phone,London-01,2023-04-26,1280.6676752432534,1.0
JSON_03164,Cables,Berlin-03,2023-05-06,1132.5216770149198,1.0
JSON_03165,Laptop,Paris-05,2023-05-19,2093.72890276169,3.0
JSON_03168,Phone,NYC-02,2023-04-08,4239.364812417834,4.0
JSON_03169,Phone,Berlin-03,2023-03-23,1156.9028266861658,1.0
JSON_03172,Laptop,Tokyo-04,2023-06-04,1283.5262980063221,1.0
JSON_03173,Phone,London-01,2023-05-06,1087.028212447791,1.0
JSON_03175,Laptop,Tokyo-04,2023-06-29,2372.0587991711154,2.0
JSON_03176,Cables,Berlin-03,2023-04-01,2895.4649336260327,2.0
JSON_03178,Cables,London-01,2023-04-21,3585.247240065889,3.0
JSON_03181,Cables,Tokyo-04,2023-05-23,284.40248318522197,3.0
JSON_03184,TV,London-01,2023-03-18,4135.778142444362,3.0
JSON_03185,Monitor,Berlin-03,2023-05-09,1472.3307058593064,1.0
JSON_03186,Keyboard,NYC-02,2023-03-19,1304.8085287397728,3.0
JSON_03188,Cables,Paris-05,2023-06-05,1117.0367495491093,2.0
JSON_03190,Monitor,London-01,2023-02-26,1231.4544503569653,1.0
JSON_03191,Cables,Paris-05,2023-04-16,468.8026733834326,1.0
JSON_03193,Laptop,Tokyo-04,2023-02-07,975.1791870980582,3.0
JSON_03194,Laptop,Berlin-03,2023-06-14,1024.9891257135846,1.0
JSON_03196,TV,Paris-05,2023-05-02,262.7158349588069,1.0
JSON_03197,Mouse,NYC-02,2023-06-22,2807.2228010550775,4.0
JSON_03198,TV,Berlin-03,2023-04-06,940.9474336490091,3.0
JSON_03199,Keyboard,London-01,2023-02-19,2214.9046981519655,4.0
JSON_03200,Monitor,Tokyo-04,2023-05-26,3639.1347829789393,4.0
JSON_03201,TV,Paris-05,2023-03-31,3846.086170104274,4.0
JSON_03202,Monitor,London-01,2023-04-19,1100.046366708425,1.0
JSON_03204,Laptop,London-01,2023-03-05,4371.197152484326,4.0
JSON_03205,TV,Tokyo-04,2023-01-02,2554.998398247342,4.0
JSON_03206,Mouse,Berlin-03,2023-03-28,1645.5861308126389,3.0
JSON_03207,Phone,Tokyo-04,2023-05-29,3920.3935439773168,4.0
JSON_03208,Monitor,London-01,2023-06-15,1985.8025119681392,3.0
JSON_03209,Monitor,Berlin-03,2023-05-19,2274.253993626172,2.0
JSON_03210,Keyboard,Berlin-03,2023-02-04,763.775414465825,3.0
JSON_03211,Keyboard,London-01,2023-03-30,243.40751563711783,1.0
JSON_03212,Monitor,London-01,2023-01-22,1532.375671803682,2.0
JSON_03214,Phone,Tokyo-04,2023-06-01,539.2998782962675,2.0
JSON_03215,Laptop,NYC-02,2023-04-11,3333.7832657066883,3.0
JSON_03216,Keyboard,Berlin-03,2023-06-20,1610.4162986979597,2.0
JSON_03217,Laptop,Paris-05,2023-06-28,2174.6595221114057,3.0
JSON_03218,Mouse,NYC-02,2023-01-15,2294.1472450521783,2.0
JSON_03219,Mouse,Berlin-03,2023-04-26,3046.1508454163004,3.0
JSON_03220,Phone,London-01,2023-06-28,150.8935861381896,1.0
JSON_03222,Laptop,Berlin-03,2023-01-15,2763.2681127753567,2.0
JSON_03224,Phone,Tokyo-04,2023-01-07,2213.5676701108973,4.0
JSON_03225,Keyboard,NYC-02,2023-02-18,1455.8794751630094,1.0
JSON_03226,Phone,NYC-02,2023-05-06,2308.022412870743,3.0
JSON_03229,Phone,Tokyo-04,2023-04-24,787.1067125980605,2.0
JSON_03230,Phone,Paris-05,2023-02-24,2544.314378282748,4.0
JSON_03232,Cables,NYC-02,2023-01-25,666.5705612141387,4.0
JSON_03233,Monitor,NYC-02,2023-02-24,3201.5158674611585,3.0
JSON_03234,Laptop,Paris-05,2023-02-03,1317.861204089074,1.0
JSON_03235,Keyboard,London-01,2023-05-29,3215.823392755154,3.0
JSON_03236,Mouse,NYC-02,2023-05-17,2027.4154349367454,4.0
JSON_03237,Keyboard,Berlin-03,2023-02-23,799.0684936397832,3.0
JSON_03238,Laptop,Tokyo-04,2023-01-06,1058.7473292997322,3.0
JSON_03239,Monitor,NYC-02,2023-03-18,565.8327529167337,3.0
JSON_03240,Laptop,Paris-05,2023-05-07,794.1583547260346,1.0
JSON_03241,TV,Tokyo-04,2023-06-17,2498.7355669612434,2.0
JSON_03243,Keyboard,NYC-02,2023-02-17,2209.3819182554885,3.0
JSON_03244,Mouse,London-01,2023-06-28,1425.8783561042226,1.0
JSON_03246,Mouse,NYC-02,2023-04-21,1053.6606136384262,1.0
JSON_03247,Laptop,London-01,2023-02-08,385.6997489567812,1.0
JSON_03248,Cables,London-01,2023-03-20,2630.9460539754286,3.0
JSON_03250,Laptop,Paris-05,2023-04-22,592.5480857077911,1.0
JSON_03251,Phone,NYC-02,2023-02-22,2117.661220234445,2.0
JSON_03253,Keyboard,Paris-05,2023-02-23,1344.604408081697,1.0
JSON_03254,Monitor,Paris-05,2023-03-14,4135.117975726815,4.0
JSON_03255,TV,NYC-02,2023-03-25,4700.648670749351,4.0
JSON_03256,Monitor,Tokyo-04,2023-05-05,1323.0152677994288,1.0
JSON_03257,Cables,London-01,2023-05-06,3844.350918732192,4.0
JSON_03258,Cables,Paris-05,2023-04-01,2080.649394703967,4.0
JSON_03260,Keyboard,Tokyo-04,2023-03-19,5928.05549217703,4.0
JSON_03261,TV,Paris-05,2023-03-29,2442.302798038197,2.0
JSON_03263,Phone,London-01,2023-03-24,1199.1067621406703,1.0
JSON_03264,Phone,Paris-05,2023-05-03,2681.568662676392,3.0
JSON_03265,Mouse,Tokyo-04,2023-05-08,2498.6632026085076,2.0
JSON_03266,Keyboard,Berlin-03,2023-05-04,1204.0671503873002,4.0
JSON_03267,Keyboard,Berlin-03,2023-04-30,2637.157705582218,2.0
JSON_03268,Phone,NYC-02,2023-03-07,4170.433998541478,3.0
JSON_03270,Laptop,NYC-02,2023-05-15,543.4806872368499,1.0
JSON_03271,TV,NYC-02,2023-02-09,1869.8542455054012,4.0
JSON_03273,Cables,Tokyo-04,2023-02-08,3712.6238553476855,4.0
JSON_03275,Keyboard,London-01,2023-02-09,1720.360092583484,4.0
JSON_03276,TV,London-01,2023-05-20,1036.0890238345364,1.0
JSON_03277,Cables,London-01,2023-02-20,751.8046892105765,2.0
JSON_03278,Laptop,London-01,2023-05-15,2500.3872685939236,2.0
JSON_03279,Keyboard,Berlin-03,2023-03-31,466.8128145809203,1.0
JSON_03280,Cables,Tokyo-04,2023-06-15,251.4244131750157,4.0
JSON_03281,Monitor,NYC-02,2023-06-16,2987.9836446166705,2.0
JSON_03282,Mouse,NYC-02,2023-01-31,336.60199782203676,3.0
JSON_03283,Keyboard,Tokyo-04,2023-01-13,2173.8409449295104,4.0
JSON_03284,Mouse,NYC-02,2023-04-11,5020.605993725219,4.0
JSON_03285,Cables,London-01,2023-05-23,1491.6673126754772,1.0
JSON_03286,TV,Berlin-03,2023-01-12,1472.3235867625046,2.0
JSON_03287,Keyboard,Berlin-03,2023-03-23,1845.955651488431,2.0
JSON_03288,Mouse,Berlin-03,2023-01-30,1733.0501590994684,3.0
JSON_03290,Mouse,NYC-02,2023-03-24,407.28360001931173,4.0
JSON_03291,Mouse,Berlin-03,2023-06-11,2600.529722077213,2.0
JSON_03292,Laptop,Berlin-03,2023-04-06,2922.79966774784,2.0
JSON_03294,Monitor,Berlin-03,2023-02-06,4360.317249925882,4.0
JSON_03295,Laptop,NYC-02,2023-01-19,1132.0857889316974,1.0
JSON_03296,Keyboard,Tokyo-04,2023-06-07,1233.0373969955172,2.0
JSON_03299,TV,Paris-05,2023-06-29,622.8568360206631,2.0
JSON_03300,TV,Berlin-03,2023-06-17,370.19612802283325,1.0
JSON_03301,Monitor,Tokyo-04,2023-01-11,1189.1588662175968,1.0
JSON_03302,TV,Berlin-03,2023-03-08,1538.4866933352785,2.0
JSON_03304,Laptop,Berlin-03,2023-03-16,1957.8528718283558,2.0
JSON_03305,Cables,London-01,2023-01-30,382.64738729017915,1.0
JSON_03307,Monitor,NYC-02,2023-02-15,2251.09960621264,4.0
JSON_03308,Cables,Paris-05,2023-01-01,998.5440523883018,1.0
JSON_03309,Monitor,Tokyo-04,2023-06-27,2567.263109628978,2.0
JSON_03310,Mouse,Berlin-03,2023-05-01,2469.9717659752732,3.0
JSON_03311,Keyboard,NYC-02,2023-05-20,729.0184231256584,1.0
JSON_03312,TV,Tokyo-04,2023-04-20,1168.4047681762704,1.0
JSON_03314,Monitor,Berlin-03,2023-01-18,576.4484458268935,2.0
JSON_03316,Monitor,Berlin-03,2023-02-26,232.24789909565,2.0
JSON_03317,Phone,Tokyo-04,2023-04-29,3837.256387936386,3.0
JSON_03318,Cables,London-01,2023-05-29,4015.371427261634,4.0
JSON_03319,Laptop,London-01,2023-03-25,4460.491015356129,3.0
JSON_03322,Keyboard,Berlin-03,2023-02-21,3793.867238130051,3.0
JSON_03323,Phone,Berlin-03,2023-05-05,5866.179582556012,4.0
JSON_03324,Laptop,Paris-05,2023-03-02,4140.03013180282,4.0
JSON_03325,Laptop,Berlin-03,2023-02-09,532.5073872367351,1.0
JSON_03326,Cables,Berlin-03,2023-03-29,2649.8906594304367,2.0
JSON_03327,Monitor,Paris-05,2023-01-23,2381.3792549276905,3.0
JSON_03328,Monitor,NYC-02,2023-02-03,810.943785699441,2.0
JSON_03329,Cables,Paris-05,2023-01-07,5712.562454780396,4.0
JSON_03332,Laptop,Paris-05,2023-06-21,798.9430708056332,1.0
JSON_03335,Laptop,Berlin-03,2023-03-09,1015.8427303185327,3.0
JSON_03338,Phone,Tokyo-04,2023-03-01,1174.994788870044,4.0
JSON_03341,TV,Paris-05,2023-03-13,1210.6043320865085,2.0
JSON_03342,Laptop,Berlin-03,2023-04-04,897.3095546240637,1.0
JSON_03343,Phone,Tokyo-04,2023-06-03,1226.0635560507633,2.0
JSON_03344,Mouse,Berlin-03,2023-01-11,1285.1072784085247,2.0
JSON_03345,Mouse,NYC-02,2023-03-22,5930.902609072047,4.0
JSON_03346,Mouse,Paris-05,2023-02-17,2191.976843105257,4.0
JSON_03348,Mouse,Berlin-03,2023-04-24,826.5468522772904,4.0
JSON_03351,Mouse,Paris-05,2023-01-21,5368.093578197101,4.0
JSON_03353,Monitor,London-01,2023-02-20,812.3797348456824,4.0
JSON_03354,Monitor,Tokyo-04,2023-05-23,3255.456929364432,4.0
JSON_03355,Keyboard,Berlin-03,2023-05-01,799.1488810564739,1.0
JSON_03357,Mouse,Berlin-03,2023-04-05,1124.1477666193596,2.0
JSON_03360,Cables,NYC-02,2023-05-11,1407.9007096247587,1.0
JSON_03361,TV,London-01,2023-01-02,1215.663784609186,2.0
JSON_03362,Laptop,Berlin-03,2023-02-12,4020.617300576894,3.0
JSON_03365,Phone,London-01,2023-04-25,1508.2131803010209,4.0
JSON_03368,Keyboard,Berlin-03,2023-04-14,3107.194769067049,4.0
JSON_03369,TV,Tokyo-04,2023-04-25,2790.985024741267,4.0
JSON_03371,Monitor,Paris-05,2023-04-30,1426.5392315740996,4.0
JSON_03372,Cables,Paris-05,2023-04-08,1441.4794578875153,3.0
JSON_03375,Cables,Berlin-03,2023-02-23,1536.1739697229393,4.0
JSON_03376,Laptop,NYC-02,2023-02-16,4451.107765640038,3.0
JSON_03377,Monitor,NYC-02,2023-01-22,1069.5508877668472,1.0
JSON_03378,Keyboard,Tokyo-04,2023-02-10,780.855111061698,1.0
JSON_03379,Cables,Berlin-03,2023-06-25,925.2264353086476,2.0
JSON_03381,Laptop,Paris-05,2023-01-21,2635.4637766511123,4.0
JSON_03382,TV,Tokyo-04,2023-01-29,3362.0036206718505,3.0
JSON_03383,Laptop,London-01,2023-04-07,70.7216165590155,1.0
JSON_03386,Monitor,NYC-02,2023-04-06,2913.776663165745,4.0
JSON_03387,Monitor,Berlin-03,2023-05-21,2120.8948784830145,4.0
JSON_03388,Phone,London-01,2023-04-10,746.8949575037868,3.0
JSON_03389,TV,London-01,2023-06-25,2174.9041213457294,2.0
JSON_03390,Keyboard,Paris-05,2023-03-25,292.04940048478136,3.0
JSON_03391,Keyboard,Tokyo-04,2023-06-11,1122.3491656657397,1.0
JSON_03392,Cables,London-01,2023-03-02,4728.484762345699,4.0
JSON_03396,Cables,Tokyo-04,2023-02-23,153.89339063565276,1.0
JSON_03398,Laptop,London-01,2023-03-05,550.3237605169825,1.0
JSON_03401,TV,Paris-05,2023-03-19,969.5558700529269,4.0
JSON_03402,Cables,London-01,2023-06-17,1164.6654503992638,1.0
JSON_03403,Mouse,NYC-02,2023-06-10,778.1152563236285,1.0
JSON_03404,Monitor,Berlin-03,2023-05-25,826.1580102103569,2.0
JSON_03407,Cables,NYC-02,2023-06-09,4612.649696185391,4.0
JSON_03408,TV,NYC-02,2023-05-09,3054.73870961363,3.0
JSON_03409,Mouse,NYC-02,2023-04-12,1348.862437248587,4.0
JSON_03412,Phone,London-01,2023-06-26,1271.7095033550752,3.0
JSON_03413,Laptop,Tokyo-04,2023-05-23,5945.643027941968,4.0
JSON_03414,Laptop,London-01,2023-01-23,1583.4067166423338,2.0
JSON_03415,Mouse,Paris-05,2023-04-08,889.9152798635396,2.0
JSON_03417,Phone,Berlin-03,2023-03-10,1155.8806776510078,3.0
JSON_03419,Keyboard,Paris-05,2023-01-19,391.27578310296474,3.0
JSON_03424,Mouse,Paris-05,2023-04-02,837.8795674394194,4.0
JSON_03425,Laptop,London-01,2023-06-26,276.3235746101043,3.0
JSON_03429,Keyboard,Paris-05,2023-03-08,780.8310688824365,4.0
JSON_03431,Cables,Tokyo-04,2023-04-01,3032.904790629011,4.0
JSON_03432,Phone,London-01,2023-02-14,2547.2180715010327,2.0
JSON_03433,TV,Paris-05,2023-01-29,3682.6425177449123,3.0
JSON_03436,Cables,Berlin-03,2023-05-06,2693.730575725623,2.0
JSON_03437,Mouse,Tokyo-04,2023-04-23,203.45580744554388,2.0
JSON_03440,Mouse,NYC-02,2023-01-14,179.70706500517576,2.0
JSON_03441,Phone,London-01,2023-03-19,863.8944826523559,4.0
JSON_03443,Laptop,Paris-05,2023-03-20,214.79432890194084,1.0
JSON_03445,Keyboard,Berlin-03,2023-04-28,1841.3713034257948,2.0
JSON_03446,Phone,Paris-05,2023-02-14,817.3256431825221,1.0
JSON_03447,Laptop,Paris-05,2023-03-24,2277.969191501401,2.0
JSON_03449,Keyboard,Berlin-03,2023-02-28,4289.022560638983,3.0
JSON_03450,Phone,Tokyo-04,2023-06-22,494.279307010211,3.0
JSON_03452,Monitor,Berlin-03,2023-05-07,1441.8742117950262,4.0
JSON_03453,Laptop,London-01,2023-05-05,1385.0406885402733,3.0
JSON_03455,Keyboard,NYC-02,2023-04-13,973.5035096399464,1.0
JSON_03457,Phone,Tokyo-04,2023-05-19,244.29808774822254,1.0
JSON_03458,Keyboard,Paris-05,2023-03-05,402.957374463845,3.0
JSON_03459,Monitor,Tokyo-04,2023-05-05,398.6460673300685,1.0
JSON_03460,TV,Tokyo-04,2023-01-24,5957.802793643042,4.0
JSON_03461,Keyboard,NYC-02,2023-01-29,792.0896633355107,3.0
JSON_03462,TV,NYC-02,2023-01-20,3245.50950373748,4.0
JSON_03464,Keyboard,London-01,2023-05-03,4473.890140349469,3.0
JSON_03465,Laptop,Paris-05,2023-05-01,827.9925990037854,3.0
JSON_03467,Mouse,NYC-02,2023-05-23,1451.9357367547143,1.0
JSON_03469,Laptop,Tokyo-04,2023-01-25,2530.9376608685416,2.0
JSON_03471,Monitor,London-01,2023-04-08,932.0631320300973,1.0
JSON_03472,Mouse,Berlin-03,2023-01-10,1280.5464211646163,2.0
JSON_03473,Mouse,London-01,2023-05-19,2559.280917706116,2.0
JSON_03475,Phone,London-01,2023-01-04,1098.6639761229367,2.0
JSON_03476,Monitor,Tokyo-04,2023-01-29,522.4616125252485,1.0
JSON_03477,Laptop,Tokyo-04,2023-06-02,956.970413819221,1.0
JSON_03478,Mouse,Berlin-03,2023-06-13,1207.3871131433143,2.0
JSON_03479,Phone,London-01,2023-06-06,3849.0781263116496,3.0
JSON_03480,TV,London-01,2023-05-12,2487.6700997651365,3.0
JSON_03481,TV,London-01,2023-03-16,278.7321754857207,3.0
JSON_03485,Keyboard,London-01,2023-03-08,811.5048954046249,1.0
JSON_03486,Keyboard,NYC-02,2023-02-07,644.3009746195182,4.0
JSON_03488,Mouse,London-01,2023-06-24,2925.106075110221,2.0
JSON_03490,Monitor,London-01,2023-03-15,2749.9385802542283,3.0
JSON_03492,Cables,London-01,2023-06-28,3898.20862641216,3.0
JSON_03493,Keyboard,Berlin-03,2023-03-20,3821.5228273385455,4.0
JSON_03494,TV,Tokyo-04,2023-03-08,3004.1602989973285,3.0
JSON_03496,Monitor,Tokyo-04,2023-05-05,5434.630726294498,4.0
JSON_03497,Mouse,Berlin-03,2023-06-06,1183.209212897048,2.0
JSON_03498,Cables,London-01,2023-03-15,4153.179709566693,3.0
JSON_03499,Phone,Paris-05,2023-02-02,2084.9022405432715,2.0
JSON_03500,Keyboard,Paris-05,2023-06-10,1001.6217346471424,3.0
JSON_03503,Mouse,Paris-05,2023-05-01,1078.5962555737574,4.0
JSON_03505,TV,Tokyo-04,2023-03-17,5623.256339066237,4.0
JSON_03506,Monitor,NYC-02,2023-02-18,4117.460555521382,3.0
JSON_03507,Phone,London-01,2023-03-13,588.4478435167297,4.0
JSON_03508,Monitor,Tokyo-04,2023-04-20,2875.5459705882345,2.0
JSON_03510,Mouse,Tokyo-04,2023-03-15,2184.9921883872266,3.0
JSON_03511,Monitor,Paris-05,2023-05-25,870.9969940853607,1.0
JSON_03512,Keyboard,London-01,2023-03-13,663.0700245020779,2.0
JSON_03513,Keyboard,London-01,2023-06-17,5533.80587531785,4.0
JSON_03514,Keyboard,Paris-05,2023-05-24,1428.0388253474573,3.0
JSON_03515,TV,Berlin-03,2023-04-29,963.3313703232391,1.0
JSON_03516,Monitor,Paris-05,2023-04-05,1175.2709903606014,1.0
JSON_03517,Phone,Tokyo-04,2023-04-02,169.56421307673313,1.0
JSON_03518,Laptop,Paris-05,2023-02-26,946.6388663371988,3.0
JSON_03520,Cables,London-01,2023-05-11,162.0440030874067,1.0
JSON_03522,Cables,Berlin-03,2023-06-22,992.8942577768321,3.0
JSON_03523,Monitor,NYC-02,2023-05-27,2679.2210145722506,2.0
JSON_03524,Laptop,Tokyo-04,2023-05-26,3033.1934257344506,3.0
JSON_03525,Keyboard,London-01,2023-03-29,744.118191233639,1.0
JSON_03527,TV,London-01,2023-01-09,2890.165968852446,4.0
JSON_03528,Cables,Tokyo-04,2023-05-25,2310.8455237434487,4.0
JSON_03530,Phone,Berlin-03,2023-01-20,2797.6533778157973,2.0
JSON_03533,Monitor,London-01,2023-01-09,4061.45813410984,4.0
JSON_03535,TV,Tokyo-04,2023-03-06,593.4037944954798,3.0
JSON_03536,Cables,Tokyo-04,2023-05-15,1382.1494365340543,1.0
JSON_03539,Phone,Berlin-03,2023-04-21,2121.3043417383888,3.0
JSON_03540,Laptop,NYC-02,2023-03-17,4026.360471311572,4.0
JSON_03541,Monitor,London-01,2023-02-11,1202.2088469888333,1.0
JSON_03543,Keyboard,Paris-05,2023-05-25,1405.750720526238,4.0
JSON_03544,Phone,Paris-05,2023-06-18,4009.4052268541845,4.0
JSON_03545,Mouse,NYC-02,2023-05-10,468.3602323802348,2.0
JSON_03546,Mouse,Paris-05,2023-05-21,1634.6951961310363,3.0
JSON_03548,TV,London-01,2023-03-23,2631.4563466946984,3.0
JSON_03549,Mouse,London-01,2023-06-28,2840.063414538718,4.0
JSON_03550,Cables,Tokyo-04,2023-06-14,3815.259450536453,3.0
JSON_03551,TV,Berlin-03,2023-04-12,2153.915393964164,4.0
JSON_03552,Monitor,Berlin-03,2023-02-06,2171.5405094645603,3.0
JSON_03553,Mouse,NYC-02,2023-04-12,87.78393467910985,1.0
JSON_03554,TV,London-01,2023-05-12,2282.3041156540503,2.0
JSON_03556,Laptop,NYC-02,2023-01-25,978.1905523168372,1.0
JSON_03557,Monitor,Paris-05,2023-02-12,3494.092847911482,3.0
JSON_03558,Laptop,Berlin-03,2023-04-18,221.90556635222003,2.0
JSON_03559,Laptop,Paris-05,2023-01-22,2995.0679745249868,4.0
JSON_03560,Laptop,Paris-05,2023-03-21,2633.423160545708,2.0
JSON_03561,Monitor,London-01,2023-05-03,1440.4698011326275,2.0
JSON_03563,Phone,NYC-02,2023-04-27,2701.89710413851,3.0
JSON_03564,Phone,Berlin-03,2023-02-08,856.659796124292,3.0
JSON_03566,Phone,Paris-05,2023-03-11,4156.929751944187,4.0
JSON_03568,Mouse,London-01,2023-06-11,2307.743071245154,3.0
JSON_03569,Monitor,London-01,2023-06-01,2145.5865641541263,3.0
JSON_03570,TV,Berlin-03,2023-05-16,208.33579416675275,1.0
JSON_03571,Cables,Tokyo-04,2023-05-12,100.43822224516437,1.0
JSON_03572,Mouse,NYC-02,2023-06-11,2297.6548924871363,2.0
JSON_03576,Mouse,Berlin-03,2023-03-27,3136.2600600844958,4.0
JSON_03579,Laptop,London-01,2023-03-20,3917.633679908398,4.0
JSON_03580,Monitor,NYC-02,2023-03-08,1247.487479791499,1.0
JSON_03581,Phone,NYC-02,2023-06-13,2527.019991418299,2.0
JSON_03582,TV,London-01,2023-06-19,146.57058577232976,2.0
JSON_03584,Laptop,Paris-05,2023-03-20,708.2130842896332,1.0
JSON_03585,TV,Paris-05,2023-05-11,5406.690313540967,4.0
JSON_03586,Mouse,Paris-05,2023-01-29,1730.616535963638,2.0
JSON_03587,Laptop,Tokyo-04,2023-04-06,3337.8754750275452,3.0
JSON_03589,Phone,Berlin-03,2023-05-01,1853.9064747017715,4.0
JSON_03590,Cables,London-01,2023-04-25,2322.8776726728765,4.0
JSON_03592,Keyboard,Tokyo-04,2023-01-12,2722.7628168370575,4.0
JSON_03593,Mouse,Berlin-03,2023-03-17,1334.5299694790294,1.0
JSON_03594,Monitor,London-01,2023-06-26,2796.094619777251,3.0
JSON_03595,Phone,Paris-05,2023-01-27,4335.161130245251,4.0
JSON_03597,Keyboard,Berlin-03,2023-06-13,892.6058400957869,2.0
JSON_03598,Laptop,Tokyo-04,2023-03-15,155.7918026737845,1.0
JSON_03600,TV,NYC-02,2023-06-04,1536.8675328894667,2.0
JSON_03601,Keyboard,Berlin-03,2023-06-01,1404.1454853173018,1.0
JSON_03602,Laptop,London-01,2023-05-18,3617.365259230348,4.0
JSON_03603,Keyboard,Paris-05,2023-05-10,694.0306548531254,1.0
JSON_03604,Cables,London-01,2023-02-06,5444.149366945235,4.0
JSON_03605,TV,Paris-05,2023-06-28,1046.8411477975555,2.0
JSON_03608,Mouse,Tokyo-04,2023-03-31,3978.122080465317,4.0
JSON_03609,TV,Berlin-03,2023-02-14,1039.5907496215111,1.0
JSON_03610,Cables,Tokyo-04,2023-05-03,2412.3824794459847,2.0
JSON_03613,Keyboard,Paris-05,2023-04-08,2242.450055501792,2.0
JSON_03614,Mouse,Paris-05,2023-06-05,1637.5068323246574,2.0
JSON_03615,Cables,Berlin-03,2023-02-27,434.14978502248874,1.0
JSON_03616,TV,Paris-05,2023-02-02,2872.0969556065215,3.0
JSON_03617,Phone,Tokyo-04,2023-04-12,2291.570987443146,2.0
JSON_03618,Laptop,Tokyo-04,2023-03-02,862.1867760159273,2.0
JSON_03620,Phone,Paris-05,2023-06-02,1437.8759192306488,3.0
JSON_03622,Cables,London-01,2023-03-23,982.1089026085982,4.0
JSON_03623,Cables,NYC-02,2023-01-28,870.6925154903281,1.0
JSON_03625,Keyboard,Berlin-03,2023-04-20,85.52026103984713,1.0
JSON_03626,Laptop,Tokyo-04,2023-06-10,653.7512686612237,3.0
JSON_03627,TV,Paris-05,2023-03-09,4899.758196534131,4.0
JSON_03628,Mouse,Paris-05,2023-05-10,2763.3991763813146,2.0
JSON_03630,Mouse,Tokyo-04,2023-04-08,2002.5930927009506,4.0
JSON_03631,Monitor,Berlin-03,2023-02-11,99.83389855695465,1.0
JSON_03632,Monitor,London-01,2023-02-01,1260.712406379091,1.0
JSON_03633,Cables,Berlin-03,2023-06-26,5246.829432200076,4.0
JSON_03634,Monitor,Berlin-03,2023-05-30,530.5199771599484,1.0
JSON_03635,Mouse,Berlin-03,2023-02-16,1642.747219724502,2.0
JSON_03636,Laptop,NYC-02,2023-01-23,2636.818118531829,3.0
JSON_03637,Keyboard,NYC-02,2023-06-26,5363.812447499223,4.0
JSON_03639,Phone,London-01,2023-04-04,277.29912703544846,2.0
JSON_03640,Laptop,London-01,2023-02-15,1026.768364515768,1.0
JSON_03643,Phone,NYC-02,2023-02-07,3130.9448616674317,4.0
JSON_03644,TV,Tokyo-04,2023-02-08,5279.05636306688,4.0
JSON_03645,Monitor,Paris-05,2023-05-15,1689.2959094426194,2.0
JSON_03646,Keyboard,Berlin-03,2023-04-15,2465.260194076784,4.0
JSON_03648,Monitor,Paris-05,2023-02-05,539.9491849613054,2.0
JSON_03649,Laptop,London-01,2023-01-01,2436.4988285078425,3.0
JSON_03650,Mouse,Paris-05,2023-04-01,335.2695230635153,4.0
JSON_03651,Mouse,Paris-05,2023-01-26,1239.7240983381462,1.0
JSON_03653,Mouse,Tokyo-04,2023-05-27,3745.246362435615,4.0
JSON_03654,Monitor,NYC-02,2023-05-08,1319.557148806929,1.0
JSON_03655,Mouse,Tokyo-04,2023-05-17,3536.3372786310547,3.0
JSON_03657,TV,Paris-05,2023-02-22,1758.7497874976366,2.0
JSON_03658,TV,Paris-05,2023-01-11,3707.333795276582,3.0
JSON_03659,Phone,Tokyo-04,2023-03-03,5882.858346004095,4.0
JSON_03662,TV,NYC-02,2023-02-24,4401.415898796476,4.0
JSON_03663,Cables,Tokyo-04,2023-03-03,1497.3533699440743,1.0
JSON_03664,Laptop,Tokyo-04,2023-03-05,411.70433708102695,1.0
JSON_03666,Keyboard,Paris-05,2023-03-31,2677.3104127999727,2.0
JSON_03667,Mouse,Berlin-03,2023-01-13,1990.5465595255605,2.0
JSON_03669,Cables,London-01,2023-06-11,2652.3755047615414,4.0
JSON_03671,Phone,Paris-05,2023-04-15,1128.5453971699003,2.0
JSON_03673,Laptop,Paris-05,2023-03-28,976.3539780913504,2.0
JSON_03676,Monitor,London-01,2023-01-21,1983.7847393917332,2.0
JSON_03677,TV,Tokyo-04,2023-04-22,2488.8166523890923,2.0
JSON_03678,TV,Paris-05,2023-06-29,823.5024009392677,2.0
JSON_03679,Phone,Berlin-03,2023-02-06,913.2465985633729,2.0
JSON_03680,Phone,Paris-05,2023-03-05,1368.8309263744136,1.0
JSON_03681,Phone,Paris-05,2023-05-12,116.37569217165213,1.0
JSON_03684,Phone,NYC-02,2023-02-11,1223.707090604723,4.0
JSON_03685,Monitor,London-01,2023-05-04,2515.2484369355684,4.0
JSON_03687,Cables,Berlin-03,2023-03-28,4356.642025175442,4.0
JSON_03689,Phone,Tokyo-04,2023-01-26,2863.915534443982,2.0
JSON_03690,Monitor,London-01,2023-01-04,3582.93583811102,3.0
JSON_03692,Keyboard,Paris-05,2023-03-15,705.8555534070425,1.0
JSON_03695,TV,London-01,2023-03-23,1230.6948162176996,2.0
JSON_03696,Laptop,NYC-02,2023-06-17,212.32878121751412,3.0
JSON_03697,Keyboard,Tokyo-04,2023-06-09,506.1078182371604,1.0
JSON_03699,Laptop,Paris-05,2023-05-14,3116.688895671191,3.0
JSON_03700,Phone,Berlin-03,2023-05-02,2886.099484425932,3.0
JSON_03702,Monitor,Berlin-03,2023-01-02,1221.760002590798,1.0
JSON_03703,Monitor,London-01,2023-03-16,5879.551883124017,4.0
JSON_03704,TV,Tokyo-04,2023-04-06,1234.7665617904552,1.0
JSON_03705,Phone,NYC-02,2023-02-02,1359.9933599843453,1.0
JSON_03706,TV,Berlin-03,2023-04-24,3004.1961417567863,3.0
JSON_03708,Keyboard,London-01,2023-04-11,799.6657588897094,3.0
JSON_03711,Laptop,Tokyo-04,2023-04-10,5326.372128879764,4.0
JSON_03712,TV,NYC-02,2023-02-24,2727.3649281508533,2.0
JSON_03713,Laptop,NYC-02,2023-06-11,2149.848636544385,2.0
JSON_03716,Laptop,Paris-05,2023-03-03,2851.934860422977,3.0
JSON_03720,Keyboard,London-01,2023-01-12,1147.54593217943,2.0
JSON_03721,Mouse,NYC-02,2023-04-07,297.6332551912565,4.0
JSON_03722,Mouse,NYC-02,2023-03-25,676.382009016478,1.0
JSON_03725,TV,Paris-05,2023-02-28,1839.6171221496368,2.0
JSON_03726,Mouse,London-01,2023-06-20,2557.0410704416317,3.0
JSON_03727,Cables,London-01,2023-01-06,905.1453557945215,1.0
JSON_03728,TV,Berlin-03,2023-04-04,684.2954602000723,3.0
JSON_03729,TV,Berlin-03,2023-01-22,5715.615481423916,4.0
JSON_03730,Monitor,Paris-05,2023-03-18,1955.3451307124917,4.0
JSON_03731,Mouse,Berlin-03,2023-05-23,1812.4784455508243,2.0
JSON_03732,Monitor,Berlin-03,2023-06-27,931.4679740300645,1.0
JSON_03733,Keyboard,London-01,2023-06-09,4309.78146351344,3.0
JSON_03734,Monitor,Paris-05,2023-06-29,4281.169686998574,3.0
JSON_03735,Cables,NYC-02,2023-04-07,4031.81111233125,3.0
JSON_03739,Cables,Tokyo-04,2023-04-30,832.226594549179,3.0
JSON_03740,Phone,NYC-02,2023-05-20,2497.390280647209,2.0
JSON_03741,Keyboard,Berlin-03,2023-04-10,1820.6061149952309,3.0
JSON_03742,TV,Paris-05,2023-06-01,2966.7215352451726,2.0
JSON_03744,Keyboard,Tokyo-04,2023-04-11,1126.4901803623684,3.0
JSON_03747,TV,Paris-05,2023-05-14,1578.356365328634,3.0
JSON_03748,Mouse,Paris-05,2023-01-20,4402.227613538898,4.0
JSON_03749,Phone,Tokyo-04,2023-01-12,3359.2799820251885,3.0
JSON_03751,Monitor,London-01,2023-03-26,2865.449766477304,2.0
JSON_03754,Laptop,Tokyo-04,2023-06-16,1117.1843227731292,2.0
JSON_03755,Keyboard,NYC-02,2023-06-08,1376.9076296805263,2.0
JSON_03759,Monitor,NYC-02,2023-06-18,2771.326699016316,2.0
JSON_03761,Keyboard,Berlin-03,2023-03-27,1878.5305421160763,2.0
JSON_03762,Monitor,Tokyo-04,2023-01-30,4599.6203251073875,4.0
JSON_03763,Laptop,Paris-05,2023-01-05,2976.4361795787017,2.0
JSON_03766,Phone,Paris-05,2023-04-06,990.4395092360535,3.0
JSON_03767,Monitor,NYC-02,2023-03-29,4077.6975335637844,3.0
JSON_03768,Monitor,London-01,2023-02-07,1247.1881245566806,2.0
JSON_03771,Laptop,NYC-02,2023-06-13,1120.5500696432007,3.0
JSON_03772,Cables,Tokyo-04,2023-04-17,451.4045955784895,4.0
JSON_03773,TV,NYC-02,2023-01-16,3988.157887680005,4.0
JSON_03774,Keyboard,London-01,2023-05-02,934.1811816799361,3.0
JSON_03775,Phone,Paris-05,2023-03-21,1097.7034400934265,1.0
JSON_03780,Phone,Tokyo-04,2023-04-10,3052.4050843634095,4.0
JSON_03781,Cables,NYC-02,2023-01-10,783.0969612535114,3.0
JSON_03783,Monitor,Berlin-03,2023-04-02,2174.8836731942697,2.0
JSON_03784,TV,Tokyo-04,2023-02-13,3796.635285693712,4.0
JSON_03785,Keyboard,Berlin-03,2023-02-24,761.519209684408,3.0
JSON_03786,Keyboard,Paris-05,2023-03-07,1247.0141951291157,2.0
JSON_03787,Phone,NYC-02,2023-03-04,2090.591556707078,2.0
JSON_03788,Mouse,NYC-02,2023-02-25,3784.111631515286,3.0
JSON_03791,Mouse,Paris-05,2023-06-11,4915.782505682878,4.0
JSON_03792,Keyboard,Tokyo-04,2023-06-20,1245.7567148342353,2.0
JSON_03793,Phone,NYC-02,2023-03-02,689.4663301071082,4.0
JSON_03794,Mouse,Paris-05,2023-03-22,4430.204099112681,4.0
JSON_03795,Monitor,NYC-02,2023-06-12,465.55256596197995,2.0
JSON_03796,Cables,London-01,2023-03-05,2081.304097688001,2.0
JSON_03797,Laptop,Berlin-03,2023-05-11,698.0615985474508,2.0
JSON_03798,Monitor,Paris-05,2023-05-18,932.4269899022933,1.0
JSON_03799,Monitor,Tokyo-04,2023-02-03,3325.547801169413,3.0
JSON_03800,Laptop,NYC-02,2023-03-11,5575.396467573947,4.0
JSON_03803,TV,Berlin-03,2023-03-25,1194.6052929985126,1.0
JSON_03804,Cables,Tokyo-04,2023-05-13,514.3650090367626,1.0
JSON_03805,Mouse,Paris-05,2023-01-18,2522.8129124111597,3.0
JSON_03807,Laptop,Berlin-03,2023-01-12,2431.033366950802,3.0
JSON_03808,Keyboard,Paris-05,2023-02-12,945.9342178546822,3.0
JSON_03811,Laptop,Paris-05,2023-06-27,362.4072515856828,1.0
JSON_03812,Laptop,NYC-02,2023-04-17,1736.589386832137,2.0
JSON_03813,Mouse,NYC-02,2023-05-06,5829.145085703406,4.0
JSON_03814,Keyboard,NYC-02,2023-04-17,654.186551625585,1.0
JSON_03816,Keyboard,Tokyo-04,2023-03-01,3756.0240565424206,4.0
JSON_03817,Monitor,Paris-05,2023-03-15,111.75688325695398,1.0
JSON_03818,Mouse,Tokyo-04,2023-02-24,457.5288382020368,1.0
JSON_03819,TV,London-01,2023-03-06,3138.7276272211648,4.0
JSON_03820,Phone,London-01,2023-06-05,2276.6095592777015,3.0
JSON_03821,Mouse,Berlin-03,2023-04-26,1700.249509550167,2.0
JSON_03822,Phone,London-01,2023-04-15,1147.696478968498,1.0
JSON_03824,TV,Paris-05,2023-05-06,194.66232780210308,1.0
JSON_03825,Keyboard,Tokyo-04,2023-01-10,653.5928100843494,4.0
JSON_03826,Keyboard,NYC-02,2023-03-03,2732.6958202949277,2.0
JSON_03827,Cables,Tokyo-04,2023-02-24,3292.0753712286996,3.0
JSON_03828,Cables,Tokyo-04,2023-04-27,207.97048508164613,2.0
JSON_03830,Laptop,London-01,2023-02-27,1190.2871962679264,2.0
JSON_03831,Keyboard,NYC-02,2023-05-25,1321.9355544622597,2.0
JSON_03833,Phone,Paris-05,2023-04-01,1797.5688007169308,3.0
JSON_03835,TV,Tokyo-04,2023-06-28,4881.549845245747,4.0
JSON_03837,Laptop,NYC-02,2023-06-06,4446.5640290393185,3.0
JSON_03839,Mouse,Tokyo-04,2023-02-16,4368.6712779171385,3.0
JSON_03841,Cables,Berlin-03,2023-03-18,3791.7092399687845,4.0
JSON_03842,Laptop,London-01,2023-02-19,1799.405009317063,2.0
JSON_03843,Keyboard,Berlin-03,2023-04-03,730.9618769314295,1.0
JSON_03844,Mouse,NYC-02,2023-04-01,4294.531652616999,3.0
JSON_03845,Monitor,NYC-02,2023-05-13,459.72042836406695,3.0
JSON_03846,Laptop,Paris-05,2023-04-29,2018.5878619892205,2.0
JSON_03847,Phone,NYC-02,2023-01-26,3145.530421761857,4.0
JSON_03848,TV,London-01,2023-05-25,588.7117006391866,2.0
JSON_03849,Monitor,London-01,2023-05-04,216.42853308334708,2.0
JSON_03850,Keyboard,Berlin-03,2023-01-27,851.0483145527035,2.0
JSON_03851,Laptop,Paris-05,2023-06-21,101.78087609080748,1.0
JSON_03853,Cables,Tokyo-04,2023-03-12,1112.154266373085,2.0
JSON_03854,TV,Paris-05,2023-05-25,4379.162963706474,3.0
JSON_03858,Cables,Paris-05,2023-06-09,1432.3438254326654,3.0
JSON_03859,Phone,NYC-02,2023-01-14,215.7902105349966,2.0
JSON_03860,Mouse,Paris-05,2023-05-04,1299.0404132535627,1.0
JSON_03861,Monitor,Paris-05,2023-01-18,2868.848082286042,3.0
JSON_03864,Mouse,NYC-02,2023-02-24,1075.2599696822972,2.0
JSON_03865,TV,Tokyo-04,2023-06-16,5356.634517130973,4.0
JSON_03866,TV,Paris-05,2023-06-18,2057.0805957628227,3.0
JSON_03869,Mouse,Berlin-03,2023-01-17,4303.809464332055,4.0
JSON_03870,Cables,Paris-05,2023-01-08,81.59397715527052,1.0
JSON_03871,Keyboard,Paris-05,2023-02-09,4855.256445280195,4.0
JSON_03873,Cables,NYC-02,2023-05-14,794.4189608479556,2.0
JSON_03874,Keyboard,NYC-02,2023-05-30,979.5113614884467,1.0
JSON_03875,Laptop,London-01,2023-04-19,699.6665220399484,2.0
JSON_03876,Monitor,London-01,2023-04-24,828.19064874895,2.0
JSON_03877,Cables,London-01,2023-03-02,853.8244451962966,1.0
JSON_03878,Laptop,Tokyo-04,2023-03-02,2971.250486279339,2.0
JSON_03880,TV,NYC-02,2023-02-03,3402.2540647959627,3.0
JSON_03881,TV,Tokyo-04,2023-04-03,942.3382322702676,1.0
JSON_03882,Laptop,Tokyo-04,2023-02-06,4963.275809355285,4.0
JSON_03885,Mouse,Paris-05,2023-01-17,1040.4223521428669,1.0
JSON_03886,Mouse,NYC-02,2023-01-29,1403.8034408419937,1.0
JSON_03887,Keyboard,Berlin-03,2023-04-30,407.6939076228382,4.0
JSON_03889,TV,Paris-05,2023-01-14,2746.5473130428127,2.0
JSON_03890,Phone,London-01,2023-06-20,3857.985692211435,4.0
JSON_03893,Keyboard,Tokyo-04,2023-04-25,880.06711793692,3.0
JSON_03896,Monitor,Berlin-03,2023-01-21,3183.1434067353716,3.0
JSON_03899,Keyboard,Paris-05,2023-05-27,2350.0796741564036,3.0
JSON_03900,Keyboard,Tokyo-04,2023-03-20,1068.6425451971973,2.0
JSON_03901,Phone,Paris-05,2023-03-25,953.8492560534177,2.0
JSON_03907,Phone,London-01,2023-06-27,1076.227884599315,3.0
JSON_03908,Keyboard,Tokyo-04,2023-05-03,738.0923183498519,1.0
JSON_03910,TV,Berlin-03,2023-04-24,384.02125961028224,2.0
JSON_03912,Laptop,Paris-05,2023-05-12,796.0281390427834,1.0
JSON_03917,Laptop,NYC-02,2023-05-21,546.1386485455058,3.0
JSON_03920,Keyboard,NYC-02,2023-04-04,376.8211467594032,1.0
JSON_03922,Mouse,London-01,2023-05-11,3480.674018337527,4.0
JSON_03923,TV,Tokyo-04,2023-03-20,2418.255144035007,4.0
JSON_03925,TV,NYC-02,2023-04-01,431.9227415943019,3.0
JSON_03926,TV,NYC-02,2023-02-15,2701.52973925099,3.0
JSON_03927,Monitor,London-01,2023-01-09,5773.004334435484,4.0
JSON_03930,Cables,Tokyo-04,2023-01-16,4896.747355082221,4.0
JSON_03931,Laptop,Paris-05,2023-04-06,1866.6071502010088,2.0
JSON_03933,Monitor,NYC-02,2023-04-17,3661.3042563994773,4.0
JSON_03936,Cables,NYC-02,2023-02-23,1795.978106294752,2.0
JSON_03938,Phone,London-01,2023-05-09,2611.3012651523795,2.0
JSON_03939,TV,Berlin-03,2023-01-23,2285.524158840539,3.0
JSON_03942,Laptop,Tokyo-04,2023-02-13,2082.8579768109194,3.0
JSON_03944,Monitor,Berlin-03,2023-03-22,2001.9197240904755,2.0
JSON_03945,Cables,London-01,2023-01-11,2474.019579296185,2.0
JSON_03946,Laptop,Paris-05,2023-05-29,3386.3639793015586,3.0
JSON_03949,Monitor,Berlin-03,2023-01-22,1954.6670165958355,2.0
JSON_03951,TV,Tokyo-04,2023-06-12,521.300739166033,2.0
JSON_03952,Monitor,NYC-02,2023-01-09,650.6577600550164,2.0
JSON_03955,Mouse,NYC-02,2023-04-08,4398.473771864118,3.0
JSON_03956,TV,Tokyo-04,2023-03-30,287.64217083556844,2.0
JSON_03957,Phone,Paris-05,2023-05-19,2822.346273143841,3.0
JSON_03958,Keyboard,Berlin-03,2023-05-27,3421.697034270302,4.0
JSON_03959,Mouse,Paris-05,2023-06-13,3303.1694340589465,4.0
JSON_03961,Phone,Paris-05,2023-05-13,740.4872023654978,3.0
JSON_03963,Monitor,NYC-02,2023-04-06,1256.4185902097252,3.0
JSON_03964,TV,Paris-05,2023-04-30,1404.4114314436524,1.0
JSON_03965,Keyboard,Tokyo-04,2023-05-24,1496.1504881548171,2.0
JSON_03966,TV,Berlin-03,2023-02-24,658.0381532281682,1.0
JSON_03967,Laptop,Paris-05,2023-03-13,655.3646359098193,1.0
JSON_03969,TV,Tokyo-04,2023-03-14,2333.0636542324332,3.0
JSON_03971,Phone,Berlin-03,2023-06-23,1178.936921053237,1.0
JSON_03972,Monitor,Berlin-03,2023-03-07,986.7706144358067,4.0
JSON_03973,Keyboard,London-01,2023-01-03,2127.7978512902,4.0
JSON_03974,Mouse,NYC-02,2023-03-14,3105.578592884313,4.0
JSON_03976,Keyboard,NYC-02,2023-06-13,123.06712570776786,2.0
JSON_03977,Phone,NYC-02,2023-01-23,2446.575034348551,2.0
JSON_03979,TV,Tokyo-04,2023-05-23,3644.4821071182823,4.0
JSON_03980,Cables,Berlin-03,2023-01-29,717.1887676810243,4.0
JSON_03981,Cables,NYC-02,2023-01-05,3063.3942623015305,3.0
JSON_03983,Mouse,Tokyo-04,2023-06-24,1933.4118076065658,3.0
JSON_03984,Laptop,Paris-05,2023-04-05,4388.952885885726,4.0
JSON_03985,Monitor,London-01,2023-03-22,4331.494779039762,4.0
JSON_03986,Laptop,NYC-02,2023-02-02,1919.6727946031922,3.0
JSON_03988,Laptop,Berlin-03,2023-05-13,710.7843794774011,1.0
JSON_03989,Keyboard,Paris-05,2023-06-25,1072.5854261506224,2.0
JSON_03990,Phone,Tokyo-04,2023-04-27,1208.114563885448,2.0
JSON_03991,TV,NYC-02,2023-04-28,109.45679860743456,1.0
JSON_03992,TV,NYC-02,2023-01-14,4286.556041084556,4.0
JSON_03994,Laptop,London-01,2023-05-17,5447.420123053087,4.0
JSON_03996,Phone,Paris-05,2023-03-20,2210.9169110265193,2.0
JSON_03997,Monitor,Berlin-03,2023-05-13,812.5788625180687,4.0
JSON_03998,Laptop,Berlin-03,2023-04-22,286.77293889646063,1.0
JSON_04000,Monitor,Tokyo-04,2023-05-30,185.7902491811888,2.0
JSON_04001,Mouse,Berlin-03,2023-03-22,1049.0463837290263,2.0
JSON_04002,Keyboard,London-01,2023-02-26,231.47677046282644,3.0
JSON_04003,Phone,London-01,2023-01-27,661.4383879366968,1.0
JSON_04005,Mouse,Berlin-03,2023-05-08,2856.9776167405394,2.0
JSON_04006,Laptop,NYC-02,2023-02-08,5704.763115784873,4.0
JSON_04007,Keyboard,Berlin-03,2023-02-27,1430.0130080854176,1.0
JSON_04008,Keyboard,Berlin-03,2023-06-14,3081.8888717834143,4.0
JSON_04010,Mouse,Berlin-03,2023-02-14,1767.9504544710067,2.0
JSON_04011,Monitor,NYC-02,2023-05-04,3867.8313355888126,3.0
JSON_04014,Monitor,NYC-02,2023-02-04,502.67588524074966,3.0
JSON_04015,TV,Berlin-03,2023-06-02,1292.4410859946688,1.0
JSON_04016,Mouse,London-01,2023-05-28,817.2864963857105,1.0
JSON_04017,Cables,Tokyo-04,2023-06-29,2450.703298791822,2.0
JSON_04018,Phone,Berlin-03,2023-06-20,2624.742443469564,2.0
JSON_04020,Cables,London-01,2023-04-13,5820.875879456284,4.0
JSON_04022,Laptop,NYC-02,2023-04-12,141.3723165045752,1.0
JSON_04023,Monitor,Paris-05,2023-06-13,2170.8993666251026,3.0
JSON_04026,TV,Tokyo-04,2023-04-26,3796.135351308591,3.0
JSON_04027,Laptop,Tokyo-04,2023-03-07,4688.189621975518,4.0
JSON_04028,Keyboard,Berlin-03,2023-03-04,320.70673131904755,1.0
JSON_04029,TV,Berlin-03,2023-03-16,290.00361662711896,1.0
JSON_04030,Monitor,London-01,2023-05-23,647.8846126683177,1.0
JSON_04032,Monitor,Paris-05,2023-06-05,980.4546365525678,2.0
JSON_04034,Cables,Tokyo-04,2023-03-01,233.60062645162085,1.0
JSON_04035,Laptop,NYC-02,2023-05-25,1474.1154336011855,3.0
JSON_04036,Mouse,Tokyo-04,2023-03-21,937.4056511305962,1.0
JSON_04037,Phone,Tokyo-04,2023-01-10,4917.809403061039,4.0
JSON_04039,Keyboard,Paris-05,2023-02-04,4308.563376931813,4.0
JSON_04041,Laptop,London-01,2023-05-03,1127.9386988580711,2.0
JSON_04043,Monitor,Berlin-03,2023-06-10,2573.1354097385483,2.0
JSON_04045,Keyboard,Paris-05,2023-02-17,877.466957642428,3.0
JSON_04046,Mouse,Paris-05,2023-02-15,1417.9696810629107,1.0
JSON_04047,Monitor,Paris-05,2023-02-02,1430.0226135512512,2.0
JSON_04049,TV,London-01,2023-06-26,1860.1416972307911,2.0
JSON_04050,TV,Tokyo-04,2023-01-13,2561.3372785202046,2.0
JSON_04053,Monitor,NYC-02,2023-04-06,257.73102913751313,4.0
JSON_04054,TV,Berlin-03,2023-04-21,255.59127562810318,2.0
JSON_04055,Cables,NYC-02,2023-01-02,2468.0452946989208,4.0
JSON_04056,Laptop,London-01,2023-01-04,1665.1928714902929,4.0
JSON_04059,TV,NYC-02,2023-03-24,2831.0114028563753,2.0
JSON_04060,Cables,Paris-05,2023-02-04,673.4635691377622,4.0
JSON_04062,Phone,Berlin-03,2023-01-20,129.96913000147293,1.0
JSON_04064,Phone,Tokyo-04,2023-06-09,648.8931504868389,2.0
JSON_04065,Keyboard,Tokyo-04,2023-02-28,1559.9275346455909,3.0
JSON_04066,Mouse,Berlin-03,2023-05-30,2831.2297428428333,2.0
JSON_04072,Keyboard,London-01,2023-05-27,863.083262916959,1.0
JSON_04076,Monitor,NYC-02,2023-03-10,3937.696862384788,4.0
JSON_04077,Phone,Berlin-03,2023-05-25,621.6508823606288,1.0
JSON_04078,Laptop,Tokyo-04,2023-05-24,432.1830078920066,1.0
JSON_04079,Mouse,Berlin-03,2023-05-04,3435.278910719791,3.0
JSON_04080,TV,Tokyo-04,2023-01-07,1443.7903206436738,1.0
JSON_04082,Phone,NYC-02,2023-06-04,1895.3504983108592,3.0
JSON_04084,Phone,Paris-05,2023-02-19,3117.3097520771626,3.0
JSON_04085,Phone,NYC-02,2023-06-02,246.49037361751644,1.0
JSON_04087,Cables,Berlin-03,2023-01-25,2521.852491239571,3.0
JSON_04089,Cables,Paris-05,2023-05-16,1089.2509348881033,1.0
JSON_04092,Laptop,Tokyo-04,2023-01-11,2437.181469379627,3.0
JSON_04093,Phone,Berlin-03,2023-04-03,568.0799400344011,3.0
JSON_04095,Laptop,Paris-05,2023-02-10,3242.308979988409,3.0
JSON_04097,Monitor,Paris-05,2023-03-06,4474.750253584053,4.0
JSON_04098,Monitor,NYC-02,2023-04-14,5748.207810181358,4.0
JSON_04100,Monitor,Berlin-03,2023-06-29,613.258978969362,3.0
JSON_04101,Phone,Berlin-03,2023-05-18,2668.0835398451227,4.0
JSON_04103,Laptop,Tokyo-04,2023-04-01,1118.80512158479,1.0
JSON_04104,Phone,London-01,2023-01-14,5018.59779246663,4.0
JSON_04105,Phone,Paris-05,2023-06-14,1276.644831409136,1.0
JSON_04107,Laptop,NYC-02,2023-03-08,5488.292372740028,4.0
JSON_04108,TV,Berlin-03,2023-06-14,1163.718040213129,1.0
JSON_04109,Cables,Berlin-03,2023-02-02,1483.2043960184362,1.0
JSON_04110,Phone,NYC-02,2023-01-29,979.8645287647058,2.0
JSON_04112,Cables,London-01,2023-06-03,1512.9760698582227,3.0
JSON_04115,Mouse,Tokyo-04,2023-06-18,3942.8258511000686,3.0
JSON_04120,Cables,Berlin-03,2023-02-06,536.0304809994707,1.0
JSON_04121,Mouse,Tokyo-04,2023-01-16,1901.659092184093,2.0
JSON_04122,Keyboard,Berlin-03,2023-05-21,2014.3463883630782,2.0
JSON_04123,Laptop,London-01,2023-04-30,291.32651116056275,1.0
JSON_04126,Laptop,Tokyo-04,2023-02-04,1451.6027847316573,1.0
JSON_04127,TV,Paris-05,2023-03-11,677.5308147754085,1.0
JSON_04128,Mouse,London-01,2023-02-07,2388.2572013531912,4.0
JSON_04132,Monitor,Tokyo-04,2023-02-20,2900.802243828566,3.0
JSON_04133,Monitor,Paris-05,2023-05-11,237.88906292191555,1.0
JSON_04134,Cables,London-01,2023-04-03,2258.554971642769,4.0
JSON_04135,Keyboard,London-01,2023-03-17,663.5308228133308,2.0
JSON_04136,Phone,London-01,2023-03-13,1019.0196098996638,1.0
JSON_04137,Cables,Tokyo-04,2023-03-12,156.84992059613847,2.0
JSON_04138,Cables,Berlin-03,2023-04-18,1045.0199152142122,4.0
JSON_04141,TV,Berlin-03,2023-05-11,86.96251409316278,1.0
JSON_04142,Keyboard,London-01,2023-04-03,3982.392061074059,3.0
JSON_04144,Laptop,NYC-02,2023-01-30,2141.258228211177,4.0
JSON_04145,Keyboard,Paris-05,2023-05-03,442.44456473302563,3.0
JSON_04146,Phone,London-01,2023-05-20,193.39171797435958,1.0
JSON_04147,Keyboard,London-01,2023-06-01,861.8719450548821,1.0
JSON_04148,Mouse,Tokyo-04,2023-06-09,2202.917479620461,3.0
JSON_04149,Monitor,Berlin-03,2023-03-20,1296.7431782332335,1.0
JSON_04150,Laptop,NYC-02,2023-06-20,3512.034033631504,3.0
JSON_04152,TV,NYC-02,2023-06-10,132.42082848829477,1.0
JSON_04154,Monitor,Berlin-03,2023-04-05,1406.996036955047,2.0
JSON_04155,Laptop,NYC-02,2023-04-01,543.6410239184197,4.0
JSON_04156,Cables,Paris-05,2023-01-06,3681.6197973917942,3.0
JSON_04157,Monitor,Berlin-03,2023-01-26,3996.5437822100034,4.0
JSON_04158,Cables,NYC-02,2023-01-17,933.4017542411483,2.0
JSON_04159,Cables,London-01,2023-03-03,1438.0061270187337,4.0
JSON_04162,Cables,London-01,2023-05-01,1196.5338341474062,4.0
JSON_04163,Laptop,NYC-02,2023-05-25,2329.042909211799,3.0
JSON_04164,Mouse,NYC-02,2023-05-10,964.0528546829572,2.0
JSON_04167,Mouse,NYC-02,2023-06-10,3618.361415791089,3.0
JSON_04168,Monitor,NYC-02,2023-03-11,4678.9129656369405,4.0
JSON_04169,Cables,Berlin-03,2023-05-09,779.1332708369963,3.0
JSON_04170,Cables,London-01,2023-03-05,570.5827942006248,1.0
JSON_04174,Laptop,Tokyo-04,2023-01-12,2020.8777107491221,2.0
JSON_04175,Monitor,Paris-05,2023-02-22,2888.2655651217724,2.0
JSON_04177,Monitor,Tokyo-04,2023-01-16,4311.471384645329,3.0
JSON_04178,Monitor,Paris-05,2023-06-19,1703.5235313893593,4.0
JSON_04179,Phone,Tokyo-04,2023-03-22,3621.0684533820377,3.0
JSON_04180,TV,NYC-02,2023-05-21,2603.1656579696173,3.0
JSON_04181,TV,NYC-02,2023-03-09,946.147102062649,1.0
JSON_04182,Monitor,London-01,2023-05-09,1476.566562384123,1.0
JSON_04183,Laptop,London-01,2023-02-07,2509.919688070346,2.0
JSON_04184,Keyboard,Tokyo-04,2023-06-01,693.9695669212268,4.0
JSON_04185,Laptop,Tokyo-04,2023-06-29,621.4644060934562,1.0
JSON_04189,Keyboard,NYC-02,2023-04-26,3080.7469345843333,3.0
JSON_04190,Mouse,Berlin-03,2023-04-02,1565.720686926544,2.0
JSON_04192,Mouse,Paris-05,2023-02-19,5711.456922494635,4.0
JSON_04193,Cables,NYC-02,2023-04-03,5187.644731054214,4.0
JSON_04194,Laptop,London-01,2023-01-04,2450.1888049315876,2.0
JSON_04196,Phone,NYC-02,2023-02-07,2312.5356690996705,2.0
JSON_04197,Cables,NYC-02,2023-01-07,2188.479689174969,3.0
JSON_04198,Cables,Paris-05,2023-05-22,2011.2735664382594,2.0
JSON_04202,Cables,NYC-02,2023-03-12,5812.441199689209,4.0
JSON_04203,Laptop,London-01,2023-04-29,3387.267933143682,3.0
JSON_04204,TV,Berlin-03,2023-05-01,1473.2539346984045,1.0
JSON_04205,TV,NYC-02,2023-06-27,3100.922236438757,4.0
JSON_04207,Phone,Tokyo-04,2023-04-28,2188.8353325951134,4.0
JSON_04211,Keyboard,Paris-05,2023-05-22,2472.9759476628124,2.0
JSON_04212,TV,Paris-05,2023-02-18,389.41463584330535,1.0
JSON_04213,Keyboard,Berlin-03,2023-03-27,2821.3975417898005,2.0
JSON_04215,Laptop,Paris-05,2023-03-03,1723.8620509543825,3.0
JSON_04216,Keyboard,NYC-02,2023-05-24,1617.032173418358,4.0
JSON_04218,Cables,London-01,2023-02-12,2296.856681711965,2.0
JSON_04219,Laptop,Berlin-03,2023-04-02,248.52789909149132,1.0
JSON_04220,Mouse,London-01,2023-01-13,901.6098995953163,1.0
JSON_04221,TV,Berlin-03,2023-02-21,2560.8724514478213,2.0
JSON_04222,TV,Tokyo-04,2023-01-19,2238.8268363508214,3.0
JSON_04223,Keyboard,Berlin-03,2023-05-24,971.8392162018209,3.0
JSON_04224,Phone,Paris-05,2023-02-13,4479.95883737733,4.0
JSON_04227,Mouse,NYC-02,2023-04-25,4199.297954178162,3.0
JSON_04228,Cables,Berlin-03,2023-03-03,3706.463454704578,4.0
JSON_04229,Keyboard,Paris-05,2023-03-27,744.1983781405935,4.0
JSON_04230,Laptop,NYC-02,2023-03-17,954.8412339005799,1.0
JSON_04233,Monitor,Berlin-03,2023-03-31,2546.051015710568,3.0
JSON_04234,Mouse,NYC-02,2023-02-15,2515.3202212141696,2.0
JSON_04235,Mouse,NYC-02,2023-03-02,3766.486834157512,3.0
JSON_04240,Laptop,Berlin-03,2023-04-20,574.547615856364,2.0
JSON_04241,Phone,London-01,2023-05-06,981.8163076109188,2.0
JSON_04244,Keyboard,Berlin-03,2023-04-10,1162.4449067357423,1.0
JSON_04246,Keyboard,London-01,2023-03-12,421.55181242155925,1.0
JSON_04247,Laptop,Paris-05,2023-04-01,52.91633330088183,1.0
JSON_04248,Laptop,Berlin-03,2023-04-02,1394.4140267096154,2.0
JSON_04249,Cables,London-01,2023-06-05,537.135534056024,1.0
JSON_04250,Mouse,Paris-05,2023-02-20,460.71026328827065,3.0
JSON_04251,Cables,Tokyo-04,2023-05-27,1730.1676774645,3.0
JSON_04255,Monitor,Tokyo-04,2023-04-10,2830.4780847242396,3.0
JSON_04256,Mouse,London-01,2023-05-13,298.9988379474916,2.0
JSON_04257,TV,Tokyo-04,2023-03-22,1144.704114845752,1.0
JSON_04258,Mouse,Berlin-03,2023-06-07,1729.3544866856873,2.0
JSON_04259,Mouse,London-01,2023-02-13,2174.9890543105953,3.0
JSON_04260,Mouse,Tokyo-04,2023-02-07,2814.556714381766,3.0
JSON_04261,Cables,Berlin-03,2023-03-29,448.86133844998835,1.0
JSON_04262,Cables,Berlin-03,2023-03-27,507.19210528855456,1.0
JSON_04264,Cables,Berlin-03,2023-03-19,3408.6065820889025,3.0
JSON_04266,Mouse,NYC-02,2023-04-05,562.9633051022455,2.0
JSON_04267,Phone,Tokyo-04,2023-06-10,1987.4312406270294,2.0
JSON_04268,TV,London-01,2023-02-25,678.3989844056368,1.0
JSON_04269,Mouse,London-01,2023-05-26,357.5416902688215,2.0
JSON_04270,Phone,Paris-05,2023-06-28,653.4630658843957,2.0
JSON_04271,TV,Paris-05,2023-04-29,501.519410588334,3.0
JSON_04272,Mouse,Paris-05,2023-06-14,4436.144023290142,4.0
JSON_04274,Laptop,Tokyo-04,2023-04-03,347.8514665989277,2.0
JSON_04275,Phone,Tokyo-04,2023-06-10,1018.0088634241723,4.0
JSON_04276,Mouse,London-01,2023-01-09,1032.1163025441379,1.0
JSON_04277,Cables,Tokyo-04,2023-03-09,2645.2408767701068,2.0
JSON_04279,Keyboard,Paris-05,2023-05-15,432.9733209133711,4.0
JSON_04281,Cables,Tokyo-04,2023-01-13,988.0622011669258,1.0
JSON_04282,Keyboard,NYC-02,2023-01-24,94.99499719017089,1.0
JSON_04283,Monitor,NYC-02,2023-06-09,402.43328887682645,1.0
JSON_04284,Monitor,Tokyo-04,2023-02-22,4362.2447018426055,4.0
JSON_04285,Keyboard,Paris-05,2023-02-09,5804.608777673017,4.0
JSON_04288,Phone,Paris-05,2023-02-07,3744.747504191459,4.0
JSON_04290,Monitor,Paris-05,2023-03-27,2178.158199138645,2.0
JSON_04291,Laptop,London-01,2023-04-29,286.0577996346742,2.0
JSON_04292,Keyboard,Tokyo-04,2023-02-04,2035.0529733488124,2.0
JSON_04293,Keyboard,Paris-05,2023-05-05,741.6034420891195,1.0
JSON_04295,Monitor,NYC-02,2023-01-22,824.3301372920143,2.0
JSON_04296,Keyboard,Berlin-03,2023-02-27,4226.736594363158,4.0
JSON_04297,Keyboard,Tokyo-04,2023-03-31,526.585569805667,3.0
JSON_04299,Cables,London-01,2023-03-08,1145.3127120930112,1.0
JSON_04300,Mouse,Tokyo-04,2023-01-16,168.59712943419865,3.0
JSON_04301,Phone,Paris-05,2023-05-14,4673.291875523676,4.0
JSON_04302,Monitor,Tokyo-04,2023-03-30,1367.7323676562012,1.0
JSON_04303,Keyboard,Tokyo-04,2023-02-10,5664.450297783933,4.0
JSON_04304,Monitor,Paris-05,2023-03-07,3937.398469223783,4.0
JSON_04306,Mouse,Paris-05,2023-03-31,734.9338547694152,3.0
JSON_04308,Monitor,Berlin-03,2023-02-06,1518.268551244314,3.0
JSON_04309,Keyboard,NYC-02,2023-06-10,5528.782925836427,4.0
JSON_04311,TV,Tokyo-04,2023-05-26,4134.926461813753,3.0
JSON_04312,TV,Tokyo-04,2023-06-14,1242.5153576407224,1.0
JSON_04313,Keyboard,Berlin-03,2023-03-28,4028.1746416541328,4.0
JSON_04314,Mouse,Berlin-03,2023-02-16,2985.2018047843308,4.0
JSON_04315,Cables,Tokyo-04,2023-05-07,5128.853112653651,4.0
JSON_04316,Phone,Paris-05,2023-04-16,1278.6463723641355,1.0
JSON_04317,Cables,Tokyo-04,2023-03-13,165.26303511139682,1.0
JSON_04318,Laptop,Tokyo-04,2023-02-06,492.5511391047476,2.0
JSON_04319,Phone,Paris-05,2023-04-20,3935.0120756704296,4.0
JSON_04320,TV,Berlin-03,2023-05-03,745.3386948129242,1.0
JSON_04321,Phone,Tokyo-04,2023-06-09,205.94207983434745,1.0
JSON_04324,Cables,London-01,2023-02-13,488.9113388585871,4.0
JSON_04325,Keyboard,Tokyo-04,2023-06-09,4307.536440240711,4.0
JSON_04326,Monitor,Berlin-03,2023-06-22,248.66599159822118,1.0
JSON_04327,Phone,Berlin-03,2023-03-04,1020.9186048970856,2.0
JSON_04328,Keyboard,London-01,2023-02-21,1418.0738830706941,1.0
JSON_04329,TV,Tokyo-04,2023-06-04,299.68685906187045,2.0
JSON_04333,TV,Paris-05,2023-01-07,1368.428027050938,1.0
JSON_04334,Mouse,NYC-02,2023-02-01,387.85443299666525,2.0
JSON_04336,Laptop,NYC-02,2023-04-17,2398.2144093732068,2.0
JSON_04337,TV,Tokyo-04,2023-05-21,1362.1291495102626,4.0
JSON_04338,TV,Tokyo-04,2023-05-04,2037.3772678032835,2.0
JSON_04339,Phone,Tokyo-04,2023-03-01,567.2187250389161,2.0
JSON_04340,Keyboard,Tokyo-04,2023-06-15,1864.6010386580256,4.0
JSON_04341,Phone,NYC-02,2023-06-20,4479.038767353217,3.0
JSON_04344,Laptop,London-01,2023-04-11,4134.080541747657,4.0
JSON_04345,Phone,NYC-02,2023-04-16,2782.618877656019,4.0
JSON_04346,Phone,London-01,2023-06-20,5492.145113597013,4.0
JSON_04347,Monitor,Berlin-03,2023-01-25,1799.328311393211,4.0
JSON_04351,Keyboard,Tokyo-04,2023-02-19,3255.3930771380255,4.0
JSON_04353,Laptop,NYC-02,2023-05-16,3653.075122921048,4.0
JSON_04354,Laptop,Paris-05,2023-02-18,2481.7461759760513,2.0
JSON_04355,Monitor,Tokyo-04,2023-05-15,1198.9973959168994,1.0
JSON_04356,Cables,Tokyo-04,2023-06-13,4355.981589504798,4.0
JSON_04357,Laptop,Paris-05,2023-06-20,1073.0822285678291,2.0
JSON_04358,Mouse,NYC-02,2023-01-22,635.3478573121625,1.0
JSON_04359,Keyboard,Berlin-03,2023-05-27,2645.787455068951,3.0
JSON_04361,Keyboard,NYC-02,2023-06-13,2367.8616779136705,4.0
JSON_04363,Keyboard,NYC-02,2023-06-16,4620.764482971278,4.0
JSON_04367,Mouse,Tokyo-04,2023-05-12,1154.464684394958,4.0
JSON_04368,TV,Paris-05,2023-03-01,2226.3367517860897,2.0
JSON_04369,TV,Tokyo-04,2023-06-24,97.04695197480046,1.0
JSON_04370,Monitor,London-01,2023-05-27,5505.207363307746,4.0
JSON_04372,Laptop,Berlin-03,2023-01-23,5174.145164888233,4.0
JSON_04373,Monitor,Berlin-03,2023-01-10,1280.8592640889754,2.0
JSON_04374,Laptop,London-01,2023-05-31,1703.2377035768814,3.0
JSON_04375,Keyboard,Berlin-03,2023-06-02,925.673725967016,4.0
JSON_04376,Monitor,London-01,2023-01-20,1043.799367675709,4.0
JSON_04377,Phone,NYC-02,2023-04-22,1139.9736422600067,1.0
JSON_04380,Laptop,London-01,2023-03-01,2756.5073459418204,3.0
JSON_04383,Phone,NYC-02,2023-05-25,2859.0759955594594,2.0
JSON_04384,Keyboard,London-01,2023-05-06,859.1662998070542,2.0
JSON_04386,Monitor,Berlin-03,2023-06-17,1405.8771360593405,1.0
JSON_04387,Phone,Paris-05,2023-02-15,4427.5255044986825,4.0
JSON_04388,Mouse,NYC-02,2023-04-16,352.84689093137484,4.0
JSON_04389,Mouse,Berlin-03,2023-05-15,2223.158578300411,3.0
JSON_04392,Laptop,Paris-05,2023-04-14,3122.1565725801056,4.0
JSON_04394,Phone,Tokyo-04,2023-02-25,1284.7913241794276,2.0
JSON_04397,Keyboard,Paris-05,2023-05-31,5401.893802613697,4.0
JSON_04398,TV,Paris-05,2023-05-12,3856.77733034433,3.0
JSON_04400,Phone,London-01,2023-02-05,319.887590094619,3.0
JSON_04401,Cables,Berlin-03,2023-02-10,791.4656816083263,1.0
JSON_04403,Monitor,Tokyo-04,2023-03-05,56.90060810136228,1.0
JSON_04407,Monitor,NYC-02,2023-02-18,2974.9647053478852,3.0
JSON_04408,Monitor,Paris-05,2023-01-10,1051.4038047343852,4.0
JSON_04409,Phone,Berlin-03,2023-06-23,874.126000329011,1.0
JSON_04410,Laptop,Berlin-03,2023-03-27,657.3622617922233,4.0
JSON_04411,Cables,NYC-02,2023-03-23,5767.192852138879,4.0
JSON_04412,Laptop,London-01,2023-05-27,462.06928745652465,2.0
JSON_04413,Cables,London-01,2023-02-04,451.0269573710347,1.0
JSON_04414,Mouse,Tokyo-04,2023-04-17,524.8407607362035,1.0
JSON_04417,Laptop,Paris-05,2023-05-03,1613.1758234731697,2.0
JSON_04420,Laptop,Paris-05,2023-06-13,1088.6267792059157,1.0
JSON_04421,Cables,London-01,2023-06-22,3999.983825680351,3.0
JSON_04422,Keyboard,Tokyo-04,2023-06-05,1451.373434174517,1.0
JSON_04424,Cables,NYC-02,2023-01-25,2369.780005613752,2.0
JSON_04425,Cables,Paris-05,2023-04-06,5988.518985959033,4.0
JSON_04426,Keyboard,NYC-02,2023-01-08,1808.274331081295,2.0
JSON_04427,Cables,Tokyo-04,2023-01-08,2946.4109422712527,2.0
JSON_04431,TV,London-01,2023-06-08,2185.887016700725,2.0
JSON_04433,Laptop,NYC-02,2023-05-02,128.05036265606572,2.0
JSON_04434,TV,Berlin-03,2023-05-23,1474.6771201360928,4.0
JSON_04435,Cables,London-01,2023-03-16,3782.696084089103,4.0
JSON_04436,Cables,Paris-05,2023-06-07,4325.718353976621,3.0
JSON_04439,Keyboard,Paris-05,2023-04-19,989.7073056322965,3.0
JSON_04440,Mouse,NYC-02,2023-06-03,1977.5571436309388,3.0
JSON_04442,Keyboard,Tokyo-04,2023-02-12,2113.251018629904,2.0
JSON_04443,Laptop,Berlin-03,2023-01-26,1678.4117123432466,3.0
JSON_04445,Mouse,London-01,2023-01-04,3628.373035777557,4.0
JSON_04446,Mouse,Paris-05,2023-01-27,2082.0705238574296,2.0
JSON_04447,Phone,Berlin-03,2023-03-29,1109.458193529881,2.0
JSON_04448,Keyboard,NYC-02,2023-03-19,1585.3418051355593,4.0
JSON_04450,Keyboard,NYC-02,2023-04-30,414.89658263204353,1.0
JSON_04451,Mouse,Berlin-03,2023-04-20,2209.7623566736306,3.0
JSON_04452,Cables,Tokyo-04,2023-01-31,4221.702752380701,4.0
JSON_04453,Cables,London-01,2023-01-31,3196.3293265679713,3.0
JSON_04454,Cables,NYC-02,2023-03-08,603.8020610103204,1.0
JSON_04455,Cables,London-01,2023-03-29,160.21586020093685,2.0
JSON_04456,Laptop,Tokyo-04,2023-06-18,5527.545543575295,4.0
JSON_04458,Keyboard,Berlin-03,2023-03-31,2812.728387615805,4.0
JSON_04459,TV,NYC-02,2023-06-20,652.6221269537683,1.0
JSON_04461,Cables,Berlin-03,2023-05-22,2625.2678994755447,2.0
JSON_04462,TV,NYC-02,2023-02-18,1502.0602865377182,2.0
JSON_04465,Cables,Tokyo-04,2023-03-02,1401.3481774577679,2.0
JSON_04467,Monitor,NYC-02,2023-02-03,1481.692635252103,2.0
JSON_04469,Laptop,Tokyo-04,2023-03-21,2118.0944892437983,2.0
JSON_04470,Monitor,London-01,2023-06-16,2549.966552459216,2.0
JSON_04472,Laptop,Berlin-03,2023-04-28,426.935499598383,3.0
JSON_04473,Cables,NYC-02,2023-01-12,4366.756410650488,4.0
JSON_04474,Monitor,NYC-02,2023-01-14,840.086159645234,2.0
JSON_04475,Laptop,Paris-05,2023-02-05,2033.793497052338,2.0
JSON_04476,Monitor,Berlin-03,2023-05-22,3687.2511453386246,4.0
JSON_04477,TV,Berlin-03,2023-05-04,678.1862321409918,3.0
JSON_04478,Mouse,Berlin-03,2023-06-11,1426.1595598681092,2.0
JSON_04479,TV,Berlin-03,2023-06-24,2089.9194434738056,2.0
JSON_04480,Keyboard,Tokyo-04,2023-05-22,700.2356730431059,3.0
JSON_04482,Cables,London-01,2023-06-05,774.5513741848745,1.0
JSON_04483,Cables,Tokyo-04,2023-02-16,1792.686498609629,3.0
JSON_04484,Cables,Paris-05,2023-03-28,5359.659486189923,4.0
JSON_04485,Mouse,London-01,2023-05-15,5831.754461438122,4.0
JSON_04487,Mouse,Berlin-03,2023-01-21,1001.958426926063,2.0
JSON_04493,Phone,Tokyo-04,2023-03-22,2554.270082808517,3.0
JSON_04494,Monitor,London-01,2023-01-12,4696.9327142174325,4.0
JSON_04495,Cables,NYC-02,2023-05-05,2744.0823282289484,3.0
JSON_04496,Laptop,Tokyo-04,2023-05-24,952.7811966860605,1.0
JSON_04497,TV,Berlin-03,2023-02-10,1510.0051967075437,2.0
JSON_04499,Phone,Paris-05,2023-06-14,4481.504787708954,3.0
JSON_04501,Cables,London-01,2023-03-30,205.97003027912672,4.0
JSON_04502,Monitor,Berlin-03,2023-05-10,1224.9110583220402,2.0
JSON_04503,Monitor,London-01,2023-03-08,3284.4864512642703,4.0
JSON_04504,Phone,NYC-02,2023-05-22,3634.6802530852983,3.0
JSON_04506,Keyboard,Tokyo-04,2023-04-02,874.4441620004968,1.0
JSON_04507,Cables,NYC-02,2023-06-23,1808.7756705070976,2.0
JSON_04508,Keyboard,NYC-02,2023-02-24,3454.0668752547235,3.0
JSON_04509,Mouse,Berlin-03,2023-05-19,1338.939041813566,3.0
JSON_04510,TV,Paris-05,2023-03-16,4303.1785034149125,3.0
JSON_04511,Mouse,Paris-05,2023-02-20,1359.426364616454,1.0
JSON_04512,Keyboard,Paris-05,2023-02-17,2524.132061514406,3.0
JSON_04513,Laptop,NYC-02,2023-01-06,508.3605649910862,3.0
JSON_04515,Mouse,Paris-05,2023-05-11,423.9475146379741,3.0
JSON_04516,Mouse,London-01,2023-04-04,901.9432837009622,3.0
JSON_04517,Keyboard,Berlin-03,2023-04-09,882.7018497117566,2.0
JSON_04518,TV,London-01,2023-01-14,112.59289570777352,1.0
JSON_04519,Cables,Berlin-03,2023-03-03,1279.3223572455502,4.0
JSON_04520,Keyboard,Paris-05,2023-02-12,929.1313347582445,1.0
JSON_04522,Phone,Berlin-03,2023-06-04,1311.8504044581528,1.0
JSON_04523,Cables,Tokyo-04,2023-05-10,2304.406603415867,4.0
JSON_04524,Laptop,London-01,2023-03-05,2627.210987394645,2.0
JSON_04526,Phone,Berlin-03,2023-05-06,430.03615091093286,1.0
JSON_04529,TV,NYC-02,2023-04-25,733.3944904415787,4.0
JSON_04530,TV,Berlin-03,2023-06-29,2727.869905820406,4.0
JSON_04532,Laptop,NYC-02,2023-01-17,925.6481852099197,1.0
JSON_04533,Cables,NYC-02,2023-04-30,3511.8755074208084,3.0
JSON_04536,Mouse,Tokyo-04,2023-04-25,2863.8020560353825,3.0
JSON_04537,TV,NYC-02,2023-02-18,3389.936096262458,4.0
JSON_04538,Laptop,Tokyo-04,2023-05-12,2713.4903662366282,2.0
JSON_04539,Mouse,Tokyo-04,2023-03-20,3296.1079426984,4.0
JSON_04540,Monitor,NYC-02,2023-05-12,4078.5503238011747,4.0
JSON_04541,Laptop,Tokyo-04,2023-05-21,1640.1709070599345,3.0
JSON_04544,Monitor,NYC-02,2023-02-24,1130.1213194991826,1.0
JSON_04545,Laptop,Berlin-03,2023-06-28,2241.856012041192,2.0
JSON_04548,Monitor,Paris-05,2023-03-28,88.75053115550347,1.0
JSON_04549,Mouse,London-01,2023-04-02,1025.7980510121329,1.0
JSON_04551,Monitor,Tokyo-04,2023-05-10,1827.6153005259594,3.0
JSON_04552,Cables,London-01,2023-04-26,1858.5355117512897,2.0
JSON_04554,TV,NYC-02,2023-06-18,1514.584725604076,3.0
JSON_04555,Laptop,NYC-02,2023-04-01,452.570151491577,4.0
JSON_04556,Cables,London-01,2023-04-09,4010.670509947699,4.0
JSON_04557,Mouse,NYC-02,2023-01-16,3527.623900472715,3.0
JSON_04558,Laptop,Berlin-03,2023-02-06,4683.585012493159,4.0
JSON_04564,TV,Tokyo-04,2023-03-25,2837.7932828648163,2.0
JSON_04565,Laptop,NYC-02,2023-03-06,111.41134378739136,1.0
JSON_04567,Monitor,Paris-05,2023-03-07,467.8106104867159,1.0
JSON_04568,Phone,NYC-02,2023-05-15,1251.3995422743099,1.0
JSON_04570,Mouse,NYC-02,2023-02-08,2703.9020964478045,4.0
JSON_04571,Keyboard,Berlin-03,2023-05-30,2575.222654109097,4.0
JSON_04575,TV,Paris-05,2023-04-28,3650.4266649232713,3.0
JSON_04576,Mouse,NYC-02,2023-06-10,995.3867381054896,1.0
JSON_04577,Cables,NYC-02,2023-06-23,651.7838404519108,4.0
JSON_04578,Mouse,NYC-02,2023-03-26,651.695663045517,2.0
JSON_04579,Cables,NYC-02,2023-03-04,1458.006662248278,3.0
JSON_04580,Cables,Paris-05,2023-05-03,1241.745726494113,2.0
JSON_04582,Keyboard,NYC-02,2023-01-18,2019.3742379362443,3.0
JSON_04584,Mouse,Paris-05,2023-03-18,1957.409538085249,3.0
JSON_04585,Keyboard,Berlin-03,2023-06-22,992.7202199551634,3.0
JSON_04587,Phone,NYC-02,2023-02-02,1647.511304407191,2.0
JSON_04590,TV,Paris-05,2023-01-07,721.6744532780401,4.0
JSON_04592,Mouse,NYC-02,2023-04-11,2931.1876412674155,2.0
JSON_04593,Laptop,Tokyo-04,2023-04-18,2470.153358607099,2.0
JSON_04594,Keyboard,Berlin-03,2023-05-04,1244.6796903498591,1.0
JSON_04595,Mouse,Paris-05,2023-05-27,4997.787840503064,4.0
JSON_04596,Keyboard,Tokyo-04,2023-06-22,885.3433034969077,4.0
JSON_04600,Monitor,Berlin-03,2023-02-06,3862.301841486821,3.0
JSON_04601,Monitor,Paris-05,2023-05-26,790.119434384468,1.0
JSON_04602,Phone,Paris-05,2023-04-30,1384.3558962980685,1.0
JSON_04604,Monitor,Paris-05,2023-03-18,2322.0718203907786,2.0
JSON_04605,Cables,NYC-02,2023-06-20,1023.5547943954485,4.0
JSON_04606,Mouse,Berlin-03,2023-04-03,930.1500014183454,1.0
JSON_04607,Phone,Tokyo-04,2023-01-27,1219.2673856685183,1.0
JSON_04608,Cables,Tokyo-04,2023-05-28,1264.1702456852015,3.0
JSON_04610,Monitor,Tokyo-04,2023-01-15,4121.700675658774,3.0
JSON_04611,TV,London-01,2023-04-04,337.49040881854205,4.0
JSON_04613,Keyboard,Berlin-03,2023-05-26,2488.693443225421,3.0
JSON_04616,Cables,NYC-02,2023-04-18,776.1302618638722,1.0
JSON_04617,Keyboard,Berlin-03,2023-02-18,2414.4966273195073,3.0
JSON_04618,Phone,Berlin-03,2023-05-10,2671.178114327701,2.0
JSON_04619,Keyboard,Tokyo-04,2023-04-01,555.7463533714304,1.0
JSON_04623,Keyboard,Berlin-03,2023-03-14,1163.107321376663,3.0
JSON_04624,Cables,NYC-02,2023-02-09,1844.3213934228263,2.0
JSON_04626,Laptop,NYC-02,2023-01-06,1806.3928288848022,4.0
JSON_04629,Laptop,Paris-05,2023-02-21,1457.3035412695892,3.0
JSON_04630,Laptop,NYC-02,2023-05-20,1154.031031415779,3.0
JSON_04631,Monitor,Tokyo-04,2023-01-22,469.14527975909726,4.0
JSON_04633,Mouse,Berlin-03,2023-04-03,2532.669594366694,2.0
JSON_04634,TV,Paris-05,2023-04-04,1419.3766577647052,1.0
JSON_04635,Keyboard,NYC-02,2023-02-11,427.9816714791477,2.0
JSON_04636,Phone,NYC-02,2023-01-24,4009.1986953962137,4.0
JSON_04637,Monitor,Tokyo-04,2023-01-18,3603.63337341401,3.0
JSON_04638,Monitor,NYC-02,2023-01-12,5935.060446349377,4.0
JSON_04640,Laptop,NYC-02,2023-04-12,2568.642628102664,4.0
JSON_04641,Phone,Paris-05,2023-06-22,3735.10925906537,4.0
JSON_04642,Phone,Paris-05,2023-03-13,1566.1809903059134,2.0
JSON_04644,TV,Paris-05,2023-01-24,2363.3733009358284,3.0
JSON_04645,Laptop,Berlin-03,2023-05-18,2979.5839339600434,3.0
JSON_04647,Cables,NYC-02,2023-03-13,236.1744491132648,1.0
JSON_04648,Laptop,Tokyo-04,2023-06-26,2684.749487439852,2.0
JSON_04649,Cables,Paris-05,2023-01-04,436.01718315501887,2.0
JSON_04650,Phone,Paris-05,2023-06-16,1784.0178772755755,2.0
JSON_04651,Keyboard,Tokyo-04,2023-05-04,2024.220452475579,4.0
JSON_04652,TV,Tokyo-04,2023-06-05,1206.4075948873724,2.0
JSON_04655,TV,Tokyo-04,2023-03-11,2019.8267726104339,2.0
JSON_04656,Laptop,NYC-02,2023-06-11,5715.727710970663,4.0
JSON_04657,Cables,Paris-05,2023-05-31,332.55726819022266,2.0
JSON_04660,Monitor,NYC-02,2023-05-04,4365.158152518366,3.0
JSON_04661,Keyboard,NYC-02,2023-04-04,3264.2767730385935,4.0
JSON_04662,Monitor,Paris-05,2023-02-05,1373.2956623956027,1.0
JSON_04665,Keyboard,London-01,2023-01-01,1875.9306800626093,4.0
JSON_04666,Keyboard,NYC-02,2023-02-20,4702.931278434524,4.0
JSON_04667,TV,Paris-05,2023-01-07,2083.1932025256165,2.0
JSON_04668,Laptop,Tokyo-04,2023-01-12,818.8021100103805,2.0
JSON_04669,Keyboard,Paris-05,2023-04-21,5934.420177125357,4.0
JSON_04671,Laptop,Tokyo-04,2023-03-25,1897.3697943236143,4.0
JSON_04673,Monitor,Berlin-03,2023-04-26,1025.5465287257437,1.0
JSON_04674,Phone,NYC-02,2023-04-28,2102.246295472818,2.0
JSON_04675,Laptop,Berlin-03,2023-01-11,3471.5956749687416,3.0
JSON_04676,Laptop,Paris-05,2023-04-24,329.1996102643142,1.0
JSON_04677,Keyboard,Berlin-03,2023-03-30,1459.9131615313288,2.0
JSON_04678,Cables,London-01,2023-04-23,1551.1536555720822,4.0
JSON_04679,Phone,Berlin-03,2023-06-12,2777.4345353177823,2.0
JSON_04681,Laptop,Tokyo-04,2023-05-25,1362.456116986362,1.0
JSON_04683,TV,Tokyo-04,2023-03-30,1545.9342939513447,2.0
JSON_04685,Laptop,NYC-02,2023-05-27,4255.038826913216,3.0
JSON_04686,Mouse,London-01,2023-05-20,4594.45165231335,4.0
JSON_04687,Keyboard,Paris-05,2023-06-04,1308.3504749104857,1.0
JSON_04688,Monitor,NYC-02,2023-04-16,374.4710625240637,3.0
JSON_04689,Monitor,NYC-02,2023-02-23,283.8657708254385,2.0
JSON_04690,Laptop,Paris-05,2023-02-21,1963.9581371521413,3.0
JSON_04691,Laptop,Paris-05,2023-04-21,1226.120915474008,1.0
JSON_04692,Monitor,Paris-05,2023-06-05,1175.0197949955755,4.0
JSON_04694,Phone,Tokyo-04,2023-02-27,1615.795390375264,2.0
JSON_04695,Mouse,London-01,2023-01-04,911.2720921503599,1.0
JSON_04696,Mouse,London-01,2023-03-12,231.11066272009424,1.0
JSON_04697,TV,Berlin-03,2023-05-19,2230.019330253608,3.0
JSON_04698,TV,Paris-05,2023-03-06,3152.226805059947,4.0
JSON_04699,TV,Tokyo-04,2023-04-12,2127.164368729961,4.0
JSON_04700,Monitor,Berlin-03,2023-01-04,2107.4782364717203,2.0
JSON_04704,Monitor,Berlin-03,2023-05-02,1444.2021473865668,3.0
JSON_04705,Monitor,Paris-05,2023-04-10,750.0134519273837,1.0
JSON_04706,Phone,Berlin-03,2023-02-08,1091.4558339627333,2.0
JSON_04707,Mouse,NYC-02,2023-01-29,5260.073949344428,4.0
JSON_04711,Keyboard,Berlin-03,2023-06-23,2713.6759836194587,2.0
JSON_04712,Cables,NYC-02,2023-04-23,1277.197435369038,1.0
JSON_04713,Keyboard,Tokyo-04,2023-01-18,2729.3011542680815,2.0
JSON_04715,Monitor,Paris-05,2023-01-03,730.9909388308545,1.0
JSON_04716,Phone,Paris-05,2023-01-12,4201.501778828647,3.0
JSON_04717,Mouse,Tokyo-04,2023-05-20,2093.3006614347814,4.0
JSON_04720,Laptop,Berlin-03,2023-04-19,1054.9461475200785,3.0
JSON_04724,Monitor,Paris-05,2023-05-23,841.6898884739636,1.0
JSON_04725,Mouse,London-01,2023-02-05,929.7493296422131,4.0
JSON_04727,TV,Paris-05,2023-05-12,2321.0630751314266,4.0
JSON_04728,Keyboard,Tokyo-04,2023-03-15,4497.544307361748,4.0
JSON_04729,TV,Paris-05,2023-01-15,2609.7094023587492,2.0
JSON_04730,Laptop,NYC-02,2023-03-14,2903.423088703532,2.0
JSON_04731,Keyboard,Paris-05,2023-06-14,827.6782466648538,1.0
JSON_04732,Monitor,Berlin-03,2023-03-26,1276.2290102638385,2.0
JSON_04736,Laptop,London-01,2023-03-12,1527.1071428679252,4.0
JSON_04737,TV,Tokyo-04,2023-02-25,4193.890882633445,4.0
JSON_04738,Keyboard,Berlin-03,2023-06-06,4323.107982035046,3.0
JSON_04739,Keyboard,London-01,2023-01-27,1350.1946847835127,1.0
JSON_04740,Phone,NYC-02,2023-04-08,866.8764189634267,1.0
JSON_04741,TV,Berlin-03,2023-06-09,1401.8242350160922,1.0
JSON_04742,Keyboard,Tokyo-04,2023-03-06,765.0760585247109,2.0
JSON_04745,Phone,Paris-05,2023-04-12,404.00317210774864,1.0
JSON_04746,Laptop,Berlin-03,2023-06-09,2340.9974443816213,3.0
JSON_04748,Monitor,NYC-02,2023-03-08,2989.8035322657083,3.0
JSON_04749,Cables,London-01,2023-03-21,2978.938182978912,2.0
JSON_04750,Monitor,Tokyo-04,2023-01-06,3437.0289590558396,4.0
JSON_04752,Laptop,Berlin-03,2023-06-17,487.4420808279602,1.0
JSON_04754,Cables,NYC-02,2023-01-05,823.6409892188806,3.0
JSON_04757,Laptop,Paris-05,2023-02-13,4392.696070963619,3.0
JSON_04758,Laptop,London-01,2023-01-01,804.0907340176894,1.0
JSON_04759,TV,Berlin-03,2023-02-05,2035.9946369702186,4.0
JSON_04761,Keyboard,Tokyo-04,2023-04-28,4352.561644008502,4.0
JSON_04763,Monitor,Paris-05,2023-06-06,254.99422325253005,1.0
JSON_04764,Keyboard,London-01,2023-06-05,655.9871981619355,1.0
JSON_04765,Monitor,Tokyo-04,2023-02-23,2747.795984355993,2.0
JSON_04767,Laptop,Paris-05,2023-03-28,393.39344758195875,4.0
JSON_04769,Phone,NYC-02,2023-04-11,1227.1540473698792,1.0
JSON_04770,TV,Berlin-03,2023-01-13,861.803082936977,3.0
JSON_04772,Laptop,Tokyo-04,2023-02-07,485.0382879240987,1.0
JSON_04773,Phone,Berlin-03,2023-02-18,1633.5419880774098,3.0
JSON_04775,Mouse,Berlin-03,2023-05-23,1695.3890364284505,4.0
JSON_04777,Phone,Paris-05,2023-02-10,1156.6253125432675,1.0
JSON_04778,Cables,Paris-05,2023-02-07,5860.698080058587,4.0
JSON_04779,Laptop,NYC-02,2023-01-22,3426.753763021171,3.0
JSON_04780,Cables,Paris-05,2023-04-29,912.635167208929,4.0
JSON_04781,Keyboard,Berlin-03,2023-06-04,3521.393811468935,4.0
JSON_04782,TV,Tokyo-04,2023-05-21,1370.491997494042,2.0
JSON_04783,Laptop,Berlin-03,2023-02-21,3671.3758609072966,4.0
JSON_04784,TV,Berlin-03,2023-01-26,2159.830382270305,2.0
JSON_04785,Laptop,London-01,2023-02-14,78.31745643053259,1.0
JSON_04787,Laptop,Berlin-03,2023-02-04,4172.9038344836645,3.0
JSON_04788,Mouse,Berlin-03,2023-04-03,2733.6316894829647,2.0
JSON_04790,Cables,Tokyo-04,2023-05-26,1060.578061120705,3.0
JSON_04791,TV,Paris-05,2023-03-24,1351.579005323166,1.0
JSON_04792,Phone,Paris-05,2023-04-15,704.5153533092962,1.0
JSON_04794,TV,Berlin-03,2023-06-04,536.898017115838,2.0
JSON_04795,Keyboard,London-01,2023-01-31,1914.4523159274,2.0
JSON_04796,Cables,NYC-02,2023-01-10,2412.6470220806073,2.0
JSON_04797,Cables,NYC-02,2023-05-07,3601.533881513526,3.0
JSON_04801,Phone,NYC-02,2023-04-05,2107.231573475792,3.0
JSON_04803,Mouse,Paris-05,2023-01-19,2678.05928809852,4.0
JSON_04804,TV,Paris-05,2023-01-01,926.3536098314322,3.0
JSON_04806,Mouse,Paris-05,2023-05-17,515.1913220154333,2.0
JSON_04807,TV,Berlin-03,2023-06-11,1174.6561167360599,1.0
JSON_04808,Cables,Paris-05,2023-02-21,5936.6290629335135,4.0
JSON_04809,Phone,Paris-05,2023-01-31,495.4521608936262,1.0
JSON_04810,TV,NYC-02,2023-06-25,1410.7842613514354,3.0
JSON_04813,Mouse,NYC-02,2023-01-19,1148.4465678586396,1.0
JSON_04814,Cables,Berlin-03,2023-06-11,2733.9552489501657,3.0
JSON_04815,Phone,Tokyo-04,2023-05-01,725.0154081054367,4.0
JSON_04816,Keyboard,Tokyo-04,2023-04-03,382.89005297438916,2.0
JSON_04818,Mouse,Tokyo-04,2023-04-14,5255.679673763174,4.0
JSON_04819,Laptop,London-01,2023-06-09,1033.5729967153316,1.0
JSON_04820,Keyboard,NYC-02,2023-03-31,714.6541801965753,3.0
JSON_04821,Cables,Paris-05,2023-04-24,3627.064477574996,3.0
JSON_04822,Monitor,Berlin-03,2023-04-08,1203.9014438333943,3.0
JSON_04823,Mouse,London-01,2023-04-25,3531.5152537004797,3.0
JSON_04824,Mouse,Tokyo-04,2023-02-18,2104.3971989899796,4.0
JSON_04827,Phone,Paris-05,2023-03-02,230.24172338163174,1.0
JSON_04828,Phone,NYC-02,2023-05-05,782.184932108836,1.0
JSON_04830,Monitor,Berlin-03,2023-06-06,1812.268114258853,2.0
JSON_04831,Cables,Paris-05,2023-03-24,106.53364957747881,2.0
JSON_04832,Phone,Tokyo-04,2023-04-30,3829.06751061245,3.0
JSON_04833,Phone,Berlin-03,2023-04-23,422.62631060684964,1.0
JSON_04834,Phone,London-01,2023-05-27,974.7118502750691,3.0
JSON_04835,TV,London-01,2023-01-24,2074.724678111921,4.0
JSON_04836,Mouse,Berlin-03,2023-03-09,393.2620334378138,2.0
JSON_04841,TV,Tokyo-04,2023-05-31,5438.210494750248,4.0
JSON_04842,Keyboard,London-01,2023-02-06,819.90334332522,2.0
JSON_04844,Laptop,Berlin-03,2023-03-01,2126.8132090768013,4.0
JSON_04845,Mouse,Tokyo-04,2023-06-25,3143.5526893160713,3.0
JSON_04846,Cables,Berlin-03,2023-04-12,1336.2378145044513,1.0
JSON_04847,Cables,Berlin-03,2023-05-07,1846.0649627624996,2.0
JSON_04848,Mouse,Berlin-03,2023-01-03,281.8173527705138,2.0
JSON_04849,Mouse,London-01,2023-05-28,1601.036592138771,2.0
JSON_04850,Laptop,Tokyo-04,2023-06-19,1497.6138094186783,1.0
JSON_04851,Phone,London-01,2023-06-23,880.9438059953292,2.0
JSON_04855,Cables,Paris-05,2023-03-24,137.91349685579712,2.0
JSON_04856,Cables,London-01,2023-01-07,835.7484863923278,4.0
JSON_04858,TV,NYC-02,2023-06-10,820.1729098039164,1.0
JSON_04859,Keyboard,Tokyo-04,2023-06-11,1889.4036525353836,4.0
JSON_04860,Laptop,London-01,2023-01-24,472.91604955379347,2.0
JSON_04862,Laptop,Berlin-03,2023-01-31,227.1853046523951,1.0
JSON_04863,Keyboard,Tokyo-04,2023-01-06,930.7717033356687,1.0
JSON_04865,Keyboard,NYC-02,2023-05-24,5304.363649549293,4.0
JSON_04867,Monitor,Berlin-03,2023-03-18,739.4515189657658,1.0
JSON_04868,Mouse,Berlin-03,2023-06-11,2309.2304146819156,3.0
JSON_04869,Phone,NYC-02,2023-03-07,774.7405930790684,2.0
JSON_04871,Keyboard,London-01,2023-03-23,971.660680961758,1.0
JSON_04872,Cables,Berlin-03,2023-01-17,2012.6078685428693,2.0
JSON_04874,Mouse,Berlin-03,2023-02-20,258.0296725380622,3.0
JSON_04875,TV,London-01,2023-05-18,3139.195344537861,4.0
JSON_04876,Phone,London-01,2023-04-21,2982.6363546703337,2.0
JSON_04877,Phone,London-01,2023-05-29,5633.2780041850965,4.0
JSON_04879,Cables,NYC-02,2023-06-17,2214.831581269385,2.0
JSON_04881,Laptop,Paris-05,2023-01-24,3179.7687918756546,3.0
JSON_04883,Laptop,Tokyo-04,2023-06-08,328.49079186920807,1.0
JSON_04884,Keyboard,NYC-02,2023-02-25,5322.464244045851,4.0
JSON_04885,Monitor,London-01,2023-06-09,986.560016508113,1.0
JSON_04887,TV,Tokyo-04,2023-02-06,238.90426225553202,2.0
JSON_04888,Laptop,Berlin-03,2023-02-06,1521.8560611040677,2.0
JSON_04889,Phone,London-01,2023-05-23,3126.9229235241246,4.0
JSON_04891,Keyboard,Paris-05,2023-03-27,1277.3397523008557,1.0
JSON_04893,Keyboard,Tokyo-04,2023-06-04,688.4047977191386,1.0
JSON_04894,Monitor,NYC-02,2023-02-17,3403.8158730145806,3.0
JSON_04895,Keyboard,Berlin-03,2023-05-07,370.8309349544141,2.0
JSON_04897,Laptop,Tokyo-04,2023-06-06,679.591490567287,1.0
JSON_04898,Phone,Tokyo-04,2023-04-14,1914.3619988004455,2.0
JSON_04902,Keyboard,NYC-02,2023-01-10,2339.7271107838824,2.0
JSON_04905,Phone,Tokyo-04,2023-05-23,3240.614397059604,3.0
JSON_04906,Laptop,NYC-02,2023-04-13,2700.112799813883,2.0
JSON_04907,Monitor,London-01,2023-03-10,1277.8124393136623,1.0
JSON_04908,Mouse,Paris-05,2023-01-15,5006.238465835633,4.0
JSON_04909,Phone,Berlin-03,2023-02-07,2550.003012368287,2.0
JSON_04910,Mouse,NYC-02,2023-06-02,3912.200818864359,4.0
JSON_04911,Keyboard,Paris-05,2023-02-01,967.7709403891274,3.0
JSON_04913,Phone,NYC-02,2023-04-11,545.6743894226288,2.0
JSON_04914,TV,London-01,2023-04-22,1480.665030664574,2.0
JSON_04915,Phone,Paris-05,2023-04-14,1331.9658586848066,1.0
JSON_04916,Cables,Paris-05,2023-04-01,1192.4232474697176,1.0
JSON_04917,TV,Tokyo-04,2023-02-18,2323.1906459750126,2.0
JSON_04918,Mouse,Tokyo-04,2023-04-09,1076.3997075062389,3.0
JSON_04919,Keyboard,London-01,2023-05-28,1019.5614802269467,1.0
JSON_04920,Monitor,Berlin-03,2023-05-31,336.03696825207885,2.0
JSON_04922,Monitor,London-01,2023-06-26,5783.382413319079,4.0
JSON_04925,Cables,Paris-05,2023-05-19,512.543720877551,4.0
JSON_04926,TV,Tokyo-04,2023-05-05,1173.347139706137,1.0
JSON_04929,Phone,Tokyo-04,2023-02-10,2295.484569640832,3.0
JSON_04930,Keyboard,London-01,2023-05-13,530.7151519956706,1.0
JSON_04931,TV,London-01,2023-01-04,1566.938501131271,2.0
JSON_04932,Laptop,Tokyo-04,2023-04-09,2928.604534505494,2.0
JSON_04933,Keyboard,Berlin-03,2023-05-07,488.2140843160949,4.0
JSON_04935,Laptop,Tokyo-04,2023-01-01,5432.349315300918,4.0
JSON_04936,Laptop,Tokyo-04,2023-01-07,3890.5821811978312,4.0
JSON_04937,Monitor,London-01,2023-05-13,2976.3847062183545,2.0
JSON_04939,Laptop,Paris-05,2023-04-17,500.64459986282895,1.0
JSON_04940,Monitor,Paris-05,2023-03-17,113.48668497131862,1.0
JSON_04942,Cables,Berlin-03,2023-05-29,920.2932017017338,1.0
JSON_04944,Laptop,NYC-02,2023-04-12,2448.9440701476633,3.0
JSON_04945,Keyboard,Tokyo-04,2023-04-04,1247.7733155930105,3.0
JSON_04946,TV,NYC-02,2023-05-09,1414.7308354981133,3.0
JSON_04947,Cables,Tokyo-04,2023-05-07,1222.1429647833766,2.0
JSON_04948,Phone,London-01,2023-05-29,3047.9590951080245,3.0
JSON_04949,Laptop,London-01,2023-06-11,1190.8569635415113,3.0
JSON_04950,Keyboard,London-01,2023-05-31,2501.6350120895604,2.0
JSON_04951,Cables,Paris-05,2023-01-27,66.29652486479654,1.0
JSON_04952,TV,Paris-05,2023-03-03,3725.8439209234566,4.0
JSON_04956,TV,NYC-02,2023-01-07,2303.8738351010834,4.0
JSON_04957,Monitor,London-01,2023-03-24,1012.9141698710063,1.0
JSON_04958,Cables,Berlin-03,2023-01-24,3753.219170503444,3.0
JSON_04959,TV,Berlin-03,2023-04-04,1319.243972807309,2.0
JSON_04960,Monitor,London-01,2023-03-13,844.1313696601009,4.0
JSON_04962,Keyboard,Berlin-03,2023-06-18,1989.6185587941015,2.0
JSON_04963,Cables,Tokyo-04,2023-04-11,1381.116763399891,1.0
JSON_04964,Monitor,Tokyo-04,2023-02-06,1257.5068228194132,4.0
JSON_04965,Laptop,Tokyo-04,2023-02-22,191.66930314056495,1.0
JSON_04967,Laptop,NYC-02,2023-02-12,349.0881886360338,4.0
JSON_04970,Keyboard,Tokyo-04,2023-05-26,3347.230426150234,3.0
JSON_04972,Laptop,Tokyo-04,2023-05-26,2785.3420137948187,4.0
JSON_04974,Phone,London-01,2023-06-09,1235.8773424376238,1.0
JSON_04977,Monitor,Paris-05,2023-04-16,3277.890980329367,3.0
JSON_04978,Keyboard,London-01,2023-01-11,3001.9863341446785,4.0
JSON_04979,Cables,NYC-02,2023-01-05,100.89051759789092,2.0
JSON_04980,TV,Paris-05,2023-01-13,1278.8112269168612,1.0
JSON_04981,TV,London-01,2023-04-10,1106.048629075602,2.0
JSON_04982,Cables,London-01,2023-05-17,2544.1670735914217,3.0
JSON_04983,Mouse,London-01,2023-04-12,1868.1353132394775,2.0
JSON_04984,Monitor,London-01,2023-06-14,1928.810684209464,2.0
JSON_04986,Laptop,London-01,2023-01-20,437.9101671449916,2.0
JSON_04987,Mouse,Berlin-03,2023-04-29,3122.465631531099,3.0
JSON_04989,Keyboard,NYC-02,2023-01-12,813.6279543614287,2.0
JSON_04990,TV,Berlin-03,2023-06-04,1979.3864061722252,3.0
JSON_04992,Monitor,NYC-02,2023-01-28,4661.605799217647,4.0
CSV_00000,Mouse,Tokyo-04,2023-12-07,1618.2893529772482,1.0
CSV_00001,Keyboard,Paris-05,2023-09-08,179.22467666722662,1.0
CSV_00002,Cables,Paris-05,2023-11-05,1088.4988936977809,1.0
CSV_00003,TV,Tokyo-04,2023-08-26,10549.57827437863,7.0
CSV_00004,Mouse,London-01,2023-07-01,12030.167454669518,8.0
CSV_00005,Keyboard,NYC-02,2023-11-01,8683.5876679689,9.0
CSV_00006,Laptop,Tokyo-04,2023-08-14,3746.8543203456716,9.0
CSV_00007,Phone,Paris-05,2023-11-07,5132.3406679944455,8.0
CSV_00008,Laptop,NYC-02,2023-12-23,1749.360390426095,7.0
CSV_00010,Keyboard,Tokyo-04,2023-07-10,3127.04353536036,3.0
CSV_00011,Laptop,NYC-02,2023-08-30,617.2354001414403,1.0
CSV_00012,Laptop,Paris-05,2023-09-18,1838.9204269152503,1.0
CSV_00013,Cables,London-01,2023-07-10,9862.31335835603,6.0
CSV_00014,Phone,Berlin-03,2023-09-24,2597.1096844836866,4.0
CSV_00015,Phone,NYC-02,2023-07-30,5638.73939348518,7.0
CSV_00016,TV,Berlin-03,2023-10-14,1959.1875158695336,1.0
CSV_00017,Mouse,London-01,2023-08-19,587.0266457948456,2.0
CSV_00018,Laptop,London-01,2023-11-07,1445.2255596218515,1.0
CSV_00019,Cables,Tokyo-04,2023-11-14,17150.887465602733,9.0
CSV_00020,Monitor,Paris-05,2023-10-25,7449.527518223376,4.0
CSV_00021,Mouse,NYC-02,2023-08-19,1575.4683635892789,3.0
CSV_00023,Mouse,London-01,2023-11-12,7026.126677061474,7.0
CSV_00024,Keyboard,Berlin-03,2023-09-26,3553.018508873593,2.0
CSV_00025,Monitor,NYC-02,2023-11-10,11772.00321134746,9.0
CSV_00026,Keyboard,NYC-02,2023-12-17,1468.1538766769631,3.0
CSV_00027,Monitor,Tokyo-04,2023-10-25,33.28768449893636,7.0
CSV_00028,Keyboard,Berlin-03,2023-12-12,2518.4748464020813,3.0
CSV_00029,Laptop,Paris-05,2023-11-22,5923.718687776722,8.0
CSV_00031,Laptop,Berlin-03,2023-12-01,2560.703454685661,6.0
CSV_00032,Phone,Berlin-03,2023-11-02,317.81944592758714,2.0
CSV_00033,Laptop,Tokyo-04,2023-11-08,5453.207981171827,9.0
CSV_00035,TV,Berlin-03,2023-08-14,4344.799883913236,3.0
CSV_00036,Laptop,Tokyo-04,2023-07-06,7263.629694180114,4.0
CSV_00037,Mouse,NYC-02,2023-10-06,8495.497347344295,9.0
CSV_00038,Cables,Tokyo-04,2023-08-01,2503.469493303285,4.0
CSV_00039,Monitor,Tokyo-04,2023-11-03,3195.4066744729225,6.0
CSV_00041,Laptop,Tokyo-04,2023-11-20,8899.60724829032,5.0
CSV_00042,Mouse,Paris-05,2023-10-17,765.648124156246,4.0
CSV_00043,Monitor,Berlin-03,2023-09-11,1288.2391546436604,1.0
CSV_00044,Laptop,Berlin-03,2023-10-15,7391.592325551192,4.0
CSV_00047,Phone,Berlin-03,2023-07-28,4226.658409536116,5.0
CSV_00048,TV,London-01,2023-08-26,1156.2184900886464,1.0
CSV_00049,Mouse,Berlin-03,2023-10-15,3667.057147758755,2.0
CSV_00050,TV,London-01,2023-11-06,10818.384523954559,9.0
CSV_00051,Monitor,NYC-02,2023-09-11,13766.103045932949,8.0
CSV_00052,Mouse,Tokyo-04,2023-08-04,8309.362410181504,6.0
CSV_00054,Laptop,Paris-05,2023-09-05,4851.925635823464,3.0
CSV_00055,Keyboard,NYC-02,2023-12-13,10630.973650771322,8.0
CSV_00056,Mouse,NYC-02,2023-11-04,1941.5618013394583,4.0
CSV_00058,Mouse,Tokyo-04,2023-10-15,2960.222757884428,5.0
CSV_00060,Cables,Berlin-03,2023-08-05,442.31490981277,1.0
CSV_00062,Laptop,Tokyo-04,2023-11-25,1174.9896838231962,1.0
CSV_00063,Monitor,Berlin-03,2023-08-01,1666.446307287949,8.0
CSV_00064,Laptop,Tokyo-04,2023-10-29,3589.8099035067817,2.0
CSV_00065,Laptop,Berlin-03,2023-10-20,5380.989191661029,3.0
CSV_00066,Keyboard,Paris-05,2023-12-24,595.3439284239169,1.0
CSV_00067,Laptop,Paris-05,2023-11-19,1307.4648074579627,2.0
CSV_00068,Keyboard,NYC-02,2023-11-30,710.132797880518,1.0
CSV_00069,Cables,Berlin-03,2023-08-11,514.4994633558172,6.0
CSV_00071,Monitor,NYC-02,2023-08-26,4716.108140338498,3.0
CSV_00072,Keyboard,Paris-05,2023-12-17,5080.796064694562,5.0
CSV_00073,Monitor,Berlin-03,2023-10-21,729.19323227115,1.0
CSV_00075,Laptop,NYC-02,2023-08-12,2535.792439194239,3.0
CSV_00076,Phone,Berlin-03,2023-10-03,4021.5448264141914,3.0
CSV_00077,Cables,London-01,2023-10-29,3057.9360045298163,4.0
CSV_00078,Monitor,NYC-02,2023-07-18,6987.759142394922,6.0
CSV_00079,Phone,Berlin-03,2023-10-23,108.89904608796417,3.0
CSV_00080,Laptop,Berlin-03,2023-10-18,10753.389505381912,9.0
CSV_00081,Mouse,NYC-02,2023-12-06,4976.14097421962,6.0
CSV_00082,Laptop,London-01,2023-12-19,17912.59132934053,9.0
CSV_00083,TV,London-01,2023-12-17,4136.773766768954,4.0
CSV_00085,Phone,NYC-02,2023-12-09,1057.2592380956116,5.0
CSV_00086,Mouse,Tokyo-04,2023-08-04,1311.7844319458065,7.0
CSV_00088,Mouse,Berlin-03,2023-10-24,9952.44090342975,7.0
CSV_00089,Cables,Berlin-03,2023-09-17,4211.304822573928,3.0
CSV_00090,Laptop,NYC-02,2023-10-21,3537.842689881758,5.0
CSV_00091,Cables,London-01,2023-10-03,7205.282882278372,6.0
CSV_00092,Phone,Paris-05,2023-11-04,7871.890891374434,7.0
CSV_00093,Monitor,Berlin-03,2023-08-07,810.4153887456037,6.0
CSV_00095,Monitor,NYC-02,2023-10-05,3412.1060424347515,2.0
CSV_00097,Phone,London-01,2023-11-02,8436.791729880386,8.0
CSV_00098,Keyboard,NYC-02,2023-11-29,7737.7863485100925,8.0
CSV_00099,Cables,Paris-05,2023-09-11,10467.686515598043,7.0
CSV_00100,Laptop,Tokyo-04,2023-10-21,1134.8034248143786,1.0
CSV_00101,Mouse,NYC-02,2023-12-07,7913.0405941111085,4.0
CSV_00102,Laptop,Tokyo-04,2023-09-26,13897.264175371021,7.0
CSV_00104,Cables,Tokyo-04,2023-12-03,3391.1261435737306,9.0
CSV_00105,Monitor,London-01,2023-12-13,3804.380675599667,2.0
CSV_00107,Cables,London-01,2023-10-07,10857.169049367825,6.0
CSV_00109,Cables,Berlin-03,2023-09-25,153.64165928913553,8.0
CSV_00110,Keyboard,NYC-02,2023-09-17,2940.0223661950904,3.0
CSV_00111,Keyboard,Berlin-03,2023-10-25,371.75081927684846,2.0
CSV_00113,Cables,Paris-05,2023-11-20,246.8908048008416,5.0
CSV_00115,TV,London-01,2023-11-10,11593.687307311558,8.0
CSV_00116,Cables,London-01,2023-09-15,1996.3127824739815,1.0
CSV_00117,TV,Paris-05,2023-07-25,2555.555670252873,2.0
CSV_00118,Laptop,NYC-02,2023-08-29,8436.397915684855,5.0
CSV_00119,Laptop,Berlin-03,2023-11-24,808.9625081615894,8.0
CSV_00120,TV,Berlin-03,2023-07-05,3676.948063448106,3.0
CSV_00123,Keyboard,London-01,2023-10-09,1298.3895793763077,1.0
CSV_00124,Cables,Paris-05,2023-07-13,586.8793155999729,1.0
CSV_00125,Phone,Tokyo-04,2023-08-23,77.63654886376969,1.0
CSV_00126,Mouse,Berlin-03,2023-07-31,1926.7430318586794,3.0
CSV_00127,Phone,Tokyo-04,2023-07-03,6036.722471241827,5.0
CSV_00130,Laptop,NYC-02,2023-11-19,4339.063613145882,3.0
CSV_00131,Cables,Berlin-03,2023-12-10,548.0082447706354,4.0
CSV_00134,Phone,Paris-05,2023-09-25,2455.0769215707014,5.0
CSV_00135,Phone,London-01,2023-10-05,3637.7524132318413,9.0
CSV_00137,Monitor,NYC-02,2023-09-18,3699.090802127616,4.0
CSV_00138,Keyboard,London-01,2023-11-20,11147.610767378595,6.0
CSV_00139,Monitor,Berlin-03,2023-10-08,7799.402545648043,4.0
CSV_00140,Monitor,Paris-05,2023-11-19,1950.6258219247202,7.0
CSV_00142,Mouse,Berlin-03,2023-09-15,5321.194557478884,6.0
CSV_00143,Cables,Paris-05,2023-10-27,9430.555756281352,8.0
CSV_00144,Mouse,Tokyo-04,2023-11-22,683.3917176080083,1.0
CSV_00145,TV,London-01,2023-07-25,2478.8757126672913,5.0
CSV_00146,Keyboard,Berlin-03,2023-07-20,4482.779477248264,3.0
CSV_00147,Cables,London-01,2023-12-15,13157.155119794148,7.0
CSV_00148,TV,NYC-02,2023-07-23,14675.053051758536,9.0
CSV_00149,Monitor,Berlin-03,2023-10-14,1190.657232085617,1.0
CSV_00152,Monitor,Tokyo-04,2023-07-10,1558.7948000633253,3.0
CSV_00153,Monitor,Tokyo-04,2023-09-18,7286.155984957253,6.0
CSV_00154,Laptop,London-01,2023-12-25,535.1548505333535,1.0
CSV_00156,Cables,Tokyo-04,2023-11-30,3747.336515388624,4.0
CSV_00157,Phone,Berlin-03,2023-12-15,1840.8921026991707,7.0
CSV_00158,Cables,NYC-02,2023-12-02,3311.93779522163,5.0
CSV_00159,Laptop,Berlin-03,2023-12-04,3368.777903429176,5.0
CSV_00160,Keyboard,Berlin-03,2023-11-10,1262.4353748038511,2.0
CSV_00163,TV,Berlin-03,2023-12-16,10443.23453793076,9.0
CSV_00167,Cables,Berlin-03,2023-09-12,172.00726861867884,2.0
CSV_00170,TV,Tokyo-04,2023-08-13,270.80235341241746,5.0
CSV_00171,Laptop,London-01,2023-07-23,566.403646945307,2.0
CSV_00172,Mouse,Paris-05,2023-09-27,684.4907887967864,7.0
CSV_00173,Phone,NYC-02,2023-07-17,2853.8829927697125,4.0
CSV_00174,Cables,Paris-05,2023-09-10,2268.662500630717,2.0
CSV_00177,TV,Tokyo-04,2023-08-26,12257.998773089692,7.0
CSV_00178,TV,Tokyo-04,2023-07-18,5877.48957893678,5.0
CSV_00179,Cables,Tokyo-04,2023-11-14,9222.311960020183,5.0
CSV_00180,Cables,Tokyo-04,2023-08-19,10483.28630793218,6.0
CSV_00181,Cables,Berlin-03,2023-11-17,6271.308516205425,4.0
CSV_00182,Keyboard,NYC-02,2023-07-21,6268.61136177973,6.0
CSV_00183,TV,Berlin-03,2023-11-20,542.6505985009587,3.0
CSV_00184,Laptop,Tokyo-04,2023-10-12,3347.745783039157,8.0
CSV_00185,Phone,Berlin-03,2023-07-01,14566.969971599754,9.0
CSV_00186,Laptop,London-01,2023-07-09,9298.723628183698,5.0
CSV_00187,Phone,NYC-02,2023-11-02,12407.226967916498,8.0
CSV_00188,Monitor,Berlin-03,2023-08-28,4282.9242817984905,3.0
CSV_00189,Monitor,Berlin-03,2023-10-17,139.66328668577194,2.0
CSV_00190,Monitor,London-01,2023-09-14,864.873639933977,5.0
CSV_00191,Laptop,Berlin-03,2023-11-09,1143.4097034791016,6.0
CSV_00192,Cables,Paris-05,2023-07-04,4663.5522400930495,8.0
CSV_00193,Monitor,Paris-05,2023-10-07,1563.3387933601487,3.0
CSV_00196,Monitor,Tokyo-04,2023-10-26,5636.568263267007,3.0
CSV_00198,Laptop,NYC-02,2023-12-09,2679.993185630635,3.0
CSV_00199,Laptop,NYC-02,2023-11-07,584.1148118300748,1.0
CSV_00201,Laptop,London-01,2023-11-14,4625.23910383704,4.0
CSV_00202,Laptop,Paris-05,2023-08-21,12862.174509425438,9.0
CSV_00203,TV,Berlin-03,2023-10-01,2807.0001720067357,3.0
CSV_00204,Phone,London-01,2023-09-23,7414.113836243198,7.0
CSV_00205,Cables,Berlin-03,2023-08-14,5464.70313872791,7.0
CSV_00206,Mouse,Paris-05,2023-08-23,3665.1686319837563,3.0
CSV_00207,Keyboard,NYC-02,2023-07-16,5171.806008573495,3.0
CSV_00210,Laptop,Tokyo-04,2023-09-23,6109.631143819131,6.0
CSV_00211,Phone,Tokyo-04,2023-11-10,4713.96446532439,5.0
CSV_00212,Mouse,Paris-05,2023-11-07,14292.839628541149,9.0
CSV_00213,Monitor,Tokyo-04,2023-11-02,11803.342744904407,8.0
CSV_00214,Phone,Paris-05,2023-11-29,2544.6350684146955,4.0
CSV_00218,Phone,Paris-05,2023-09-15,7781.175217220604,9.0
CSV_00219,Keyboard,Paris-05,2023-10-29,1425.5149196953275,2.0
CSV_00220,Keyboard,Tokyo-04,2023-08-21,479.6885118528112,3.0
CSV_00221,Phone,Tokyo-04,2023-08-06,2394.507558016504,7.0
CSV_00222,Cables,Tokyo-04,2023-08-06,12236.387659557728,7.0
CSV_00223,Monitor,Tokyo-04,2023-11-28,3463.076670445158,2.0
CSV_00224,Keyboard,London-01,2023-12-16,598.0891129237807,2.0
CSV_00226,TV,Berlin-03,2023-10-14,6350.529212569022,5.0
CSV_00227,Phone,Tokyo-04,2023-10-17,5292.134502761215,5.0
CSV_00229,Mouse,NYC-02,2023-08-16,2085.0656681952423,8.0
CSV_00230,TV,Tokyo-04,2023-07-12,1595.8657325052814,2.0
CSV_00231,Keyboard,NYC-02,2023-09-12,8107.97997441324,5.0
CSV_00233,Laptop,London-01,2023-12-16,499.97354035142325,8.0
CSV_00236,Mouse,London-01,2023-10-22,4646.423415719524,3.0
CSV_00237,TV,NYC-02,2023-09-13,2895.8033845291716,3.0
CSV_00238,Cables,Paris-05,2023-07-14,13458.958615390386,9.0
CSV_00239,TV,London-01,2023-11-08,1804.9203137708223,1.0
CSV_00240,Cables,London-01,2023-07-21,2325.1297474654684,4.0
CSV_00241,Monitor,Paris-05,2023-07-18,6717.54690633996,9.0
CSV_00242,TV,Berlin-03,2023-10-16,645.6637059920208,1.0
CSV_00243,TV,Tokyo-04,2023-07-25,5604.208510957422,3.0
CSV_00244,TV,Tokyo-04,2023-09-30,1700.0909206456545,1.0
CSV_00245,Keyboard,Paris-05,2023-09-07,2758.771382431896,9.0
CSV_00246,Mouse,Berlin-03,2023-10-29,3397.6079629304368,2.0
CSV_00247,Monitor,Paris-05,2023-10-24,3555.3149423992386,5.0
CSV_00250,Keyboard,London-01,2023-11-20,7833.608390640032,8.0
CSV_00251,Keyboard,London-01,2023-09-14,13402.98772650849,7.0
CSV_00252,Mouse,NYC-02,2023-10-16,6768.602543905126,7.0
CSV_00254,Mouse,NYC-02,2023-09-10,5696.581966118765,4.0
CSV_00255,Monitor,Paris-05,2023-09-16,3061.01424692357,3.0
CSV_00256,Phone,Tokyo-04,2023-07-03,1271.3349918277959,2.0
CSV_00257,Laptop,NYC-02,2023-12-08,523.9449983678994,2.0
CSV_00258,Cables,London-01,2023-08-08,5466.673699916383,3.0
CSV_00259,Laptop,Tokyo-04,2023-10-06,1052.2242614983786,1.0
CSV_00261,TV,NYC-02,2023-07-28,5366.316005171893,6.0
CSV_00262,TV,Paris-05,2023-08-01,5967.360388912227,4.0
CSV_00263,Cables,Paris-05,2023-12-20,2389.105732830095,3.0
CSV_00264,Laptop,Tokyo-04,2023-09-30,4397.378585244465,3.0
CSV_00265,Cables,Berlin-03,2023-09-30,4404.290241315501,7.0
CSV_00266,Cables,Paris-05,2023-12-04,1299.2333767459145,6.0
CSV_00267,TV,Berlin-03,2023-10-28,59.434759631500256,6.0
CSV_00268,Cables,NYC-02,2023-08-26,66.72556667128333,1.0
CSV_00269,Laptop,London-01,2023-10-27,919.41425710639,5.0
CSV_00271,Laptop,Paris-05,2023-10-05,13749.650341363442,8.0
CSV_00272,Keyboard,Tokyo-04,2023-08-28,6735.542638777827,6.0
CSV_00273,Mouse,NYC-02,2023-07-06,9643.979354309784,6.0
CSV_00274,Mouse,London-01,2023-09-18,11226.002630181367,6.0
CSV_00275,Mouse,Paris-05,2023-09-12,11685.267545905614,8.0
CSV_00276,Monitor,Berlin-03,2023-09-21,6959.122759653093,4.0
CSV_00277,Mouse,London-01,2023-11-19,1391.343147303925,2.0
CSV_00278,Phone,Tokyo-04,2023-11-09,1493.2853602165628,1.0
CSV_00279,Mouse,Paris-05,2023-10-05,3107.2555147987396,2.0
CSV_00280,Keyboard,London-01,2023-11-08,2024.0454272725563,3.0
CSV_00282,Monitor,Berlin-03,2023-11-18,5251.6237678545485,3.0
CSV_00283,TV,NYC-02,2023-09-25,6944.870589931408,7.0
CSV_00285,Phone,London-01,2023-11-14,6551.958061969786,4.0
CSV_00286,Mouse,London-01,2023-09-25,3090.4744752293996,2.0
CSV_00287,Phone,NYC-02,2023-10-12,2924.6740394112953,5.0
CSV_00288,Cables,Paris-05,2023-12-26,11417.913665591639,8.0
CSV_00290,Mouse,NYC-02,2023-07-08,1097.543572316907,1.0
CSV_00291,Monitor,Berlin-03,2023-09-03,7742.547445762635,4.0
CSV_00292,Monitor,NYC-02,2023-11-17,8327.101397400798,5.0
CSV_00293,Phone,Tokyo-04,2023-07-13,1803.6273850475864,3.0
CSV_00294,Keyboard,Tokyo-04,2023-09-19,5589.210379062663,4.0
CSV_00295,Monitor,NYC-02,2023-08-18,7846.973894715495,4.0
CSV_00296,Mouse,NYC-02,2023-12-24,6204.539379236887,4.0
CSV_00297,TV,Tokyo-04,2023-10-27,12962.121439912296,9.0
CSV_00298,Cables,Paris-05,2023-09-18,1318.678706166316,1.0
CSV_00299,Laptop,London-01,2023-07-02,747.2821832239397,1.0
CSV_00300,Monitor,Berlin-03,2023-09-07,9689.283742326264,5.0
CSV_00301,Phone,Tokyo-04,2023-09-20,1818.178611333296,1.0
CSV_00302,Laptop,Paris-05,2023-07-16,15920.292650031875,9.0
CSV_00303,Mouse,Berlin-03,2023-12-24,11521.099212956135,6.0
CSV_00304,Keyboard,NYC-02,2023-07-20,7355.597532640696,9.0
CSV_00306,Mouse,Paris-05,2023-08-29,5869.2027144485255,3.0
CSV_00308,Laptop,London-01,2023-07-26,11.858146800265104,3.0
CSV_00309,Keyboard,Berlin-03,2023-08-05,3289.4108342169247,7.0
CSV_00310,Phone,NYC-02,2023-10-26,1438.857165939498,6.0
CSV_00311,Phone,Paris-05,2023-07-12,14752.739406331615,8.0
CSV_00312,Laptop,London-01,2023-07-24,2385.3441330854375,3.0
CSV_00313,Cables,London-01,2023-08-14,2544.989662412764,6.0
CSV_00314,Keyboard,London-01,2023-07-06,3483.004790274891,2.0
CSV_00315,Monitor,Paris-05,2023-08-01,1549.8696042089773,6.0
CSV_00316,Keyboard,Tokyo-04,2023-12-13,961.9363021534205,4.0
CSV_00317,Mouse,Tokyo-04,2023-10-13,13198.84474483772,8.0
CSV_00318,Laptop,London-01,2023-12-27,2215.950998792702,3.0
CSV_00319,Keyboard,London-01,2023-10-01,175.03559775018743,5.0
CSV_00321,Mouse,London-01,2023-09-19,4194.52064747544,3.0
CSV_00322,Phone,London-01,2023-10-15,5235.448938170064,6.0
CSV_00323,TV,Tokyo-04,2023-09-05,7631.794591256963,9.0
CSV_00324,Monitor,Berlin-03,2023-07-11,2914.4334521567307,7.0
CSV_00326,Laptop,NYC-02,2023-08-22,612.6132082871634,1.0
CSV_00327,Mouse,NYC-02,2023-08-31,6800.5335225000135,5.0
CSV_00328,Phone,NYC-02,2023-10-31,1570.2054578926632,2.0
CSV_00329,Laptop,London-01,2023-08-22,7381.606764078109,9.0
CSV_00330,Monitor,Tokyo-04,2023-12-24,6565.412206887946,4.0
CSV_00332,Cables,Tokyo-04,2023-12-13,2219.83883071174,2.0
CSV_00333,Mouse,Tokyo-04,2023-10-27,7933.071943077981,4.0
CSV_00335,TV,Tokyo-04,2023-11-25,1724.2677891801918,2.0
CSV_00336,Phone,NYC-02,2023-11-04,7211.428740681327,5.0
CSV_00337,TV,London-01,2023-11-06,10733.90629526519,6.0
CSV_00338,Laptop,Berlin-03,2023-09-01,11442.983546721714,6.0
CSV_00339,Keyboard,Berlin-03,2023-10-07,9388.748007684504,9.0
CSV_00340,Monitor,Tokyo-04,2023-07-11,9603.669478411892,5.0
CSV_00341,TV,Berlin-03,2023-10-02,7777.916372882946,7.0
CSV_00342,Cables,Tokyo-04,2023-11-30,1481.7450659188275,3.0
CSV_00343,Keyboard,NYC-02,2023-08-16,14977.359706909501,9.0
CSV_00344,Mouse,London-01,2023-08-15,1761.0912917766927,4.0
CSV_00345,Monitor,London-01,2023-12-24,6945.179222023612,9.0
CSV_00347,Keyboard,Paris-05,2023-11-22,8006.119457608564,5.0
CSV_00348,Cables,Berlin-03,2023-10-25,1907.0880637693008,7.0
CSV_00349,TV,Paris-05,2023-12-26,7142.620061760377,4.0
CSV_00350,Monitor,Berlin-03,2023-10-28,9536.174677452498,7.0
CSV_00351,Monitor,London-01,2023-09-20,110.46415556281318,2.0
CSV_00352,TV,NYC-02,2023-12-20,2948.7672649693327,8.0
CSV_00353,TV,Berlin-03,2023-07-16,1218.2187793373428,3.0
CSV_00354,Cables,NYC-02,2023-12-26,4407.563855360857,3.0
CSV_00355,Keyboard,NYC-02,2023-10-08,3130.687841092783,6.0
CSV_00356,TV,Tokyo-04,2023-08-22,15189.255899785254,8.0
CSV_00358,Mouse,London-01,2023-09-18,1898.9357929186303,2.0
CSV_00359,Keyboard,Tokyo-04,2023-11-19,3834.535716051373,5.0
CSV_00360,Keyboard,Berlin-03,2023-09-14,2255.5990556131164,9.0
CSV_00362,Phone,Tokyo-04,2023-12-10,11691.380937479084,6.0
CSV_00363,Phone,NYC-02,2023-08-21,7319.693664683361,6.0
CSV_00365,Cables,NYC-02,2023-08-20,12227.87424688822,8.0
CSV_00366,Keyboard,London-01,2023-09-20,3359.734228512776,5.0
CSV_00367,Keyboard,Berlin-03,2023-07-31,1930.5366273656743,1.0
CSV_00368,Phone,NYC-02,2023-07-15,9105.204534988257,6.0
CSV_00370,TV,Berlin-03,2023-12-18,5925.487412932214,4.0
CSV_00371,Mouse,Paris-05,2023-11-05,4190.94442193602,4.0
CSV_00372,Cables,Tokyo-04,2023-09-18,11967.995606685196,7.0
CSV_00373,Phone,Berlin-03,2023-09-27,1404.5883795432642,2.0
CSV_00374,Phone,London-01,2023-09-29,1514.674500518568,7.0
CSV_00375,Laptop,NYC-02,2023-09-25,4119.1729301258465,6.0
CSV_00376,Monitor,NYC-02,2023-07-15,10449.729409075851,8.0
CSV_00379,Cables,London-01,2023-11-18,2936.365555834748,6.0
CSV_00380,Phone,Paris-05,2023-12-01,2809.8130039784323,2.0
CSV_00381,Laptop,Berlin-03,2023-07-26,8188.723882789404,5.0
CSV_00385,Keyboard,Paris-05,2023-12-22,8012.210956471399,6.0
CSV_00386,TV,London-01,2023-10-26,1875.259388878846,1.0
CSV_00388,Keyboard,Paris-05,2023-09-28,13613.508054267975,8.0
CSV_00389,Mouse,NYC-02,2023-12-25,14499.250851209927,9.0
CSV_00391,Cables,Tokyo-04,2023-11-11,2090.271209146483,4.0
CSV_00392,Phone,Berlin-03,2023-09-21,9201.818573676766,6.0
CSV_00393,Mouse,Berlin-03,2023-09-09,8406.251156947912,6.0
CSV_00394,Cables,Tokyo-04,2023-11-07,3703.5481915123105,4.0
CSV_00395,Laptop,Berlin-03,2023-09-10,4048.9452395817543,7.0
CSV_00397,Monitor,London-01,2023-11-09,2446.73569114522,8.0
CSV_00398,Laptop,Tokyo-04,2023-10-23,98.85230224716224,5.0
CSV_00401,Mouse,Paris-05,2023-09-11,4935.229090404575,3.0
CSV_00403,Cables,Paris-05,2023-10-08,5148.82199549788,9.0
CSV_00404,Cables,NYC-02,2023-07-29,1093.0717610281733,6.0
CSV_00405,Laptop,NYC-02,2023-10-25,902.1618624436765,2.0
CSV_00406,Cables,Berlin-03,2023-11-25,4201.674981112148,8.0
CSV_00407,Phone,London-01,2023-07-20,6057.509553182801,8.0
CSV_00410,Monitor,Berlin-03,2023-11-01,5511.665107956238,4.0
CSV_00411,Keyboard,Tokyo-04,2023-09-16,4401.74376038402,7.0
CSV_00412,TV,Paris-05,2023-08-06,159.46025612068502,1.0
CSV_00413,Phone,Berlin-03,2023-11-29,3000.216261566503,7.0
CSV_00414,Monitor,Paris-05,2023-12-13,1385.9420952401433,7.0
CSV_00415,Mouse,NYC-02,2023-12-21,734.7489934727136,6.0
CSV_00416,Monitor,NYC-02,2023-09-11,3588.008343539963,4.0
CSV_00417,Phone,Berlin-03,2023-10-29,3289.2733355059054,3.0
CSV_00418,Cables,NYC-02,2023-09-10,4603.289050289994,8.0
CSV_00419,Monitor,Paris-05,2023-12-01,4982.794392429933,6.0
CSV_00420,Mouse,NYC-02,2023-07-23,5749.182700707373,3.0
CSV_00421,Laptop,Berlin-03,2023-11-04,3561.7654349456916,2.0
CSV_00422,Keyboard,NYC-02,2023-07-11,3980.235610632328,2.0
CSV_00424,Phone,London-01,2023-11-06,4727.557570957452,5.0
CSV_00425,Keyboard,Paris-05,2023-09-03,3987.5284658675055,2.0
CSV_00426,Cables,Berlin-03,2023-12-21,4293.436504804541,5.0
CSV_00427,Laptop,NYC-02,2023-09-22,10513.91972931814,8.0
CSV_00428,Phone,NYC-02,2023-10-22,657.8811623707236,9.0
CSV_00434,Phone,Tokyo-04,2023-12-15,2056.850282797866,2.0
CSV_00435,TV,NYC-02,2023-08-25,10116.581777411157,6.0
CSV_00436,Phone,Paris-05,2023-09-27,3141.623945699407,5.0
CSV_00437,Phone,Berlin-03,2023-11-10,529.5955487012552,2.0
CSV_00438,TV,London-01,2023-09-29,3725.540522643767,7.0
CSV_00440,Keyboard,Tokyo-04,2023-08-20,5570.5849032341575,5.0
CSV_00441,Keyboard,Tokyo-04,2023-12-26,4199.224324808378,9.0
CSV_00442,Laptop,Paris-05,2023-11-23,10335.960586079049,8.0
CSV_00443,Mouse,Tokyo-04,2023-10-14,12412.85094596579,8.0
CSV_00447,Phone,Berlin-03,2023-07-22,7408.312346780107,4.0
CSV_00448,Phone,NYC-02,2023-11-22,3350.791773043648,8.0
CSV_00450,Cables,NYC-02,2023-12-07,524.0704155997103,1.0
CSV_00451,Cables,Berlin-03,2023-10-19,1755.94179770574,2.0
CSV_00453,Mouse,Tokyo-04,2023-12-08,3327.547193030734,2.0
CSV_00454,Cables,Tokyo-04,2023-09-28,3370.401692874627,9.0
CSV_00455,Cables,Berlin-03,2023-10-23,865.745174697202,1.0
CSV_00457,Mouse,Tokyo-04,2023-11-21,1918.7736698753877,7.0
CSV_00458,Keyboard,Tokyo-04,2023-11-03,763.529689001668,4.0
CSV_00459,TV,Paris-05,2023-09-23,1083.1343038724729,1.0
CSV_00461,Monitor,NYC-02,2023-08-17,10066.218838021865,6.0
CSV_00462,Cables,Tokyo-04,2023-08-11,3879.456386074731,3.0
CSV_00463,Keyboard,Tokyo-04,2023-10-17,4737.908441198893,3.0
CSV_00464,Monitor,Berlin-03,2023-11-08,11554.358235853439,9.0
CSV_00466,TV,Paris-05,2023-08-22,11783.168943044904,9.0
CSV_00467,Monitor,Paris-05,2023-11-23,6581.626771823576,4.0
CSV_00468,Phone,London-01,2023-07-30,10140.035636558505,7.0
CSV_00469,Monitor,Berlin-03,2023-07-17,6241.791853439436,4.0
CSV_00470,Cables,NYC-02,2023-12-06,3577.037029423922,6.0
CSV_00471,Keyboard,NYC-02,2023-09-25,1514.247963338205,1.0
CSV_00472,Mouse,London-01,2023-09-13,11463.194995753134,8.0
CSV_00473,Monitor,London-01,2023-09-27,3383.757585618992,3.0
CSV_00474,Mouse,NYC-02,2023-07-31,2310.2048666536566,3.0
CSV_00475,Laptop,Paris-05,2023-08-24,3981.7054056502147,3.0
CSV_00479,Monitor,NYC-02,2023-12-08,4770.465679737816,7.0
CSV_00480,Mouse,Berlin-03,2023-07-14,12067.551428758425,8.0
CSV_00481,Phone,Paris-05,2023-07-14,8970.232780566785,6.0
CSV_00482,Cables,Tokyo-04,2023-10-23,3512.107091366065,4.0
CSV_00483,Keyboard,Tokyo-04,2023-12-23,4738.893989463809,4.0
CSV_00484,Monitor,Paris-05,2023-07-07,631.3108640869797,5.0
CSV_00485,TV,London-01,2023-12-15,6646.40337328496,6.0
CSV_00486,Mouse,Tokyo-04,2023-09-27,8037.679435562033,5.0
CSV_00487,Cables,Berlin-03,2023-07-10,7817.995256479586,7.0
CSV_00488,Phone,Paris-05,2023-09-04,2635.8035195957937,6.0
CSV_00489,Keyboard,Berlin-03,2023-07-06,50.16928688715461,1.0
CSV_00491,Phone,London-01,2023-08-18,3449.9573209324553,9.0
CSV_00492,Phone,Paris-05,2023-09-25,5673.6082292342035,3.0
CSV_00493,Mouse,Tokyo-04,2023-07-13,13322.521181883409,8.0
CSV_00494,TV,Paris-05,2023-08-29,5676.251460769427,3.0
CSV_00495,TV,Tokyo-04,2023-11-28,4547.467311355189,3.0
CSV_00496,Laptop,Paris-05,2023-12-04,85.24982861334888,3.0
CSV_00497,Phone,Tokyo-04,2023-08-31,13183.379062263071,8.0
CSV_00498,TV,Paris-05,2023-09-16,862.7100270090552,6.0
CSV_00499,Mouse,NYC-02,2023-12-24,2734.5835241976893,4.0
CSV_00500,Monitor,London-01,2023-07-24,3012.559581117999,5.0
CSV_00504,Monitor,Berlin-03,2023-10-16,1053.5708585090397,2.0
CSV_00505,TV,NYC-02,2023-09-28,7403.193602227261,5.0
CSV_00506,Cables,Berlin-03,2023-08-27,3196.6115737915575,7.0
CSV_00507,Mouse,Tokyo-04,2023-08-16,831.5355942205724,2.0
CSV_00508,Keyboard,Berlin-03,2023-12-01,6242.085174680414,7.0
CSV_00509,Keyboard,Tokyo-04,2023-07-11,10500.353964865888,6.0
CSV_00511,Cables,Berlin-03,2023-11-30,3974.021670518023,5.0
CSV_00513,TV,Paris-05,2023-08-10,6408.353743619742,6.0
CSV_00514,Phone,Paris-05,2023-08-28,273.71035746500775,2.0
CSV_00515,TV,London-01,2023-10-29,3274.119066332838,2.0
CSV_00516,Cables,Paris-05,2023-12-10,5976.798110285964,3.0
CSV_00517,Mouse,Berlin-03,2023-12-02,818.2786866897313,3.0
CSV_00518,Monitor,Berlin-03,2023-10-21,666.4042628581547,1.0
CSV_00520,Phone,NYC-02,2023-10-27,1981.31795065501,1.0
CSV_00521,Cables,London-01,2023-07-25,8499.400767146873,8.0
CSV_00523,Mouse,Tokyo-04,2023-12-05,5579.2665242879675,6.0
CSV_00524,TV,Berlin-03,2023-09-15,8259.860437075658,6.0
CSV_00525,Cables,London-01,2023-07-24,6105.483573946442,6.0
CSV_00526,Keyboard,Paris-05,2023-09-11,1769.788153619816,5.0
CSV_00528,Cables,Paris-05,2023-09-10,14653.037778882212,9.0
CSV_00529,TV,Berlin-03,2023-10-26,3631.483076060105,3.0
CSV_00530,Cables,Berlin-03,2023-07-25,630.6291572583687,2.0
CSV_00531,TV,London-01,2023-12-21,3326.722270281441,6.0
CSV_00532,Keyboard,London-01,2023-07-03,782.7381141717117,1.0
CSV_00533,Laptop,London-01,2023-11-26,9604.94418994977,6.0
CSV_00534,Phone,Berlin-03,2023-10-19,5396.876404796945,8.0
CSV_00538,TV,Berlin-03,2023-07-19,6566.440800708566,6.0
CSV_00539,Keyboard,Tokyo-04,2023-11-12,9920.88308649856,5.0
CSV_00541,Keyboard,Paris-05,2023-12-26,7843.712733020777,6.0
CSV_00542,Keyboard,London-01,2023-11-24,8899.696796021983,5.0
CSV_00543,Cables,Berlin-03,2023-08-17,2073.232465539037,4.0
CSV_00544,Keyboard,Berlin-03,2023-07-12,2288.4321336372773,6.0
CSV_00545,Phone,Paris-05,2023-10-02,4341.919918585443,3.0
CSV_00546,Mouse,Paris-05,2023-10-24,4562.232729538795,7.0
CSV_00547,Keyboard,London-01,2023-08-06,2329.113820277962,2.0
CSV_00549,Mouse,Berlin-03,2023-10-16,908.9951232280271,5.0
CSV_00550,Monitor,Berlin-03,2023-12-23,4978.594179271642,3.0
CSV_00551,Phone,Berlin-03,2023-09-16,1816.3163896130186,6.0
CSV_00552,Phone,Paris-05,2023-08-28,431.2100812602717,1.0
CSV_00553,Cables,NYC-02,2023-08-29,8539.767991819434,8.0
CSV_00554,Laptop,NYC-02,2023-11-12,1018.3129787448362,4.0
CSV_00556,Phone,Berlin-03,2023-09-29,4265.383234514301,5.0
CSV_00557,Keyboard,London-01,2023-12-25,73.33908775353802,1.0
CSV_00558,Laptop,Tokyo-04,2023-10-21,173.76168447448345,1.0
CSV_00559,TV,Tokyo-04,2023-09-07,7039.334428498041,8.0
CSV_00561,Cables,Tokyo-04,2023-12-16,12139.548059928607,8.0
CSV_00562,Monitor,Tokyo-04,2023-07-23,2608.210717921794,7.0
CSV_00566,TV,London-01,2023-10-29,7684.148626956181,4.0
CSV_00568,Phone,NYC-02,2023-07-16,4392.96021444814,8.0
CSV_00570,Laptop,London-01,2023-07-09,269.9372460251084,2.0
CSV_00572,TV,Berlin-03,2023-09-25,5221.640204432875,5.0
CSV_00573,Mouse,Tokyo-04,2023-08-08,1628.277229137817,8.0
CSV_00575,Laptop,London-01,2023-11-26,4127.087999562909,9.0
CSV_00577,Mouse,Berlin-03,2023-09-15,6159.421235255609,7.0
CSV_00578,TV,Tokyo-04,2023-07-07,1800.6258340307,3.0
CSV_00579,Laptop,Berlin-03,2023-10-03,1807.208812354752,4.0
CSV_00580,Laptop,NYC-02,2023-12-06,5347.6553633750655,5.0
CSV_00581,Cables,Paris-05,2023-10-09,736.4121755241179,1.0
CSV_00582,Laptop,Paris-05,2023-09-30,942.8796893263096,7.0
CSV_00583,Keyboard,Paris-05,2023-08-22,524.4471789424379,1.0
CSV_00584,Phone,London-01,2023-11-27,6516.264370920848,4.0
CSV_00585,Laptop,Paris-05,2023-11-22,7831.2583372591,5.0
CSV_00586,Mouse,Paris-05,2023-11-04,4210.82833855453,5.0
CSV_00589,TV,London-01,2023-11-28,159.13992058092128,3.0
CSV_00590,Mouse,London-01,2023-10-06,788.9098618037381,1.0
CSV_00591,Monitor,Paris-05,2023-10-23,983.3473512620104,1.0
CSV_00592,Mouse,Paris-05,2023-08-09,14.681057892674232,3.0
CSV_00593,Mouse,Paris-05,2023-11-06,2732.923200599739,5.0
CSV_00594,Phone,NYC-02,2023-07-12,4306.372889592437,4.0
CSV_00595,Cables,Paris-05,2023-11-26,1881.5567355167987,3.0
CSV_00596,Keyboard,London-01,2023-10-11,8441.066434391507,7.0
CSV_00597,Keyboard,Tokyo-04,2023-08-08,3012.948582073897,6.0
CSV_00598,Laptop,Paris-05,2023-10-24,7919.415187757195,8.0
CSV_00600,Laptop,Berlin-03,2023-07-30,1147.7272435930145,2.0
CSV_00602,Monitor,Berlin-03,2023-09-12,11311.310295535714,6.0
CSV_00604,Monitor,Paris-05,2023-10-19,5072.061464669852,4.0
CSV_00605,Monitor,Paris-05,2023-07-23,8247.245687131208,5.0
CSV_00606,Mouse,London-01,2023-09-05,5175.359324054556,3.0
CSV_00607,Cables,NYC-02,2023-12-20,2238.003192465143,3.0
CSV_00608,Keyboard,London-01,2023-10-02,10013.054436219154,9.0
CSV_00609,Keyboard,Paris-05,2023-07-29,5366.089521522859,3.0
CSV_00611,Phone,NYC-02,2023-07-04,5319.276159481873,7.0
CSV_00612,Cables,Berlin-03,2023-08-06,12859.570049758406,7.0
CSV_00613,TV,Paris-05,2023-11-04,4965.542015625863,3.0
CSV_00614,Monitor,Tokyo-04,2023-12-27,2337.810508930858,2.0
CSV_00615,TV,Paris-05,2023-08-10,2411.769623872934,6.0
CSV_00617,Laptop,Berlin-03,2023-10-07,2508.46121056356,3.0
CSV_00618,Monitor,Tokyo-04,2023-09-25,9376.076956092445,8.0
CSV_00619,Phone,Paris-05,2023-12-20,5648.366913329597,9.0
CSV_00621,Mouse,London-01,2023-07-28,15132.700269552255,8.0
CSV_00622,Cables,NYC-02,2023-09-21,2571.621162358356,5.0
CSV_00623,Mouse,Tokyo-04,2023-09-29,11936.78129369375,8.0
CSV_00624,Keyboard,Tokyo-04,2023-12-27,3263.679840342648,7.0
CSV_00625,TV,London-01,2023-09-29,6117.916102904119,8.0
CSV_00626,Mouse,London-01,2023-10-03,4830.387431027487,9.0
CSV_00627,Laptop,Berlin-03,2023-11-14,11779.581044159215,9.0
CSV_00628,Keyboard,London-01,2023-08-04,9646.046882127506,5.0
CSV_00630,Cables,Paris-05,2023-08-21,12841.826008453436,7.0
CSV_00631,Monitor,Berlin-03,2023-09-04,16774.730148959312,9.0
CSV_00632,Mouse,Berlin-03,2023-07-16,12930.904530350135,9.0
CSV_00633,Cables,Berlin-03,2023-11-12,11439.521584684213,8.0
CSV_00634,Monitor,Paris-05,2023-10-23,603.2065129370868,3.0
CSV_00635,Monitor,Paris-05,2023-07-13,13509.826725162711,7.0
CSV_00636,Laptop,Tokyo-04,2023-10-14,2651.3901498922537,6.0
CSV_00637,Monitor,Tokyo-04,2023-07-29,13001.174530654585,9.0
CSV_00638,Keyboard,Berlin-03,2023-11-02,726.0057669740092,5.0
CSV_00639,Keyboard,Tokyo-04,2023-08-15,387.7259936712121,3.0
CSV_00640,Monitor,Tokyo-04,2023-10-11,5953.0703301111425,4.0
CSV_00641,Laptop,Berlin-03,2023-09-26,1911.4790244190044,1.0
CSV_00642,Cables,Paris-05,2023-10-20,3446.6648237205545,2.0
CSV_00643,Phone,Paris-05,2023-09-22,9784.240488941196,6.0
CSV_00644,Laptop,Berlin-03,2023-10-31,865.0546974689635,6.0
CSV_00645,TV,Berlin-03,2023-11-27,1604.0573427783993,8.0
CSV_00646,Laptop,Tokyo-04,2023-11-05,6280.181855409315,4.0
CSV_00647,TV,Berlin-03,2023-10-14,4799.554998737403,4.0
CSV_00648,Cables,London-01,2023-08-28,10828.397817259996,8.0
CSV_00649,Phone,Berlin-03,2023-08-25,4513.2812458674125,7.0
CSV_00650,Phone,Paris-05,2023-11-11,14396.820479773527,8.0
CSV_00651,Phone,NYC-02,2023-08-16,448.0149785006091,3.0
CSV_00653,Laptop,Tokyo-04,2023-11-26,2562.148663424736,2.0
CSV_00654,TV,NYC-02,2023-07-29,14784.249865799175,8.0
CSV_00655,Phone,NYC-02,2023-08-18,4064.6528089635676,7.0
CSV_00656,Keyboard,NYC-02,2023-08-18,11171.049300181836,7.0
CSV_00657,Monitor,NYC-02,2023-12-05,1315.7803627176845,5.0
CSV_00658,TV,London-01,2023-08-14,5153.408845417047,6.0
CSV_00659,Monitor,Tokyo-04,2023-10-25,10257.74298105492,8.0
CSV_00660,Phone,London-01,2023-07-15,12529.007912924642,9.0
CSV_00661,Laptop,NYC-02,2023-11-05,2947.5108805769632,2.0
CSV_00662,Mouse,London-01,2023-12-21,3321.6055370891345,7.0
CSV_00664,Cables,Tokyo-04,2023-11-27,4520.911985486805,5.0
CSV_00665,Phone,Tokyo-04,2023-12-10,7458.49710660406,6.0
CSV_00667,TV,Berlin-03,2023-07-22,13289.460317441846,7.0
CSV_00668,Monitor,London-01,2023-09-18,4957.305280323981,4.0
CSV_00670,Phone,Berlin-03,2023-12-01,5.555339275343613,2.0
CSV_00671,Cables,Paris-05,2023-10-24,511.7821173384259,4.0
CSV_00672,Monitor,Berlin-03,2023-09-30,3607.7809147917606,3.0
CSV_00673,Cables,Paris-05,2023-09-19,2978.323903528672,8.0
CSV_00674,Laptop,Tokyo-04,2023-11-07,1815.9805670278504,3.0
CSV_00675,Cables,NYC-02,2023-10-15,139.8473941915655,1.0
CSV_00676,Laptop,Paris-05,2023-12-07,6830.677000502024,4.0
CSV_00677,TV,NYC-02,2023-10-07,3004.354250165772,4.0
CSV_00678,Laptop,NYC-02,2023-09-24,8805.841437685995,6.0
CSV_00680,Keyboard,London-01,2023-10-05,3058.2148726380506,3.0
CSV_00681,Mouse,NYC-02,2023-10-13,7554.481391704156,5.0
CSV_00683,Laptop,Paris-05,2023-11-25,7347.423629769824,4.0
CSV_00684,Phone,London-01,2023-10-07,5045.255250472168,8.0
CSV_00687,TV,Tokyo-04,2023-10-17,944.2637525386316,1.0
CSV_00688,TV,NYC-02,2023-08-01,10694.729460361388,9.0
CSV_00689,TV,Paris-05,2023-10-11,328.72649297880673,7.0
CSV_00690,Phone,Paris-05,2023-07-17,2142.2459626635427,3.0
CSV_00691,Keyboard,Berlin-03,2023-09-30,752.8557481890656,2.0
CSV_00692,Laptop,London-01,2023-09-02,11995.591943192147,7.0
CSV_00695,Phone,Tokyo-04,2023-11-02,3411.575541235388,3.0
CSV_00696,TV,Paris-05,2023-07-31,1204.4804207069674,8.0
CSV_00697,Mouse,Berlin-03,2023-07-06,189.6007826717854,1.0
CSV_00698,Laptop,London-01,2023-11-15,2236.031735190938,2.0
CSV_00699,Laptop,Tokyo-04,2023-11-24,10150.526882883405,7.0
CSV_00700,TV,London-01,2023-09-09,4276.713176531595,7.0
CSV_00701,Laptop,NYC-02,2023-11-23,3590.096803293655,9.0
CSV_00702,TV,Paris-05,2023-09-25,3071.6669360348474,2.0
CSV_00703,Keyboard,Tokyo-04,2023-11-27,7765.377658365815,5.0
CSV_00704,Cables,London-01,2023-07-29,918.8204525204171,2.0
CSV_00705,Laptop,Berlin-03,2023-12-07,7843.501506679788,6.0
CSV_00707,TV,NYC-02,2023-11-06,5113.236452426853,5.0
CSV_00709,Phone,Paris-05,2023-07-12,325.8982655842151,9.0
CSV_00711,Mouse,Tokyo-04,2023-09-04,9198.252103434763,6.0
CSV_00713,Mouse,Tokyo-04,2023-07-31,5138.5657380572065,6.0
CSV_00714,Laptop,Tokyo-04,2023-07-07,3127.5478407991204,4.0
CSV_00715,Cables,Tokyo-04,2023-10-12,1150.276050162804,5.0
CSV_00717,Phone,Paris-05,2023-09-14,8774.090227268523,6.0
CSV_00718,Keyboard,Tokyo-04,2023-08-14,1391.1291804804039,3.0
CSV_00719,Phone,Berlin-03,2023-07-28,1538.3545653444246,1.0
CSV_00720,TV,Berlin-03,2023-11-18,4830.746321518955,7.0
CSV_00721,Mouse,Berlin-03,2023-11-16,6211.514539062364,4.0
CSV_00722,Phone,Berlin-03,2023-10-31,10064.67712224645,8.0
CSV_00723,Monitor,Berlin-03,2023-08-01,6655.629136361702,5.0
CSV_00725,Keyboard,Berlin-03,2023-10-29,1707.723380741576,9.0
CSV_00726,Monitor,NYC-02,2023-07-31,4163.450920005984,3.0
CSV_00728,Phone,NYC-02,2023-08-15,1016.8965764113785,3.0
CSV_00729,Phone,Paris-05,2023-07-27,45.205289407070154,3.0
CSV_00731,Laptop,NYC-02,2023-10-09,2492.8435313812906,3.0
CSV_00732,Keyboard,Berlin-03,2023-12-12,2218.144714952661,3.0
CSV_00733,TV,NYC-02,2023-07-21,2969.7748583609264,8.0
CSV_00734,Keyboard,NYC-02,2023-11-23,8187.854327594461,8.0
CSV_00735,Mouse,NYC-02,2023-09-03,6503.170543397711,5.0
CSV_00738,Mouse,NYC-02,2023-11-04,12330.661971344096,8.0
CSV_00739,Cables,Berlin-03,2023-09-14,2431.2258837451845,7.0
CSV_00740,Mouse,London-01,2023-11-29,40.940322227754564,3.0
CSV_00741,Phone,Tokyo-04,2023-08-21,8509.562645101287,5.0
CSV_00744,Keyboard,London-01,2023-08-29,12214.082430360357,7.0
CSV_00745,Cables,Berlin-03,2023-07-24,7595.57659995715,5.0
CSV_00746,TV,NYC-02,2023-09-11,244.38723245816618,4.0
CSV_00747,Cables,Tokyo-04,2023-09-22,7854.559584797213,8.0
CSV_00748,Keyboard,London-01,2023-10-07,1363.3472035467262,4.0
CSV_00751,Monitor,NYC-02,2023-12-02,11641.275812327225,6.0
CSV_00752,TV,NYC-02,2023-07-24,1064.4510822155694,1.0
CSV_00753,Mouse,Tokyo-04,2023-09-19,14133.820110343506,8.0
CSV_00754,Mouse,Tokyo-04,2023-10-06,1631.9606627305611,1.0
CSV_00755,Mouse,Tokyo-04,2023-08-15,5001.908100920183,5.0
CSV_00756,TV,Berlin-03,2023-08-08,6427.347201148039,9.0
CSV_00759,Phone,Berlin-03,2023-12-10,5983.556582378304,3.0
CSV_00761,Mouse,Paris-05,2023-10-30,12811.621520468612,9.0
CSV_00762,Monitor,NYC-02,2023-08-15,5265.234719135164,4.0
CSV_00763,Keyboard,NYC-02,2023-08-22,7404.572622933488,8.0
CSV_00764,Keyboard,London-01,2023-07-15,13811.130526808542,9.0
CSV_00765,Laptop,London-01,2023-07-18,1865.5018472493853,4.0
CSV_00768,Cables,NYC-02,2023-09-23,4231.709609592797,5.0
CSV_00769,Monitor,NYC-02,2023-12-13,3015.8904667335964,4.0
CSV_00770,Laptop,Paris-05,2023-10-26,3462.9707390592034,8.0
CSV_00771,TV,Paris-05,2023-11-05,2196.9547313364,5.0
CSV_00773,Keyboard,Tokyo-04,2023-08-17,5869.6331532857475,3.0
CSV_00774,Keyboard,Berlin-03,2023-08-17,1758.5046378143334,1.0
CSV_00776,Phone,London-01,2023-09-06,1637.1725619581898,1.0
CSV_00778,Cables,Tokyo-04,2023-11-01,1781.083044655872,4.0
CSV_00779,Cables,NYC-02,2023-10-08,743.16537932885,3.0
CSV_00780,Laptop,Tokyo-04,2023-12-02,1465.6245706218194,1.0
CSV_00782,Laptop,London-01,2023-10-01,7886.10242386963,4.0
CSV_00783,TV,NYC-02,2023-12-13,7023.137201611233,5.0
CSV_00784,Keyboard,Paris-05,2023-11-30,2784.641843848325,4.0
CSV_00786,Keyboard,Paris-05,2023-10-20,1151.229815803097,1.0
CSV_00787,Monitor,Paris-05,2023-07-23,6409.485198048214,4.0
CSV_00788,Laptop,London-01,2023-10-19,37.18638629336374,1.0
CSV_00789,Keyboard,Berlin-03,2023-08-22,2139.0714834377236,2.0
CSV_00791,Laptop,Paris-05,2023-09-12,7211.914664610899,7.0
CSV_00792,Laptop,NYC-02,2023-09-15,4684.594621250362,3.0
CSV_00793,Monitor,NYC-02,2023-11-19,2125.1535281180877,8.0
CSV_00794,Mouse,London-01,2023-09-06,2136.397288462126,2.0
CSV_00795,Laptop,Tokyo-04,2023-07-25,3476.156134873893,6.0
CSV_00796,Mouse,Paris-05,2023-10-25,6314.692690089154,5.0
CSV_00797,Mouse,Berlin-03,2023-10-03,1121.244377922768,1.0
CSV_00798,Keyboard,NYC-02,2023-07-08,538.3942459555034,7.0
CSV_00799,Keyboard,Paris-05,2023-12-13,2024.157233562522,4.0
CSV_00800,Phone,Paris-05,2023-12-04,540.2363490230659,1.0
CSV_00804,Phone,Berlin-03,2023-12-02,3714.827478425229,2.0
CSV_00805,Keyboard,Paris-05,2023-12-21,2296.7395103365197,8.0
CSV_00806,Cables,Tokyo-04,2023-08-07,11138.779670745986,8.0
CSV_00807,Keyboard,Berlin-03,2023-12-25,4772.527806707281,9.0
CSV_00808,Cables,NYC-02,2023-08-29,7433.4414935536,4.0
CSV_00809,Keyboard,Tokyo-04,2023-09-15,1786.8577885901109,2.0
CSV_00811,Laptop,NYC-02,2023-09-22,467.7776383808956,1.0
CSV_00812,Laptop,London-01,2023-11-10,6022.362346621729,8.0
CSV_00813,Laptop,NYC-02,2023-10-01,9320.104137014807,7.0
CSV_00815,Laptop,Tokyo-04,2023-09-09,5183.4804116858495,7.0
CSV_00816,Keyboard,Tokyo-04,2023-11-16,2811.3351126872353,2.0
CSV_00820,Monitor,NYC-02,2023-12-14,1914.4569253977115,6.0
CSV_00821,TV,NYC-02,2023-08-30,4000.1650808798095,4.0
CSV_00822,Cables,NYC-02,2023-08-18,8863.457208427319,7.0
CSV_00824,TV,NYC-02,2023-08-18,4512.647066178289,4.0
CSV_00825,Mouse,NYC-02,2023-07-23,9441.336599801558,6.0
CSV_00828,Mouse,Paris-05,2023-11-15,2192.1708871373207,2.0
CSV_00830,Laptop,Paris-05,2023-09-19,1413.092822169383,1.0
CSV_00831,Mouse,NYC-02,2023-07-26,13562.773817345547,8.0
CSV_00832,Phone,Tokyo-04,2023-10-10,3173.471873630755,4.0
CSV_00833,Phone,NYC-02,2023-08-23,6613.102863368303,9.0
CSV_00834,Cables,NYC-02,2023-08-15,2476.7449825416757,2.0
CSV_00836,Keyboard,Tokyo-04,2023-11-02,3883.2527782923385,2.0
CSV_00837,Phone,Tokyo-04,2023-07-23,9511.380384473392,8.0
CSV_00838,Phone,London-01,2023-09-08,8820.999405727189,7.0
CSV_00839,Keyboard,NYC-02,2023-12-02,5820.5944245891915,5.0
CSV_00840,TV,Berlin-03,2023-07-29,1878.7119187751744,1.0
CSV_00841,Mouse,London-01,2023-12-11,553.9405934265887,1.0
CSV_00843,Cables,Berlin-03,2023-09-10,109.11082850021091,1.0
CSV_00844,Keyboard,NYC-02,2023-09-09,729.3169729124247,1.0
CSV_00846,TV,London-01,2023-10-06,702.2917320757379,4.0
CSV_00847,Keyboard,NYC-02,2023-09-14,1961.2037078457836,1.0
CSV_00848,TV,Berlin-03,2023-11-23,1367.513755350442,5.0
CSV_00849,Mouse,London-01,2023-07-07,2085.7849271672167,7.0
CSV_00850,Keyboard,Berlin-03,2023-08-20,1738.45427254891,5.0
CSV_00851,Laptop,London-01,2023-10-22,4003.6091358938074,5.0
CSV_00852,Laptop,London-01,2023-11-17,7707.6150700134385,5.0
CSV_00853,Laptop,Tokyo-04,2023-08-31,7422.259618409529,5.0
CSV_00854,TV,Berlin-03,2023-11-20,1326.708740254585,9.0
CSV_00856,TV,NYC-02,2023-07-20,14947.356510217001,8.0
CSV_00857,TV,Berlin-03,2023-08-14,5617.714882136982,3.0
CSV_00858,Cables,NYC-02,2023-07-04,8796.430910840514,7.0
CSV_00859,Monitor,London-01,2023-12-07,8783.146959455049,8.0
CSV_00861,Mouse,London-01,2023-08-12,490.3747690463081,2.0
CSV_00862,Phone,Berlin-03,2023-08-04,7159.86672840916,5.0
CSV_00863,Phone,Paris-05,2023-09-29,9552.824448459382,5.0
CSV_00864,Laptop,London-01,2023-07-12,5083.107621019548,6.0
CSV_00865,Laptop,NYC-02,2023-12-06,2189.220899438634,2.0
CSV_00868,Cables,Tokyo-04,2023-10-29,11570.671565198078,7.0
CSV_00869,Mouse,Tokyo-04,2023-07-15,203.57484641620772,2.0
CSV_00870,Keyboard,Berlin-03,2023-08-22,4414.56767631671,7.0
CSV_00872,Phone,NYC-02,2023-08-14,1367.404464912014,1.0
CSV_00873,Cables,London-01,2023-12-07,3268.720032186352,3.0
CSV_00874,Cables,NYC-02,2023-10-09,7808.074284900054,4.0
CSV_00875,Cables,Berlin-03,2023-07-29,3508.9153419376116,6.0
CSV_00877,Monitor,Tokyo-04,2023-07-05,5056.232406664516,5.0
CSV_00878,TV,Berlin-03,2023-08-03,3831.0416647211814,2.0
CSV_00879,Mouse,Berlin-03,2023-09-05,6713.55916178089,4.0
CSV_00880,Keyboard,London-01,2023-07-02,4437.389945999204,4.0
CSV_00881,TV,Paris-05,2023-09-06,9808.282817904259,8.0
CSV_00882,Phone,London-01,2023-10-22,3455.0589842294994,5.0
CSV_00883,Monitor,London-01,2023-09-20,4053.1216417734267,5.0
CSV_00884,Monitor,NYC-02,2023-10-18,978.3634559393385,1.0
CSV_00885,Keyboard,Paris-05,2023-07-22,3294.7773389346335,7.0
CSV_00886,Laptop,London-01,2023-09-03,2309.9606741959287,7.0
CSV_00887,Keyboard,Tokyo-04,2023-12-05,4444.288246422742,4.0
CSV_00888,Mouse,Tokyo-04,2023-12-20,3195.9584557109083,2.0
CSV_00889,Mouse,Paris-05,2023-07-02,12446.618857017591,7.0
CSV_00892,Mouse,Paris-05,2023-11-12,4148.1259475490415,3.0
CSV_00893,Mouse,London-01,2023-09-02,674.3867694643484,3.0
CSV_00894,Mouse,Paris-05,2023-12-04,1471.7957063056954,1.0
CSV_00895,Cables,Berlin-03,2023-09-21,1708.5055324930913,2.0
CSV_00897,Mouse,NYC-02,2023-09-30,15288.146663614702,9.0
CSV_00899,Mouse,Berlin-03,2023-08-25,2180.658295822889,8.0
CSV_00900,Keyboard,Tokyo-04,2023-10-15,6119.707211826121,7.0
CSV_00901,Mouse,Berlin-03,2023-08-11,1341.1684686250055,1.0
CSV_00902,Keyboard,Berlin-03,2023-07-03,4768.201401111948,5.0
CSV_00903,TV,Tokyo-04,2023-08-31,3484.5207355709986,3.0
CSV_00904,Keyboard,London-01,2023-08-04,2926.826608227858,5.0
CSV_00905,Phone,Paris-05,2023-10-20,1355.8300122522141,2.0
CSV_00906,Mouse,Berlin-03,2023-08-02,5792.121498635516,6.0
CSV_00907,Monitor,Tokyo-04,2023-09-22,5262.257046938908,4.0
CSV_00908,Laptop,NYC-02,2023-07-14,2808.1918262514027,6.0
CSV_00909,Keyboard,Paris-05,2023-12-12,9708.211634296238,6.0
CSV_00910,Mouse,Berlin-03,2023-10-04,2336.0021709820007,6.0
CSV_00911,Keyboard,Berlin-03,2023-11-30,318.9118728597049,7.0
CSV_00912,TV,Paris-05,2023-08-02,2189.1710184103513,2.0
CSV_00916,Laptop,NYC-02,2023-12-13,5068.128163800035,9.0
CSV_00917,Cables,Berlin-03,2023-07-20,7887.541054134065,4.0
CSV_00918,Monitor,London-01,2023-10-08,3831.67566715256,7.0
CSV_00921,Laptop,NYC-02,2023-09-12,4071.378886541871,9.0
CSV_00922,TV,London-01,2023-07-20,4581.747595137904,4.0
CSV_00923,Phone,London-01,2023-07-05,4676.730480547252,8.0
CSV_00926,Cables,Paris-05,2023-07-02,11868.79512656288,9.0
CSV_00927,Phone,Tokyo-04,2023-12-10,2382.874997268911,3.0
CSV_00928,Mouse,Paris-05,2023-07-13,3133.3477881544563,3.0
CSV_00929,Mouse,Berlin-03,2023-12-16,927.2582740076725,6.0
CSV_00930,Laptop,Tokyo-04,2023-07-07,10212.509047614118,8.0
CSV_00931,Laptop,Berlin-03,2023-09-02,12170.796333939466,8.0
CSV_00932,Cables,Berlin-03,2023-10-03,8367.909688509146,8.0
CSV_00933,Mouse,NYC-02,2023-08-04,4071.777021617995,3.0
CSV_00934,Mouse,London-01,2023-10-09,15666.431952744713,8.0
CSV_00935,Mouse,Paris-05,2023-12-04,7322.886023307785,9.0
CSV_00936,Keyboard,NYC-02,2023-09-16,13029.107593472456,9.0
CSV_00937,Mouse,Tokyo-04,2023-09-21,1071.3317412070323,7.0
CSV_00938,Cables,Paris-05,2023-08-22,2922.5304872904658,7.0
CSV_00939,Laptop,London-01,2023-10-09,10019.093079677907,7.0
CSV_00940,Phone,London-01,2023-07-13,2989.9429161487033,3.0
CSV_00941,TV,NYC-02,2023-09-04,4543.950240086998,5.0
CSV_00942,TV,London-01,2023-08-31,2448.941298854149,9.0
CSV_00943,Monitor,Tokyo-04,2023-09-14,291.4557727476837,1.0
CSV_00944,Cables,Paris-05,2023-09-23,2681.1892960495916,4.0
CSV_00945,Mouse,Paris-05,2023-12-05,5144.69740167604,9.0
CSV_00946,Monitor,Berlin-03,2023-11-22,9200.992972266962,9.0
CSV_00947,Phone,Berlin-03,2023-11-09,3031.136620637785,2.0
CSV_00948,Phone,Paris-05,2023-10-14,2177.201220535736,4.0
CSV_00949,Cables,NYC-02,2023-09-04,1527.6994843391838,1.0
CSV_00951,Keyboard,Paris-05,2023-09-14,8686.368806454186,6.0
CSV_00952,Cables,NYC-02,2023-08-10,10736.085303284803,6.0
CSV_00954,Mouse,Paris-05,2023-07-23,11706.757498689632,9.0
CSV_00955,Laptop,Berlin-03,2023-10-25,5138.906988449216,7.0
CSV_00957,TV,Paris-05,2023-11-23,7762.758390895092,5.0
CSV_00959,Monitor,Berlin-03,2023-07-14,1125.0842105926213,1.0
CSV_00961,Laptop,Tokyo-04,2023-09-06,1990.664148765698,2.0
CSV_00962,Laptop,Berlin-03,2023-12-14,3548.122647060907,2.0
CSV_00963,Laptop,NYC-02,2023-10-02,3723.5194982560056,6.0
CSV_00964,TV,Paris-05,2023-12-07,12314.80279016376,9.0
CSV_00965,Keyboard,London-01,2023-08-03,6744.363693141276,7.0
CSV_00966,Phone,NYC-02,2023-09-14,3422.657198140012,2.0
CSV_00967,Keyboard,London-01,2023-08-18,3346.749110635379,3.0
CSV_00969,Laptop,NYC-02,2023-09-26,6268.238992965938,5.0
CSV_00971,Mouse,NYC-02,2023-10-20,1829.484816775002,2.0
CSV_00972,Monitor,NYC-02,2023-08-26,4148.22093475502,3.0
CSV_00974,Laptop,NYC-02,2023-12-14,11611.734252733293,8.0
CSV_00975,Mouse,London-01,2023-09-19,14760.372037028566,8.0
CSV_00976,Mouse,Berlin-03,2023-09-06,5281.852027555256,7.0
CSV_00978,Laptop,Tokyo-04,2023-12-09,3801.7209083527327,4.0
CSV_00979,TV,Berlin-03,2023-08-18,170.12096280431342,8.0
CSV_00980,Keyboard,Tokyo-04,2023-10-26,6330.108003443756,5.0
CSV_00981,Monitor,London-01,2023-11-02,6785.904243758396,4.0
CSV_00983,Mouse,Tokyo-04,2023-08-22,1907.4214410232084,2.0
CSV_00984,Cables,NYC-02,2023-10-12,5289.498426003398,5.0
CSV_00985,Keyboard,Tokyo-04,2023-08-04,1937.6860246654933,5.0
CSV_00988,Cables,Berlin-03,2023-07-28,5030.720219071459,4.0
CSV_00989,Keyboard,NYC-02,2023-10-12,4965.88658384697,9.0
CSV_00990,Keyboard,Tokyo-04,2023-11-29,9642.551914586995,5.0
CSV_00991,Mouse,Paris-05,2023-10-20,1012.5614930073536,1.0
CSV_00993,Laptop,Paris-05,2023-12-01,2005.3967170360447,8.0
CSV_00994,Monitor,Paris-05,2023-07-05,12534.584717371532,7.0
CSV_00995,Keyboard,Berlin-03,2023-12-20,12914.056795119528,9.0
CSV_00996,Keyboard,Tokyo-04,2023-10-23,6826.048156188956,4.0
CSV_00997,Cables,Berlin-03,2023-07-24,3796.7724193835484,7.0
CSV_00998,Phone,Berlin-03,2023-11-25,423.1720573888538,1.0
CSV_00999,Mouse,Paris-05,2023-09-05,9531.091627199548,7.0
CSV_01000,Laptop,London-01,2023-07-29,318.6591661807329,6.0
CSV_01001,TV,NYC-02,2023-09-13,592.428584084854,1.0
CSV_01003,Monitor,London-01,2023-09-24,6480.2025653287565,5.0
CSV_01004,Cables,NYC-02,2023-09-09,1888.7662126973516,1.0
CSV_01005,Keyboard,Tokyo-04,2023-08-15,276.02774578678554,6.0
CSV_01006,Mouse,Paris-05,2023-07-20,1801.8813294103757,2.0
CSV_01007,Phone,NYC-02,2023-12-25,4429.808822893874,5.0
CSV_01008,Keyboard,London-01,2023-07-19,14789.915730449626,8.0
CSV_01009,TV,London-01,2023-08-17,7885.57853635477,5.0
CSV_01010,Laptop,Berlin-03,2023-12-08,12763.992809207091,9.0
CSV_01011,Cables,Paris-05,2023-12-18,6344.7807336462665,6.0
CSV_01012,Monitor,London-01,2023-07-13,362.8597984738809,1.0
CSV_01013,Mouse,Tokyo-04,2023-08-15,4906.613055669361,5.0
CSV_01014,Laptop,NYC-02,2023-09-02,1086.7140359180055,1.0
CSV_01016,Monitor,NYC-02,2023-07-25,1461.2615256615363,4.0
CSV_01017,TV,NYC-02,2023-08-20,9754.730863234285,5.0
CSV_01019,Cables,London-01,2023-12-09,3493.1946820608264,8.0
CSV_01021,Monitor,London-01,2023-10-07,15715.425340767451,9.0
CSV_01022,Keyboard,NYC-02,2023-07-27,264.17378095922777,6.0
CSV_01023,Monitor,NYC-02,2023-07-30,8810.955595105806,6.0
CSV_01024,Keyboard,Paris-05,2023-12-17,6063.966553699662,8.0
CSV_01025,Cables,London-01,2023-11-26,2385.1392785462303,3.0
CSV_01026,Cables,Berlin-03,2023-08-06,3302.448333061841,5.0
CSV_01027,Mouse,Tokyo-04,2023-08-31,3802.1287209766433,6.0
CSV_01029,Cables,London-01,2023-07-31,1163.631379667198,2.0
CSV_01030,Monitor,Tokyo-04,2023-12-07,1185.644275318513,1.0
CSV_01031,Mouse,Berlin-03,2023-10-19,12238.352992829863,7.0
CSV_01032,Monitor,NYC-02,2023-10-27,17986.73822677433,9.0
CSV_01033,Mouse,London-01,2023-12-07,11020.111900651002,9.0
CSV_01034,Phone,Berlin-03,2023-12-13,1872.7908715946016,4.0
CSV_01038,Mouse,NYC-02,2023-11-09,1029.5717156371063,2.0
CSV_01039,Laptop,Paris-05,2023-11-08,12225.256993338555,8.0
CSV_01041,Monitor,NYC-02,2023-09-21,1985.2551142309273,3.0
CSV_01042,TV,Tokyo-04,2023-12-19,8749.405211830805,7.0
CSV_01043,Keyboard,Berlin-03,2023-07-10,1101.542810563895,1.0
CSV_01044,Keyboard,Tokyo-04,2023-07-23,2274.4255628381284,2.0
CSV_01045,Mouse,Berlin-03,2023-07-14,376.5906219278868,2.0
CSV_01046,Laptop,London-01,2023-10-10,114.0266150047205,4.0
CSV_01047,TV,Paris-05,2023-10-18,642.2969657320336,2.0
CSV_01048,Mouse,Tokyo-04,2023-10-17,905.941604996074,4.0
CSV_01049,Phone,NYC-02,2023-10-05,9423.074542564893,5.0
CSV_01050,TV,Berlin-03,2023-12-05,6692.398214040508,6.0
CSV_01051,TV,London-01,2023-11-18,5023.275240724355,7.0
CSV_01052,Phone,Berlin-03,2023-11-21,9209.602008432501,5.0
CSV_01053,Laptop,NYC-02,2023-09-17,1418.7860377726627,3.0
CSV_01055,Laptop,Tokyo-04,2023-08-02,15182.07406624349,9.0
CSV_01056,Cables,Paris-05,2023-11-30,3707.7025002729592,2.0
CSV_01059,Phone,London-01,2023-10-12,16248.51208899343,9.0
CSV_01061,Laptop,Berlin-03,2023-11-09,3435.3767256105,2.0
CSV_01063,Laptop,Tokyo-04,2023-07-19,1793.59044053963,2.0
CSV_01065,TV,Paris-05,2023-07-15,841.0087771877095,1.0
CSV_01066,Mouse,Berlin-03,2023-08-06,5906.066192796245,6.0
CSV_01067,Keyboard,London-01,2023-11-23,10736.153806563769,9.0
CSV_01068,Phone,NYC-02,2023-12-11,8909.916250047525,6.0
CSV_01069,Phone,Paris-05,2023-11-22,674.6577647981387,2.0
CSV_01070,Cables,Tokyo-04,2023-09-12,9025.986444530217,9.0
CSV_01071,Mouse,London-01,2023-07-26,10745.459393026305,8.0
CSV_01072,Cables,Berlin-03,2023-07-09,3723.808814547723,2.0
CSV_01073,Laptop,Tokyo-04,2023-09-07,11261.003194573777,8.0
CSV_01074,Keyboard,London-01,2023-07-15,1661.5409120550585,1.0
CSV_01075,TV,Paris-05,2023-12-01,9151.637736066577,8.0
CSV_01077,Keyboard,London-01,2023-10-03,9024.263024828055,5.0
CSV_01078,Laptop,Paris-05,2023-11-24,1636.2963673555073,2.0
CSV_01079,Phone,Berlin-03,2023-11-24,1340.7844166911727,4.0
CSV_01083,Phone,London-01,2023-09-23,2129.140716388685,2.0
CSV_01084,Keyboard,London-01,2023-11-22,888.2547541959698,2.0
CSV_01085,Keyboard,Berlin-03,2023-08-28,309.15056420915585,3.0
CSV_01086,Mouse,Paris-05,2023-12-05,968.6882758781828,1.0
CSV_01087,Cables,Berlin-03,2023-07-18,10010.14673178625,9.0
CSV_01088,Mouse,Tokyo-04,2023-07-18,5766.981666352362,8.0
CSV_01090,Cables,Berlin-03,2023-09-02,1347.9540869500925,3.0
CSV_01091,Laptop,Paris-05,2023-09-18,5994.2617082982015,7.0
CSV_01092,Phone,Tokyo-04,2023-08-27,895.7494184282612,1.0
CSV_01093,Laptop,London-01,2023-08-31,4451.028296687041,5.0
CSV_01094,Mouse,London-01,2023-08-11,6542.361811368086,8.0
CSV_01096,Mouse,London-01,2023-08-11,375.54218694951487,2.0
CSV_01097,Cables,Berlin-03,2023-09-10,1662.6648464446494,2.0
CSV_01098,Laptop,Tokyo-04,2023-12-15,11643.861595761316,6.0
CSV_01100,Laptop,Paris-05,2023-12-03,4634.1646193176075,6.0
CSV_01101,TV,Paris-05,2023-12-01,5006.744145945571,4.0
CSV_01102,Laptop,Tokyo-04,2023-10-20,11227.916469006686,7.0
CSV_01103,Mouse,London-01,2023-10-07,14231.78775345461,8.0
CSV_01104,TV,Paris-05,2023-11-25,5548.45558755453,6.0
CSV_01105,TV,Paris-05,2023-12-23,4108.929141892205,3.0
CSV_01106,Keyboard,Berlin-03,2023-09-21,427.6557580193845,1.0
CSV_01107,TV,London-01,2023-09-18,1529.7732989108524,7.0
CSV_01108,Keyboard,Berlin-03,2023-09-05,1488.5809025986778,1.0
CSV_01110,TV,NYC-02,2023-12-13,864.7546032040102,2.0
CSV_01114,Phone,NYC-02,2023-08-21,218.31349851474044,1.0
CSV_01116,Keyboard,NYC-02,2023-12-02,14080.880626973201,9.0
CSV_01117,Keyboard,Paris-05,2023-11-23,9743.868151816498,9.0
CSV_01118,Laptop,NYC-02,2023-12-10,32.27452521353007,2.0
CSV_01119,Cables,Berlin-03,2023-12-25,10844.71661579197,9.0
CSV_01121,TV,Berlin-03,2023-09-01,2485.7602451387584,9.0
CSV_01123,Cables,Paris-05,2023-11-30,250.22738129314465,2.0
CSV_01125,Mouse,London-01,2023-11-19,11322.621116301532,6.0
CSV_01126,Monitor,Tokyo-04,2023-11-20,2781.9987491688926,6.0
CSV_01127,Phone,Paris-05,2023-07-27,3150.8550912646892,3.0
CSV_01129,Phone,Paris-05,2023-10-22,4351.750253638507,3.0
CSV_01131,Phone,NYC-02,2023-09-14,14036.096515799029,9.0
CSV_01132,Monitor,Paris-05,2023-11-12,11592.815962966042,7.0
CSV_01133,Phone,Tokyo-04,2023-10-02,12760.827389263279,7.0
CSV_01135,Phone,London-01,2023-09-17,363.7688675312047,1.0
CSV_01136,TV,Tokyo-04,2023-07-17,1816.742014487744,6.0
CSV_01137,Monitor,Berlin-03,2023-12-07,5505.627929120579,7.0
CSV_01138,Monitor,Berlin-03,2023-07-25,9088.419150678099,5.0
CSV_01139,Monitor,Tokyo-04,2023-09-19,2493.6032001445524,2.0
CSV_01140,Cables,Berlin-03,2023-12-08,1379.3592037590688,3.0
CSV_01141,Mouse,Paris-05,2023-10-04,6989.481855810443,4.0
CSV_01142,Cables,NYC-02,2023-07-20,3252.4509429128175,2.0
CSV_01144,TV,NYC-02,2023-07-11,9324.328109775832,5.0
CSV_01146,Cables,London-01,2023-09-23,3788.010082414481,7.0
CSV_01147,Cables,Paris-05,2023-12-04,653.5505894123075,2.0
CSV_01148,Phone,NYC-02,2023-12-26,2136.263940093504,2.0
CSV_01150,Keyboard,NYC-02,2023-10-30,10371.99630191456,8.0
CSV_01151,Cables,Paris-05,2023-12-21,10718.605199813905,6.0
CSV_01152,Phone,London-01,2023-08-16,974.671440734201,6.0
CSV_01153,Mouse,Paris-05,2023-09-29,5861.271773408655,6.0
CSV_01154,Laptop,London-01,2023-08-06,4591.648472643052,8.0
CSV_01156,Mouse,Tokyo-04,2023-12-12,2072.294629866815,2.0
CSV_01157,Cables,London-01,2023-12-16,3309.5948634797683,6.0
CSV_01159,Phone,Paris-05,2023-08-31,9585.79945898379,5.0
CSV_01160,Cables,NYC-02,2023-11-05,7327.482210437853,5.0
CSV_01161,Cables,NYC-02,2023-08-14,3652.613338984057,7.0
CSV_01162,Laptop,Paris-05,2023-08-12,1783.8614094944908,7.0
CSV_01163,Monitor,Paris-05,2023-09-10,1086.2480733481918,1.0
CSV_01165,Monitor,Tokyo-04,2023-07-04,548.3975076026823,2.0
CSV_01166,Cables,Paris-05,2023-12-09,12454.54442494694,8.0
CSV_01168,Mouse,London-01,2023-09-21,5631.031454299559,4.0
CSV_01169,Cables,London-01,2023-08-23,12062.454341204306,7.0
CSV_01170,Mouse,NYC-02,2023-11-13,3578.8592637528654,4.0
CSV_01171,TV,Berlin-03,2023-12-24,7113.115821756261,4.0
CSV_01172,TV,NYC-02,2023-09-11,6016.835880375541,6.0
CSV_01173,Laptop,Berlin-03,2023-10-11,10834.135749004798,6.0
CSV_01175,Laptop,London-01,2023-12-22,357.6111276898739,2.0
CSV_01176,Phone,Paris-05,2023-12-06,10357.587756527657,6.0
CSV_01178,Mouse,Tokyo-04,2023-10-10,6920.908333907051,4.0
CSV_01179,Monitor,London-01,2023-07-11,3085.6043972831008,6.0
CSV_01180,Cables,Paris-05,2023-10-27,5159.544536965583,6.0
CSV_01181,TV,Paris-05,2023-12-14,3917.891957709392,4.0
CSV_01182,Cables,Tokyo-04,2023-07-22,79.94096717877528,2.0
CSV_01183,TV,NYC-02,2023-11-24,162.65055979860176,3.0
CSV_01184,Keyboard,Paris-05,2023-08-19,1088.3884832601364,3.0
CSV_01185,Phone,Berlin-03,2023-07-26,2262.685036596194,5.0
CSV_01186,Keyboard,Berlin-03,2023-12-20,10226.317273137138,6.0
CSV_01187,Keyboard,Berlin-03,2023-08-29,4594.045838291198,8.0
CSV_01188,Keyboard,NYC-02,2023-12-01,2103.847396438018,3.0
CSV_01189,Cables,Tokyo-04,2023-08-13,2495.9013082386673,8.0
CSV_01191,Phone,Paris-05,2023-12-05,6318.721272923714,9.0
CSV_01192,Cables,Paris-05,2023-12-07,3834.9214611124416,2.0
CSV_01193,Monitor,NYC-02,2023-08-16,991.2424795686841,6.0
CSV_01194,Cables,Paris-05,2023-12-10,822.3074174993918,7.0
CSV_01196,TV,NYC-02,2023-11-25,864.135519035872,1.0
CSV_01198,Phone,NYC-02,2023-08-25,1604.4010205332293,1.0
CSV_01199,Monitor,Tokyo-04,2023-08-09,6586.1608629011735,4.0
CSV_01200,Phone,NYC-02,2023-08-12,104.01690870482435,4.0
CSV_01201,Phone,Tokyo-04,2023-11-01,1197.018359095964,1.0
CSV_01203,Laptop,NYC-02,2023-08-23,3452.41978674432,2.0
CSV_01206,Mouse,NYC-02,2023-07-21,3737.936998883537,2.0
CSV_01207,Laptop,Berlin-03,2023-10-14,16515.9853345686,9.0
CSV_01208,Mouse,Tokyo-04,2023-09-16,225.97730371490445,1.0
CSV_01209,Phone,Berlin-03,2023-08-17,807.247531039808,2.0
CSV_01210,Cables,London-01,2023-08-06,5217.917202915767,3.0
CSV_01211,Laptop,Tokyo-04,2023-10-16,1789.7007929445258,4.0
CSV_01213,Phone,Paris-05,2023-07-08,1907.431564356792,1.0
CSV_01214,Laptop,London-01,2023-09-23,6605.26622542222,5.0
CSV_01217,Phone,Berlin-03,2023-12-20,337.0411485367172,4.0
CSV_01218,Keyboard,Paris-05,2023-08-06,15181.785767524394,8.0
CSV_01219,Cables,Tokyo-04,2023-09-30,11418.834889564001,7.0
CSV_01221,Laptop,Berlin-03,2023-12-08,6177.772252975927,6.0
CSV_01222,Phone,London-01,2023-07-25,12233.168541202438,8.0
CSV_01224,Mouse,London-01,2023-08-21,790.8854066662398,1.0
CSV_01227,Mouse,London-01,2023-12-04,206.11373233980225,6.0
CSV_01228,TV,Tokyo-04,2023-11-24,2984.3764380093344,3.0
CSV_01229,Laptop,London-01,2023-07-12,1011.3365652112412,1.0
CSV_01230,Monitor,Paris-05,2023-09-04,2570.08655405338,2.0
CSV_01232,Laptop,Paris-05,2023-07-26,1276.3281687309347,3.0
CSV_01233,Mouse,London-01,2023-07-06,6930.421545591729,4.0
CSV_01234,TV,NYC-02,2023-08-18,866.3979434720836,6.0
CSV_01235,Monitor,NYC-02,2023-10-10,9957.683800565828,5.0
CSV_01236,Keyboard,NYC-02,2023-07-11,3927.672065056341,6.0
CSV_01237,Cables,Paris-05,2023-10-24,6961.251692859234,5.0
CSV_01240,Mouse,Berlin-03,2023-10-27,893.9033565635128,2.0
CSV_01241,Mouse,Paris-05,2023-07-25,6572.297376875917,9.0
CSV_01242,Keyboard,NYC-02,2023-07-14,144.78539015584352,2.0
CSV_01243,TV,Tokyo-04,2023-09-24,3922.5673125007675,3.0
CSV_01244,Keyboard,Berlin-03,2023-11-07,2540.605759062326,2.0
CSV_01245,Cables,London-01,2023-09-10,662.9114524668071,2.0
CSV_01247,Keyboard,Paris-05,2023-08-30,10995.346517016755,8.0
CSV_01248,TV,Berlin-03,2023-08-25,5316.338316090469,4.0
CSV_01249,Phone,Paris-05,2023-12-03,5909.78415916014,3.0
CSV_01250,Phone,London-01,2023-10-28,11121.42770518604,7.0
CSV_01251,TV,Paris-05,2023-08-10,4852.051376002584,5.0
CSV_01253,Monitor,London-01,2023-10-20,4470.62605761811,9.0
CSV_01254,Keyboard,Berlin-03,2023-12-12,9213.536215788687,9.0
CSV_01255,Laptop,NYC-02,2023-08-05,41.9906259277609,4.0
CSV_01256,Keyboard,Paris-05,2023-12-16,842.8405971848656,4.0
CSV_01258,Cables,Paris-05,2023-11-28,1616.248999121402,4.0
CSV_01259,Mouse,NYC-02,2023-12-10,1325.2835975457074,4.0
CSV_01261,Phone,Tokyo-04,2023-07-15,15181.235539693313,8.0
CSV_01263,Keyboard,Paris-05,2023-12-23,1199.8811909474225,5.0
CSV_01264,Laptop,NYC-02,2023-09-05,1771.7423696087649,4.0
CSV_01265,Cables,Tokyo-04,2023-07-26,14728.435978669235,8.0
CSV_01266,Laptop,Paris-05,2023-12-23,756.8451217666488,8.0
CSV_01267,Mouse,Tokyo-04,2023-11-08,15475.269000254337,8.0
CSV_01268,Cables,Tokyo-04,2023-08-17,485.6930978398359,2.0
CSV_01269,TV,Paris-05,2023-09-20,14084.318133798046,9.0
CSV_01271,Mouse,Paris-05,2023-11-10,3390.906297641247,6.0
CSV_01272,Monitor,NYC-02,2023-08-09,2262.664967351325,3.0
CSV_01273,Cables,Paris-05,2023-08-14,8228.405652346395,7.0
CSV_01274,Laptop,Tokyo-04,2023-11-09,2186.5443319889764,3.0
CSV_01275,TV,Berlin-03,2023-11-28,5274.230025117188,9.0
CSV_01276,Phone,Berlin-03,2023-12-26,9145.75156609247,9.0
CSV_01277,Cables,Paris-05,2023-08-23,1746.0581071606607,1.0
CSV_01278,Phone,Paris-05,2023-07-14,373.1488531069989,1.0
CSV_01279,Laptop,London-01,2023-11-29,13083.7357283893,8.0
CSV_01280,Cables,Berlin-03,2023-11-03,1021.48021651292,1.0
CSV_01281,TV,Berlin-03,2023-08-05,183.61057517048823,1.0
CSV_01282,TV,NYC-02,2023-11-13,2672.323823097815,4.0
CSV_01283,TV,Paris-05,2023-10-12,7029.14030273738,8.0
CSV_01284,Cables,Tokyo-04,2023-09-30,248.16940589465457,4.0
CSV_01285,TV,Paris-05,2023-07-21,4750.109960860286,4.0
CSV_01287,Monitor,NYC-02,2023-08-07,3018.8505979855854,6.0
CSV_01288,Laptop,Paris-05,2023-07-13,555.3216894494719,3.0
CSV_01289,TV,NYC-02,2023-10-13,11545.975714265156,8.0
CSV_01291,TV,NYC-02,2023-09-04,1712.8744582262702,6.0
CSV_01292,Monitor,Tokyo-04,2023-10-11,11144.310990335947,9.0
CSV_01294,Cables,Tokyo-04,2023-12-27,12175.630922793887,8.0
CSV_01295,Mouse,NYC-02,2023-11-02,254.02335207764168,5.0
CSV_01297,TV,Berlin-03,2023-07-27,4332.1988848931815,5.0
CSV_01298,Keyboard,London-01,2023-11-14,57.44338999110187,1.0
CSV_01299,Cables,Paris-05,2023-08-18,5689.426487547156,8.0
CSV_01300,TV,NYC-02,2023-08-17,243.75945502654577,8.0
CSV_01301,Laptop,Berlin-03,2023-11-21,13999.542683809494,7.0
CSV_01302,Monitor,Berlin-03,2023-12-06,1525.3610374948844,3.0
CSV_01303,TV,Berlin-03,2023-07-17,2290.947023307626,2.0
CSV_01304,Cables,Berlin-03,2023-10-29,6651.208042080108,4.0
CSV_01305,Laptop,Tokyo-04,2023-10-20,1450.2962301172531,4.0
CSV_01306,Keyboard,NYC-02,2023-08-25,4673.365211340072,5.0
CSV_01307,Monitor,NYC-02,2023-09-02,10460.424359556915,6.0
CSV_01310,TV,London-01,2023-08-23,4042.198800928515,4.0
CSV_01314,Keyboard,London-01,2023-10-08,851.6703900055654,2.0
CSV_01316,Phone,NYC-02,2023-07-20,11467.058996356865,6.0
CSV_01318,Keyboard,London-01,2023-12-24,1898.0214391494765,2.0
CSV_01319,Cables,NYC-02,2023-08-29,652.0896368033077,2.0
CSV_01320,Monitor,Tokyo-04,2023-07-24,4714.111139843296,5.0
CSV_01321,TV,London-01,2023-09-16,9241.773541849549,8.0
CSV_01322,Keyboard,Paris-05,2023-11-25,10698.516463716333,9.0
CSV_01323,TV,Tokyo-04,2023-09-08,3995.5753672954597,9.0
CSV_01324,Phone,Tokyo-04,2023-09-01,120.55002497042574,6.0
CSV_01325,TV,Paris-05,2023-07-27,3541.8731313735416,4.0
CSV_01326,Keyboard,NYC-02,2023-08-23,11091.295797726234,7.0
CSV_01327,Laptop,Tokyo-04,2023-07-20,344.7811546307114,7.0
CSV_01330,Keyboard,London-01,2023-09-09,1292.5952533133843,1.0
CSV_01333,Cables,Berlin-03,2023-07-31,1380.3822768259884,9.0
CSV_01334,Keyboard,Paris-05,2023-12-01,2356.9864054927166,4.0
CSV_01335,Phone,Paris-05,2023-08-31,1993.5659489649447,1.0
CSV_01336,Monitor,Berlin-03,2023-09-21,367.8761775435143,1.0
CSV_01337,Mouse,Berlin-03,2023-07-06,8754.517342088791,5.0
CSV_01338,Keyboard,NYC-02,2023-09-17,7138.663376140934,8.0
CSV_01339,Keyboard,Tokyo-04,2023-11-05,617.3882169516278,1.0
CSV_01340,TV,NYC-02,2023-07-17,68.30806272370171,1.0
CSV_01341,Cables,Berlin-03,2023-07-21,753.5934005280808,1.0
CSV_01342,Monitor,NYC-02,2023-09-20,12066.116049996546,7.0
CSV_01343,Monitor,Berlin-03,2023-12-24,4486.654724626412,4.0
CSV_01346,Phone,London-01,2023-07-22,42.87300564683085,1.0
CSV_01347,Mouse,London-01,2023-11-27,1294.6096781718354,1.0
CSV_01349,Mouse,NYC-02,2023-08-30,6880.261261108219,6.0
CSV_01351,TV,Berlin-03,2023-08-01,907.0762390044858,1.0
CSV_01352,TV,NYC-02,2023-11-08,1318.4700662572286,1.0
CSV_01354,TV,Tokyo-04,2023-08-17,5963.2992884294035,6.0
CSV_01355,Phone,Berlin-03,2023-11-19,1690.5987616403145,5.0
CSV_01356,Mouse,Berlin-03,2023-11-29,15598.974776681987,9.0
CSV_01357,Laptop,NYC-02,2023-08-13,208.67080348063385,1.0
CSV_01358,Laptop,London-01,2023-10-17,4409.632146038273,4.0
CSV_01359,Phone,Berlin-03,2023-09-04,3381.0152052074086,2.0
CSV_01360,Monitor,Berlin-03,2023-12-04,3475.663736470299,2.0
CSV_01361,TV,Tokyo-04,2023-11-20,7780.331808903763,8.0
CSV_01362,Cables,London-01,2023-11-15,2940.2149221715968,9.0
CSV_01364,Laptop,Berlin-03,2023-08-28,2607.501675111643,3.0
CSV_01366,Cables,London-01,2023-08-22,1578.5398361731877,2.0
CSV_01367,Laptop,NYC-02,2023-12-22,697.417279197866,1.0
CSV_01369,Laptop,Paris-05,2023-10-15,2347.9865107030746,7.0
CSV_01370,Laptop,Tokyo-04,2023-12-15,4642.263722741403,5.0
CSV_01372,Monitor,Paris-05,2023-11-02,766.2400036813046,1.0
CSV_01373,Monitor,Tokyo-04,2023-08-17,1262.378571717287,1.0
CSV_01374,Laptop,NYC-02,2023-11-12,3469.2129462404546,4.0
CSV_01375,Phone,London-01,2023-10-19,4998.890782798933,5.0
CSV_01376,Mouse,Tokyo-04,2023-07-31,2967.1647941247047,2.0
CSV_01378,Keyboard,Berlin-03,2023-08-30,2708.497922691924,3.0
CSV_01379,Phone,Berlin-03,2023-07-02,8460.02184041763,6.0
CSV_01380,Mouse,London-01,2023-07-31,2947.195916229658,3.0
CSV_01381,Monitor,London-01,2023-09-02,4441.416134082656,5.0
CSV_01383,Monitor,NYC-02,2023-12-15,3763.1923895920722,3.0
CSV_01386,Keyboard,NYC-02,2023-10-28,1087.5476751796866,1.0
CSV_01387,Mouse,Paris-05,2023-09-01,2832.7466492736994,5.0
CSV_01388,Mouse,NYC-02,2023-08-17,5360.686920229819,4.0
CSV_01389,TV,Berlin-03,2023-07-28,11850.9679334389,9.0
CSV_01390,Keyboard,Paris-05,2023-10-30,1989.744004581822,3.0
CSV_01391,Cables,NYC-02,2023-11-07,1937.8057132270972,1.0
CSV_01393,Mouse,Paris-05,2023-08-13,6920.17414452003,5.0
CSV_01394,Cables,NYC-02,2023-08-15,233.5685011199405,2.0
CSV_01395,TV,Tokyo-04,2023-09-07,1789.1503611623452,3.0
CSV_01396,Keyboard,Tokyo-04,2023-12-01,1869.4764063878551,5.0
CSV_01397,Phone,Tokyo-04,2023-07-31,12616.392308750554,9.0
CSV_01398,Mouse,NYC-02,2023-10-29,4280.959613211359,7.0
CSV_01400,Cables,NYC-02,2023-12-03,9406.637148849928,5.0
CSV_01401,TV,NYC-02,2023-11-28,4328.131727514269,7.0
CSV_01402,Phone,London-01,2023-07-17,1123.2823718945936,9.0
CSV_01403,Mouse,NYC-02,2023-10-15,9403.805485852856,6.0
CSV_01404,TV,London-01,2023-12-07,3875.377610040683,5.0
CSV_01407,Keyboard,Paris-05,2023-08-29,1027.523038295929,7.0
CSV_01408,Mouse,Tokyo-04,2023-09-17,1788.211610197995,6.0
CSV_01409,Keyboard,Berlin-03,2023-12-13,13784.502836773936,8.0
CSV_01411,TV,NYC-02,2023-08-24,14300.7237566592,9.0
CSV_01412,Phone,Berlin-03,2023-08-18,1151.1736559219592,1.0
CSV_01413,Laptop,NYC-02,2023-12-10,1152.7205670988965,4.0
CSV_01414,TV,Paris-05,2023-09-19,4717.218882427132,9.0
CSV_01415,Laptop,Tokyo-04,2023-07-12,1594.0271373990308,7.0
CSV_01417,TV,NYC-02,2023-11-30,7470.743096629892,4.0
CSV_01418,Monitor,NYC-02,2023-07-01,655.1987728622615,3.0
CSV_01419,Cables,Tokyo-04,2023-09-03,4296.511603111301,7.0
CSV_01420,Laptop,Berlin-03,2023-07-08,1011.6858904219796,1.0
CSV_01422,Laptop,Berlin-03,2023-09-09,8669.779036754177,8.0
CSV_01423,Cables,London-01,2023-08-30,212.2850776609149,7.0
CSV_01424,Phone,London-01,2023-11-17,2957.3426520625694,8.0
CSV_01425,Phone,Tokyo-04,2023-10-02,2082.838332120777,9.0
CSV_01426,Laptop,Berlin-03,2023-11-07,5686.381169816764,3.0
CSV_01427,Cables,Tokyo-04,2023-11-29,123.84463242759648,1.0
CSV_01428,Laptop,Tokyo-04,2023-07-06,7956.850891930389,4.0
CSV_01429,TV,NYC-02,2023-07-27,2954.9017152755605,2.0
CSV_01430,Monitor,Paris-05,2023-07-17,1814.5438066983547,9.0
CSV_01431,Cables,Paris-05,2023-11-03,5133.273345138818,4.0
CSV_01432,Mouse,Berlin-03,2023-08-21,757.8134890799788,1.0
CSV_01433,Mouse,Tokyo-04,2023-11-03,5172.108509467349,3.0
CSV_01434,TV,London-01,2023-10-29,2601.6039202250527,6.0
CSV_01436,Keyboard,Berlin-03,2023-12-20,48.904242040485656,3.0
CSV_01438,Cables,London-01,2023-12-08,10287.274612947785,7.0
CSV_01439,Cables,Tokyo-04,2023-12-27,6440.691294393233,7.0
CSV_01440,Phone,London-01,2023-08-19,4462.235278246794,4.0
CSV_01441,TV,NYC-02,2023-09-25,9945.720651619948,6.0
CSV_01443,Laptop,Berlin-03,2023-09-25,10772.793581659425,7.0
CSV_01444,Mouse,NYC-02,2023-11-06,3107.707077813835,3.0
CSV_01445,Cables,Tokyo-04,2023-07-14,805.8170113554966,2.0
CSV_01446,Phone,Tokyo-04,2023-07-17,3411.508957064263,2.0
CSV_01447,Monitor,Tokyo-04,2023-10-23,3761.1824242071643,5.0
CSV_01448,Keyboard,Berlin-03,2023-08-25,6922.0986678967465,9.0
CSV_01449,Mouse,Tokyo-04,2023-10-31,2340.6506199051755,2.0
CSV_01450,Cables,NYC-02,2023-09-18,10383.121251111605,9.0
CSV_01451,Phone,NYC-02,2023-11-23,1591.8755341656508,4.0
CSV_01452,Mouse,Tokyo-04,2023-12-19,9880.176137651564,5.0
CSV_01453,Mouse,NYC-02,2023-11-10,705.5770671640366,4.0
CSV_01454,TV,Berlin-03,2023-07-26,7091.891614353131,6.0
CSV_01455,Monitor,NYC-02,2023-10-03,3953.595099986794,5.0
CSV_01456,Keyboard,NYC-02,2023-07-28,472.7135193957371,1.0
CSV_01457,Mouse,Berlin-03,2023-10-29,752.736654060713,5.0
CSV_01458,TV,Paris-05,2023-08-30,15745.23003134079,9.0
CSV_01459,Monitor,London-01,2023-11-04,3513.064275117066,2.0
CSV_01460,Monitor,Berlin-03,2023-09-02,5907.5963457196085,8.0
CSV_01461,Keyboard,Tokyo-04,2023-07-23,1276.3458981854085,1.0
CSV_01462,Phone,NYC-02,2023-08-31,4473.859617307144,7.0
CSV_01463,TV,NYC-02,2023-09-23,7051.004623889579,9.0
CSV_01464,Phone,Paris-05,2023-07-23,5841.857423711491,3.0
CSV_01465,Monitor,London-01,2023-11-21,5058.026008799126,8.0
CSV_01466,Monitor,Tokyo-04,2023-09-29,3834.1061376602074,3.0
CSV_01468,Mouse,Tokyo-04,2023-09-07,6822.001034548361,8.0
CSV_01469,TV,Paris-05,2023-11-09,271.3998113113007,1.0
CSV_01470,Phone,NYC-02,2023-09-25,3300.58547342533,4.0
CSV_01471,Keyboard,Paris-05,2023-12-01,2289.4144497258776,5.0
CSV_01472,Keyboard,Berlin-03,2023-07-16,7057.292956764095,8.0
CSV_01473,TV,London-01,2023-09-15,5711.104111750895,4.0
CSV_01474,Keyboard,London-01,2023-10-17,8370.842019910837,7.0
CSV_01477,TV,Tokyo-04,2023-10-06,3147.720809059884,2.0
CSV_01479,Mouse,NYC-02,2023-10-25,3422.447050765023,3.0
CSV_01480,Keyboard,Tokyo-04,2023-10-12,11131.650777033095,6.0
CSV_01481,Monitor,Berlin-03,2023-10-18,11541.201891895895,7.0
CSV_01482,Cables,Berlin-03,2023-08-25,948.9854960781716,1.0
CSV_01483,Monitor,NYC-02,2023-07-22,1392.5858773446093,4.0
CSV_01484,Monitor,Berlin-03,2023-09-28,8897.333911935899,7.0
CSV_01485,Phone,London-01,2023-08-31,5497.826116455019,8.0
CSV_01487,Keyboard,NYC-02,2023-09-11,3127.4474296007493,4.0
CSV_01489,Cables,London-01,2023-08-20,9469.361434403589,8.0
CSV_01490,Mouse,Berlin-03,2023-08-22,10485.527440697073,9.0
CSV_01491,Monitor,Paris-05,2023-08-18,13427.156161354393,7.0
CSV_01492,Monitor,Tokyo-04,2023-11-07,15678.273225382507,9.0
CSV_01493,TV,London-01,2023-08-11,379.5180517753446,1.0
CSV_01494,Phone,NYC-02,2023-10-19,7718.047330461455,5.0
CSV_01495,TV,NYC-02,2023-08-03,13622.930093750709,7.0
CSV_01496,Laptop,London-01,2023-12-09,10978.88524608067,7.0
CSV_01497,Laptop,Tokyo-04,2023-10-11,15137.375196957775,8.0
CSV_01498,Keyboard,London-01,2023-11-19,2875.6482509579955,7.0
CSV_01499,Laptop,London-01,2023-12-09,13797.214127191739,7.0
CSV_01500,TV,London-01,2023-07-20,7654.6632186545485,5.0
CSV_01501,Monitor,NYC-02,2023-11-16,4923.515465180902,5.0
CSV_01502,TV,Berlin-03,2023-12-22,3621.8020613198346,2.0
CSV_01503,Monitor,Paris-05,2023-11-20,6185.987786377727,6.0
CSV_01505,Monitor,NYC-02,2023-08-27,2812.704983143753,2.0
CSV_01506,TV,Paris-05,2023-11-04,5643.028805196062,9.0
CSV_01507,Monitor,Paris-05,2023-08-27,4655.040681625291,6.0
CSV_01508,Mouse,NYC-02,2023-09-30,1806.3765395117994,6.0
CSV_01509,Cables,Berlin-03,2023-09-10,3359.507293877534,2.0
CSV_01510,Cables,Tokyo-04,2023-12-20,9833.154434684413,5.0
CSV_01511,Mouse,NYC-02,2023-11-09,7362.144445126811,5.0
CSV_01512,Cables,Berlin-03,2023-07-16,1859.7366951179442,9.0
CSV_01514,Cables,Berlin-03,2023-08-09,9961.888649530132,5.0
CSV_01515,Keyboard,Berlin-03,2023-08-13,139.1075678309619,6.0
CSV_01517,Laptop,Paris-05,2023-08-20,5586.772113712079,6.0
CSV_01518,TV,NYC-02,2023-10-18,8697.442592745661,6.0
CSV_01519,Cables,Paris-05,2023-10-10,1527.6516054564725,9.0
CSV_01520,Laptop,London-01,2023-11-30,4100.651717943903,5.0
CSV_01521,Monitor,Paris-05,2023-08-23,12244.986914648993,8.0
CSV_01522,Mouse,London-01,2023-09-17,10672.328799698647,9.0
CSV_01523,Monitor,London-01,2023-11-16,240.40682565187672,1.0
CSV_01524,Laptop,Paris-05,2023-08-27,1057.9574035007324,1.0
CSV_01525,Keyboard,Paris-05,2023-09-07,5842.105698936591,6.0
CSV_01526,Monitor,London-01,2023-12-22,553.3172639121755,3.0
CSV_01527,Laptop,London-01,2023-08-26,1315.193162596907,1.0
CSV_01529,Keyboard,London-01,2023-12-10,8245.650213962308,9.0
CSV_01531,Phone,Tokyo-04,2023-10-27,9659.408949513429,7.0
CSV_01533,Laptop,Tokyo-04,2023-11-13,6038.294972201466,4.0
CSV_01534,Monitor,Paris-05,2023-11-08,14600.52226492592,8.0
CSV_01535,TV,Paris-05,2023-11-11,171.9138412435393,5.0
CSV_01540,Phone,Paris-05,2023-08-24,9353.351986213573,7.0
CSV_01541,TV,Tokyo-04,2023-12-13,3639.654586565317,4.0
CSV_01542,Keyboard,Paris-05,2023-09-11,6145.59529098458,8.0
CSV_01544,Monitor,NYC-02,2023-09-15,6165.202989322404,9.0
CSV_01545,Phone,Paris-05,2023-08-11,3511.1282408715597,3.0
CSV_01546,TV,NYC-02,2023-10-27,7837.996891753319,9.0
CSV_01547,Laptop,NYC-02,2023-09-29,1697.8799831993897,1.0
CSV_01550,Mouse,London-01,2023-11-12,588.7298293377816,3.0
CSV_01552,TV,London-01,2023-08-07,5825.260355906339,5.0
CSV_01554,Phone,Tokyo-04,2023-07-06,5.0242990783050345,6.0
CSV_01556,Phone,Paris-05,2023-12-10,8914.865446713642,7.0
CSV_01558,Cables,Berlin-03,2023-08-15,1963.0105371832572,1.0
CSV_01560,Cables,NYC-02,2023-12-04,2385.549028697881,6.0
CSV_01561,TV,Paris-05,2023-12-05,5047.316223443167,3.0
CSV_01562,Mouse,London-01,2023-10-21,11059.906702338843,7.0
CSV_01563,Keyboard,Berlin-03,2023-10-29,2109.925373069309,6.0
CSV_01565,Monitor,London-01,2023-11-03,10529.016375693078,6.0
CSV_01566,Mouse,NYC-02,2023-08-09,6272.336728041426,4.0
CSV_01567,Laptop,Tokyo-04,2023-11-25,6649.855748114551,7.0
CSV_01568,Laptop,Tokyo-04,2023-12-02,2783.5253209602015,3.0
CSV_01569,Mouse,NYC-02,2023-12-21,686.5463405487786,7.0
CSV_01570,Monitor,NYC-02,2023-09-04,7154.461540022877,5.0
CSV_01571,Cables,Berlin-03,2023-10-12,14514.77975466662,8.0
CSV_01572,Cables,NYC-02,2023-10-12,11630.564374493106,8.0
CSV_01573,Laptop,Paris-05,2023-11-14,8091.240418077507,5.0
CSV_01575,Mouse,NYC-02,2023-07-24,1519.123781425515,5.0
CSV_01576,Monitor,NYC-02,2023-12-13,1161.1753503249467,3.0
CSV_01577,Phone,Berlin-03,2023-07-29,7318.552890906612,8.0
CSV_01579,Mouse,Berlin-03,2023-12-08,1552.6181313852835,4.0
CSV_01580,Monitor,London-01,2023-12-22,760.6406987284283,7.0
CSV_01581,Phone,NYC-02,2023-10-21,12125.383008166576,9.0
CSV_01582,Monitor,London-01,2023-07-04,758.3549458450989,5.0
CSV_01584,Cables,Berlin-03,2023-08-24,11814.542125943784,7.0
CSV_01585,Monitor,London-01,2023-12-13,3499.422368722695,3.0
CSV_01586,Laptop,London-01,2023-08-14,2069.710304280071,4.0
CSV_01588,Keyboard,Paris-05,2023-12-14,3695.88112468816,2.0
CSV_01589,Phone,London-01,2023-09-11,7263.358962095597,6.0
CSV_01590,Phone,Paris-05,2023-10-20,3638.3130313085035,9.0
CSV_01591,TV,NYC-02,2023-10-07,1181.7835899321858,1.0
CSV_01593,Phone,Berlin-03,2023-09-11,2998.206595750823,4.0
CSV_01594,Cables,Paris-05,2023-10-07,4775.386497232935,5.0
CSV_01595,Mouse,NYC-02,2023-10-29,15468.03912375068,8.0
CSV_01597,Monitor,Berlin-03,2023-09-08,10805.705662787672,7.0
CSV_01598,Keyboard,NYC-02,2023-10-26,2124.3657452135603,4.0
CSV_01599,Mouse,Tokyo-04,2023-10-13,6504.124899460633,7.0
CSV_01600,Keyboard,Paris-05,2023-12-01,2339.24813465604,9.0
CSV_01602,TV,Tokyo-04,2023-10-02,2734.3235556726886,2.0
CSV_01603,Phone,Paris-05,2023-09-17,11194.522438652244,8.0
CSV_01604,Keyboard,Paris-05,2023-09-11,7999.739837653292,5.0
CSV_01606,Monitor,Paris-05,2023-11-29,2465.883148024866,5.0
CSV_01607,Laptop,London-01,2023-08-06,2272.6665970890053,3.0
CSV_01608,Keyboard,NYC-02,2023-11-22,1643.2913672640173,3.0
CSV_01609,Cables,Berlin-03,2023-10-28,1373.1787141893296,1.0
CSV_01610,TV,NYC-02,2023-10-12,7915.882799458768,8.0
CSV_01611,Cables,Berlin-03,2023-07-21,1523.659130707586,1.0
CSV_01612,Keyboard,Paris-05,2023-08-27,5427.570337580348,3.0
CSV_01614,Mouse,Tokyo-04,2023-11-06,3238.033016156344,2.0
CSV_01615,Cables,Paris-05,2023-11-09,9126.718802386784,6.0
CSV_01616,Mouse,London-01,2023-12-27,3973.869706737717,6.0
CSV_01617,TV,Tokyo-04,2023-09-20,6533.54837582306,7.0
CSV_01618,Phone,London-01,2023-10-07,9327.748955942836,6.0
CSV_01619,Phone,Berlin-03,2023-10-12,772.8552362972939,2.0
CSV_01620,Monitor,Tokyo-04,2023-07-19,3624.1840543297585,4.0
CSV_01622,TV,Tokyo-04,2023-07-15,4865.780404573345,7.0
CSV_01623,Cables,NYC-02,2023-08-22,1901.9650251527037,3.0
CSV_01626,Monitor,London-01,2023-08-19,1665.0090458002808,7.0
CSV_01627,Cables,Tokyo-04,2023-09-22,2711.111918933998,2.0
CSV_01628,Phone,NYC-02,2023-10-13,4991.24915575301,7.0
CSV_01629,Laptop,Paris-05,2023-11-10,9989.086114468717,5.0
CSV_01631,Mouse,Tokyo-04,2023-12-13,2902.501036706355,4.0
CSV_01632,Cables,London-01,2023-08-08,3716.335944186614,2.0
CSV_01633,Monitor,NYC-02,2023-10-17,3294.4692156594274,3.0
CSV_01634,Phone,Paris-05,2023-11-11,10071.956200202072,9.0
CSV_01635,Laptop,NYC-02,2023-12-04,16447.258663289507,9.0
CSV_01636,Mouse,Paris-05,2023-08-02,1040.1953380094722,5.0
CSV_01637,Mouse,NYC-02,2023-08-05,3358.3738779178348,2.0
CSV_01638,Cables,Paris-05,2023-12-26,1968.6687348802982,3.0
CSV_01640,Keyboard,London-01,2023-12-09,6003.715677060841,5.0
CSV_01643,Laptop,NYC-02,2023-10-20,2542.9878892097277,4.0
CSV_01644,Laptop,London-01,2023-08-06,1720.9236059372258,6.0
CSV_01645,Mouse,London-01,2023-10-11,2297.576788743493,5.0
CSV_01647,Cables,London-01,2023-11-27,1506.8507326141314,1.0
CSV_01648,Laptop,Tokyo-04,2023-07-14,811.5633953562663,6.0
CSV_01649,TV,London-01,2023-09-02,3329.1501964857343,5.0
CSV_01650,Laptop,Berlin-03,2023-07-02,811.8382975851816,2.0
CSV_01651,Mouse,London-01,2023-07-07,10170.650537863266,8.0
CSV_01652,TV,London-01,2023-08-28,322.05316708367263,6.0
CSV_01653,Monitor,Paris-05,2023-10-30,2852.3105324901107,4.0
CSV_01654,Laptop,Berlin-03,2023-07-26,8678.820125711281,6.0
CSV_01655,TV,Paris-05,2023-11-05,4949.452570567546,7.0
CSV_01657,TV,Berlin-03,2023-09-06,7184.677446577887,8.0
CSV_01658,Phone,Berlin-03,2023-08-03,3259.368750140431,4.0
CSV_01659,Laptop,Tokyo-04,2023-08-14,1473.74344206868,1.0
CSV_01662,Mouse,NYC-02,2023-07-18,1168.3759474282067,1.0
CSV_01663,Phone,London-01,2023-08-06,4717.03255443728,4.0
CSV_01666,Cables,Paris-05,2023-09-11,8903.607483714673,6.0
CSV_01667,TV,Tokyo-04,2023-09-06,8843.279774114151,8.0
CSV_01668,Keyboard,London-01,2023-08-01,6874.27954498092,4.0
CSV_01669,Phone,NYC-02,2023-12-22,2865.3268386042982,3.0
CSV_01670,Laptop,NYC-02,2023-10-28,5952.990288635924,5.0
CSV_01671,Laptop,London-01,2023-10-03,5181.0403027592565,3.0
CSV_01672,Laptop,Berlin-03,2023-08-11,3160.302714835865,3.0
CSV_01673,TV,Tokyo-04,2023-09-18,3532.366742889263,3.0
CSV_01674,Laptop,NYC-02,2023-08-19,5665.931584895539,8.0
CSV_01675,Monitor,NYC-02,2023-12-15,830.933256017019,2.0
CSV_01676,Laptop,NYC-02,2023-10-14,3789.526431367188,2.0
CSV_01677,Monitor,Berlin-03,2023-07-15,3790.9238124831854,3.0
CSV_01678,Laptop,Tokyo-04,2023-08-08,1411.3802208815714,2.0
CSV_01681,Keyboard,Tokyo-04,2023-08-15,17207.413182647328,9.0
CSV_01682,Monitor,Paris-05,2023-10-12,16551.835528775155,9.0
CSV_01683,Laptop,Tokyo-04,2023-08-31,4740.969436744187,3.0
CSV_01684,Cables,Berlin-03,2023-07-28,8711.502645757802,6.0
CSV_01686,TV,Paris-05,2023-09-25,6235.63771514968,4.0
CSV_01687,Cables,London-01,2023-11-06,6669.839289578383,7.0
CSV_01689,Cables,Tokyo-04,2023-09-09,13526.018593193368,9.0
CSV_01691,Mouse,Berlin-03,2023-08-22,2138.353005024938,3.0
CSV_01692,Mouse,Berlin-03,2023-10-24,3840.232512163516,4.0
CSV_01693,Monitor,Paris-05,2023-08-29,3890.9144570213466,2.0
CSV_01695,Mouse,Paris-05,2023-12-13,741.6670499004128,1.0
CSV_01697,Mouse,London-01,2023-12-01,1162.8726094694157,2.0
CSV_01700,Monitor,Paris-05,2023-10-08,2995.57921476279,3.0
CSV_01701,Laptop,London-01,2023-11-17,10556.806248171877,9.0
CSV_01702,Cables,Tokyo-04,2023-12-17,674.7106361709266,8.0
CSV_01703,TV,Paris-05,2023-11-02,6645.045306137447,9.0
CSV_01705,Monitor,Berlin-03,2023-09-05,7313.24272114715,4.0
CSV_01706,Monitor,Paris-05,2023-11-01,1253.7145672510237,1.0
CSV_01709,TV,Paris-05,2023-08-10,1694.4172576853798,2.0
CSV_01710,Mouse,Tokyo-04,2023-07-18,1493.2045311536924,1.0
CSV_01711,Keyboard,Berlin-03,2023-09-22,10835.51977289865,8.0
CSV_01712,Laptop,Tokyo-04,2023-09-19,1117.2057345479461,3.0
CSV_01713,Monitor,Paris-05,2023-09-30,274.2883465611219,6.0
CSV_01715,Mouse,NYC-02,2023-08-11,816.958949398448,2.0
CSV_01718,Laptop,Tokyo-04,2023-10-03,939.0772456827332,1.0
CSV_01719,Keyboard,NYC-02,2023-12-07,5569.661858594192,3.0
CSV_01720,Laptop,Paris-05,2023-08-27,8301.438183186307,6.0
CSV_01721,Mouse,Berlin-03,2023-12-09,12877.880106756,7.0
CSV_01722,Phone,NYC-02,2023-09-13,11690.5557047757,9.0
CSV_01723,Mouse,NYC-02,2023-09-28,1516.367551765663,1.0
CSV_01724,Laptop,Tokyo-04,2023-11-15,3888.3059240186512,2.0
CSV_01725,Cables,NYC-02,2023-10-12,12889.446086861435,9.0
CSV_01726,Mouse,Paris-05,2023-10-01,17054.673771192058,9.0
CSV_01727,TV,NYC-02,2023-10-31,54.99346951679183,1.0
CSV_01728,Monitor,Tokyo-04,2023-09-19,223.03099071199472,2.0
CSV_01729,TV,Paris-05,2023-07-20,1136.02992725015,9.0
CSV_01730,Phone,NYC-02,2023-08-04,1878.8101726782475,7.0
CSV_01731,Keyboard,Berlin-03,2023-09-21,1719.0157965913477,2.0
CSV_01734,Laptop,Tokyo-04,2023-10-16,9644.51791380832,9.0
CSV_01738,Laptop,Berlin-03,2023-10-26,2696.3946383838893,8.0
CSV_01739,TV,Berlin-03,2023-11-26,17897.05124580392,9.0
CSV_01741,Mouse,Berlin-03,2023-08-14,1611.3309602993936,1.0
CSV_01744,TV,Tokyo-04,2023-12-12,1065.5509256610112,3.0
CSV_01745,Cables,Berlin-03,2023-12-03,1569.518979812436,2.0
CSV_01746,TV,NYC-02,2023-08-27,9157.76282141767,5.0
CSV_01747,Monitor,Tokyo-04,2023-08-14,1644.8667017266262,1.0
CSV_01748,Phone,Paris-05,2023-08-01,4971.211223077338,5.0
CSV_01749,Monitor,Berlin-03,2023-11-23,1150.8492172463957,3.0
CSV_01750,Phone,Tokyo-04,2023-10-13,9699.594476586059,6.0
CSV_01751,Mouse,Tokyo-04,2023-09-01,536.1591460691686,3.0
CSV_01753,Monitor,London-01,2023-09-29,7933.561295279722,7.0
CSV_01754,Monitor,Paris-05,2023-10-27,5223.664779049161,8.0
CSV_01757,Cables,Berlin-03,2023-09-04,45.12371637517208,1.0
CSV_01758,Cables,London-01,2023-09-06,778.9620702345499,6.0
CSV_01759,Keyboard,London-01,2023-11-12,6935.108934603759,8.0
CSV_01760,Mouse,Tokyo-04,2023-08-11,5000.390461173366,3.0
CSV_01761,Laptop,Berlin-03,2023-11-03,8432.105318385593,6.0
CSV_01762,Cables,NYC-02,2023-11-20,8458.15757628433,5.0
CSV_01763,Mouse,NYC-02,2023-12-25,1584.557070112584,1.0
CSV_01765,Laptop,Paris-05,2023-10-08,1734.959153345571,1.0
CSV_01766,Laptop,Tokyo-04,2023-11-11,8653.494838193747,6.0
CSV_01767,TV,Paris-05,2023-07-28,2794.9598625673902,7.0
CSV_01768,TV,Berlin-03,2023-10-19,1631.6306846782418,2.0
CSV_01769,Laptop,Tokyo-04,2023-07-31,11966.14592165665,6.0
CSV_01770,Keyboard,London-01,2023-09-20,5931.681896622071,8.0
CSV_01773,Mouse,Paris-05,2023-12-18,10184.137904953757,7.0
CSV_01774,TV,London-01,2023-09-16,8033.083032220855,9.0
CSV_01775,Monitor,London-01,2023-07-13,4493.666811378149,4.0
CSV_01776,Keyboard,Paris-05,2023-07-28,3783.464282759366,3.0
CSV_01777,Keyboard,London-01,2023-09-17,14539.163013856136,9.0
CSV_01778,TV,Paris-05,2023-12-11,1917.1516098774823,2.0
CSV_01779,TV,NYC-02,2023-08-24,15709.850858136262,9.0
CSV_01780,Keyboard,London-01,2023-10-11,3908.457122540218,3.0
CSV_01781,Monitor,Paris-05,2023-11-10,4761.0083674973575,8.0
CSV_01782,Phone,NYC-02,2023-07-12,11064.823942822413,8.0
CSV_01784,Cables,NYC-02,2023-10-18,1520.4560772502414,4.0
CSV_01785,Keyboard,Berlin-03,2023-10-03,3443.195311380269,7.0
CSV_01786,Phone,London-01,2023-09-21,1584.395994502991,8.0
CSV_01787,Cables,Paris-05,2023-11-27,4166.476126381915,5.0
CSV_01788,TV,Tokyo-04,2023-08-28,981.0992126780544,3.0
CSV_01789,Keyboard,Tokyo-04,2023-08-19,9767.242924330501,9.0
CSV_01790,Laptop,Tokyo-04,2023-12-03,4804.530157112442,8.0
CSV_01791,Phone,NYC-02,2023-12-01,412.1224689057861,1.0
CSV_01792,Phone,NYC-02,2023-09-28,4015.579874530954,5.0
CSV_01794,Mouse,Berlin-03,2023-07-23,631.203628785328,8.0
CSV_01795,TV,NYC-02,2023-10-27,3841.7418418172415,4.0
CSV_01796,Keyboard,Tokyo-04,2023-08-21,7929.008900529862,5.0
CSV_01798,Monitor,Berlin-03,2023-11-01,6430.107448172371,5.0
CSV_01799,Mouse,Paris-05,2023-08-11,868.774119531141,1.0
CSV_01800,Keyboard,NYC-02,2023-09-11,10739.599290713139,8.0
CSV_01801,Mouse,London-01,2023-12-14,590.3756662980902,1.0
CSV_01802,Laptop,Paris-05,2023-08-10,723.3163734417834,2.0
CSV_01803,Monitor,Tokyo-04,2023-11-15,6564.922718389126,7.0
CSV_01805,Keyboard,Tokyo-04,2023-10-12,3941.2510153839403,3.0
CSV_01806,Keyboard,Berlin-03,2023-08-02,3482.111494042513,2.0
CSV_01807,Cables,Berlin-03,2023-07-15,782.8052999254273,2.0
CSV_01808,Phone,Tokyo-04,2023-09-06,3546.687868954036,2.0
CSV_01809,TV,London-01,2023-10-30,5763.934240664878,4.0
CSV_01811,Laptop,NYC-02,2023-11-21,2688.62967317423,2.0
CSV_01812,TV,Tokyo-04,2023-10-27,1146.4409204078624,1.0
CSV_01814,Monitor,Tokyo-04,2023-07-19,1698.1438479043168,1.0
CSV_01816,TV,Paris-05,2023-11-03,11465.35476315606,7.0
CSV_01817,Laptop,Tokyo-04,2023-07-13,2579.983878419092,2.0
CSV_01818,Cables,Paris-05,2023-12-16,25.460770356346078,8.0
CSV_01819,Monitor,Paris-05,2023-07-01,14300.915395532045,9.0
CSV_01821,Phone,NYC-02,2023-09-14,4930.899381630415,4.0
CSV_01822,Monitor,Berlin-03,2023-08-26,1722.052521238144,4.0
CSV_01823,Monitor,London-01,2023-09-05,6540.736247957689,6.0
CSV_01824,TV,Paris-05,2023-11-22,2715.984766189107,2.0
CSV_01825,Laptop,Tokyo-04,2023-10-31,6564.081229063708,5.0
CSV_01826,Laptop,Tokyo-04,2023-09-28,144.86659394562605,1.0
CSV_01828,TV,Paris-05,2023-12-05,5129.5962555407,9.0
CSV_01829,Keyboard,Berlin-03,2023-07-31,3282.059066754672,9.0
CSV_01832,Mouse,Berlin-03,2023-10-14,5431.7964374055155,3.0
CSV_01835,Mouse,Paris-05,2023-08-16,5371.572042762722,4.0
CSV_01836,TV,Paris-05,2023-08-30,9406.520800148832,5.0
CSV_01837,Laptop,Tokyo-04,2023-11-05,5222.323949492682,6.0
CSV_01838,Cables,Tokyo-04,2023-09-17,13994.70116903371,7.0
CSV_01839,TV,Berlin-03,2023-12-04,2854.402595559588,8.0
CSV_01840,Laptop,NYC-02,2023-07-29,125.51295022807858,7.0
CSV_01841,Mouse,Paris-05,2023-08-02,942.2265502470698,2.0
CSV_01842,Cables,London-01,2023-09-01,915.1747800988755,2.0
CSV_01843,Mouse,Berlin-03,2023-11-28,2077.137881661801,2.0
CSV_01844,Phone,Tokyo-04,2023-08-26,2058.37118439274,7.0
CSV_01845,Monitor,Paris-05,2023-12-20,15753.131293721048,9.0
CSV_01846,Keyboard,Paris-05,2023-10-10,10406.20152579888,9.0
CSV_01848,Mouse,Paris-05,2023-09-06,5095.979344969214,7.0
CSV_01849,Mouse,Paris-05,2023-11-25,539.1389462966697,2.0
CSV_01850,TV,NYC-02,2023-09-25,243.4332301863092,1.0
CSV_01851,Phone,Paris-05,2023-09-08,9388.02981292104,7.0
CSV_01852,TV,London-01,2023-11-30,13211.225587496392,7.0
CSV_01853,Monitor,Paris-05,2023-10-04,11951.930473843084,7.0
CSV_01854,Monitor,London-01,2023-08-31,5176.638829262181,3.0
CSV_01856,Monitor,London-01,2023-09-08,6619.512168852326,6.0
CSV_01857,Cables,Tokyo-04,2023-10-23,951.9764018611528,1.0
CSV_01858,Laptop,London-01,2023-08-05,4932.570158395018,4.0
CSV_01859,Cables,NYC-02,2023-10-02,1200.1429012364279,3.0
CSV_01860,Monitor,Paris-05,2023-10-20,9495.848951034306,6.0
CSV_01861,Monitor,Paris-05,2023-07-15,3800.5115245026177,2.0
CSV_01863,Mouse,Tokyo-04,2023-08-15,12505.526825454817,8.0
CSV_01864,Keyboard,Tokyo-04,2023-08-03,7974.002763196093,4.0
CSV_01865,Keyboard,Tokyo-04,2023-08-22,3454.1902354579074,8.0
CSV_01866,Keyboard,Berlin-03,2023-11-26,2662.6864140242596,3.0
CSV_01867,Laptop,Tokyo-04,2023-09-27,2594.521316737761,2.0
CSV_01869,Phone,London-01,2023-10-06,5920.290905109159,8.0
CSV_01870,Mouse,Paris-05,2023-12-26,2428.60876825529,5.0
CSV_01872,Mouse,NYC-02,2023-10-05,3620.6793913217866,2.0
CSV_01875,Monitor,Berlin-03,2023-08-20,4667.124158213208,3.0
CSV_01876,Keyboard,Paris-05,2023-10-05,4796.894893672677,8.0
CSV_01877,Cables,NYC-02,2023-08-26,7870.001545007594,6.0
CSV_01878,Cables,Tokyo-04,2023-12-09,7986.725543512804,4.0
CSV_01879,Monitor,Tokyo-04,2023-10-19,14279.290284815732,9.0
CSV_01880,TV,London-01,2023-12-04,1256.2110241894884,7.0
CSV_01881,Keyboard,Tokyo-04,2023-07-02,4526.338336022534,4.0
CSV_01882,Phone,London-01,2023-07-17,7800.088436073946,4.0
CSV_01883,TV,Paris-05,2023-08-30,14660.46996808892,9.0
CSV_01884,Keyboard,London-01,2023-11-02,10751.704383838907,7.0
CSV_01885,Laptop,Tokyo-04,2023-07-20,4223.065480479043,3.0
CSV_01886,Monitor,Berlin-03,2023-11-11,6642.41367919306,7.0
CSV_01887,Mouse,Berlin-03,2023-08-29,7717.794857304022,9.0
CSV_01888,Laptop,Berlin-03,2023-11-15,10312.90382931573,7.0
CSV_01890,TV,NYC-02,2023-09-09,958.9101121612541,3.0
CSV_01891,Keyboard,Paris-05,2023-11-10,12249.105299166062,7.0
CSV_01892,Mouse,Tokyo-04,2023-07-19,1157.2877266064725,4.0
CSV_01893,TV,NYC-02,2023-12-22,7864.770119382992,4.0
CSV_01897,Monitor,Paris-05,2023-10-18,4882.05053076501,9.0
CSV_01898,Keyboard,Paris-05,2023-11-11,772.7131495234482,5.0
CSV_01899,Cables,Paris-05,2023-10-11,11019.020317061158,8.0
CSV_01902,Mouse,Berlin-03,2023-07-10,10693.55472516514,6.0
CSV_01904,Laptop,Tokyo-04,2023-11-13,2404.333846580391,4.0
CSV_01906,Keyboard,Paris-05,2023-10-19,5586.1989611596255,5.0
CSV_01907,TV,Tokyo-04,2023-09-30,1448.9524512846824,7.0
CSV_01909,Monitor,London-01,2023-07-04,10666.428227120357,7.0
CSV_01910,Monitor,NYC-02,2023-08-17,9257.390802719361,6.0
CSV_01911,Monitor,Berlin-03,2023-11-22,893.940097909363,6.0
CSV_01912,Monitor,Paris-05,2023-07-04,6723.9026828723945,8.0
CSV_01913,Mouse,Berlin-03,2023-09-18,3151.095593383736,4.0
CSV_01914,Keyboard,Paris-05,2023-07-07,8215.672878802716,6.0
CSV_01915,Monitor,NYC-02,2023-10-04,5663.66607483384,4.0
CSV_01919,Mouse,Tokyo-04,2023-07-07,11586.748744052107,8.0
CSV_01921,Keyboard,Paris-05,2023-07-08,1225.4607599637252,5.0
CSV_01922,Mouse,Berlin-03,2023-08-15,1084.124717270507,2.0
CSV_01923,Monitor,Berlin-03,2023-09-15,6821.530394629457,7.0
CSV_01924,Phone,NYC-02,2023-09-05,1970.5373822894533,1.0
CSV_01925,Laptop,Paris-05,2023-07-23,2015.6803800013213,6.0
CSV_01926,TV,London-01,2023-12-08,529.3317880594168,4.0
CSV_01927,Phone,London-01,2023-10-27,5023.597637992212,3.0
CSV_01928,Cables,Paris-05,2023-09-03,5665.544572426627,3.0
CSV_01929,Monitor,Berlin-03,2023-10-01,1177.962250501168,1.0
CSV_01930,Keyboard,NYC-02,2023-12-06,3751.8403359790636,5.0
CSV_01931,TV,Paris-05,2023-10-22,98.22552933778012,5.0
CSV_01932,Mouse,London-01,2023-11-11,4267.471781859107,3.0
CSV_01933,Keyboard,NYC-02,2023-10-07,13468.355970850003,7.0
CSV_01934,TV,London-01,2023-12-09,2529.499055531631,2.0
CSV_01935,Mouse,Tokyo-04,2023-10-07,7479.862191661953,4.0
CSV_01937,TV,NYC-02,2023-11-11,5335.675226509384,4.0
CSV_01938,Keyboard,Berlin-03,2023-10-11,6751.798491675412,4.0
CSV_01939,Laptop,Tokyo-04,2023-09-30,13547.711958069738,7.0
CSV_01940,Laptop,London-01,2023-08-18,5723.9692105884615,5.0
CSV_01941,Laptop,NYC-02,2023-12-02,9635.000226547192,9.0
CSV_01942,Monitor,Berlin-03,2023-09-06,2332.530930593425,3.0
CSV_01943,Cables,London-01,2023-09-17,8852.605918899124,9.0
CSV_01944,Laptop,Paris-05,2023-07-31,6457.870938939504,9.0
CSV_01945,Phone,Berlin-03,2023-12-13,4045.412266117042,4.0
CSV_01946,Mouse,London-01,2023-07-18,1749.1936033947422,7.0
CSV_01948,Keyboard,Paris-05,2023-12-27,11779.005578170805,9.0
CSV_01949,TV,Berlin-03,2023-07-18,634.1109905540607,5.0
CSV_01950,TV,Berlin-03,2023-09-09,13400.670527597711,9.0
CSV_01951,Laptop,Tokyo-04,2023-10-24,286.73715825835325,1.0
CSV_01954,Mouse,Berlin-03,2023-07-07,2500.5837031865954,9.0
CSV_01956,Laptop,London-01,2023-07-10,15539.559346081009,9.0
CSV_01957,Cables,NYC-02,2023-11-07,292.838312120108,1.0
CSV_01959,Mouse,Paris-05,2023-09-22,9554.206531061483,5.0
CSV_01960,Laptop,Tokyo-04,2023-12-27,771.5855368765442,4.0
CSV_01961,TV,NYC-02,2023-11-28,685.979333555156,3.0
CSV_01962,TV,London-01,2023-08-17,524.7728739038611,9.0
CSV_01963,Mouse,Tokyo-04,2023-12-23,11021.418757341735,6.0
CSV_01964,Laptop,NYC-02,2023-08-17,3476.302352766059,3.0
CSV_01965,Phone,Tokyo-04,2023-10-03,4059.8079887350814,8.0
CSV_01967,Laptop,NYC-02,2023-12-24,1006.8481369936358,2.0
CSV_01969,Laptop,Paris-05,2023-08-02,10631.960970761318,8.0
CSV_01970,TV,Paris-05,2023-08-06,1860.2568869280424,1.0
CSV_01971,Keyboard,Tokyo-04,2023-07-03,2463.232798689354,9.0
CSV_01972,Keyboard,London-01,2023-08-30,2683.601740157446,7.0
CSV_01973,Phone,Tokyo-04,2023-09-16,3032.320198789605,5.0
CSV_01974,Cables,Paris-05,2023-09-14,7884.131192959813,7.0
CSV_01975,Laptop,London-01,2023-11-26,80.88353771824416,1.0
CSV_01976,Keyboard,Berlin-03,2023-08-29,10646.380080363391,8.0
CSV_01978,Monitor,London-01,2023-08-05,2041.350336044947,3.0
CSV_01979,Laptop,Paris-05,2023-09-24,4297.771927864121,7.0
CSV_01980,Phone,Berlin-03,2023-09-28,4696.973872917327,4.0
CSV_01981,Mouse,London-01,2023-11-28,4821.548291488424,4.0
CSV_01982,Monitor,London-01,2023-10-10,2535.0621878037173,3.0
CSV_01984,TV,London-01,2023-08-21,4314.788232718457,9.0
CSV_01986,Phone,Berlin-03,2023-10-06,7442.138907494031,6.0
CSV_01987,TV,Berlin-03,2023-09-25,5274.908619101712,3.0
CSV_01988,TV,Tokyo-04,2023-07-28,2744.898166469136,2.0
CSV_01989,Keyboard,Berlin-03,2023-12-22,11266.429413565864,6.0
CSV_01990,Monitor,London-01,2023-11-05,4521.010079759378,3.0
CSV_01992,Mouse,London-01,2023-09-24,6962.276351710567,4.0
CSV_01993,Monitor,London-01,2023-07-15,9610.731880626652,6.0
CSV_01995,Laptop,NYC-02,2023-07-23,11627.51354363896,7.0
CSV_01997,TV,NYC-02,2023-12-19,11546.451774325278,7.0
CSV_01998,Laptop,London-01,2023-07-03,1310.1392736563412,6.0
CSV_02000,Monitor,Tokyo-04,2023-07-09,11460.932311406057,8.0
CSV_02001,Laptop,Paris-05,2023-09-11,6238.388704449038,6.0
CSV_02002,Monitor,London-01,2023-09-28,13437.915461813303,9.0
CSV_02004,TV,Paris-05,2023-10-05,2244.2626152646235,4.0
CSV_02007,Monitor,NYC-02,2023-10-13,4340.793919853621,6.0
CSV_02008,Monitor,Tokyo-04,2023-12-09,13906.758810645002,9.0
CSV_02009,Cables,Berlin-03,2023-11-19,1699.8691542829013,3.0
CSV_02010,Phone,Tokyo-04,2023-10-01,4014.619413057537,6.0
CSV_02011,Mouse,London-01,2023-12-26,1384.333921942215,7.0
CSV_02012,Phone,London-01,2023-09-24,962.7124372998009,1.0
CSV_02013,TV,NYC-02,2023-08-18,2065.4961657174226,4.0
CSV_02014,Phone,Tokyo-04,2023-11-12,407.8808926736797,9.0
CSV_02015,Mouse,Tokyo-04,2023-12-01,7339.448879335832,8.0
CSV_02016,Monitor,Paris-05,2023-07-28,749.5778813408301,1.0
CSV_02018,Keyboard,NYC-02,2023-08-07,1329.1184377180948,4.0
CSV_02019,Monitor,NYC-02,2023-11-19,1287.1716949036922,4.0
CSV_02020,TV,London-01,2023-10-02,5042.17079752259,4.0
CSV_02021,Cables,Tokyo-04,2023-11-26,1985.3075222982593,2.0
CSV_02023,Monitor,Paris-05,2023-10-21,12923.827531696068,8.0
CSV_02025,Monitor,NYC-02,2023-07-25,1619.6246427453975,6.0
CSV_02026,Monitor,NYC-02,2023-08-17,7267.908456554052,4.0
CSV_02028,Phone,London-01,2023-08-26,2859.804128398064,8.0
CSV_02029,Keyboard,London-01,2023-12-01,1180.0625552997465,1.0
CSV_02030,Phone,London-01,2023-08-25,2036.3762234941314,4.0
CSV_02032,Keyboard,Tokyo-04,2023-09-19,4977.770959809885,4.0
CSV_02033,Cables,Berlin-03,2023-09-21,4950.167418345532,4.0
CSV_02034,TV,Berlin-03,2023-07-16,2214.399139034679,6.0
CSV_02035,Laptop,Tokyo-04,2023-09-30,5981.823628170441,3.0
CSV_02036,Phone,London-01,2023-08-30,2778.911828677451,7.0
CSV_02037,Mouse,Berlin-03,2023-10-17,327.65444326032923,9.0
CSV_02039,Mouse,Paris-05,2023-07-31,2579.637882298911,3.0
CSV_02041,Laptop,London-01,2023-11-19,4128.228435343957,5.0
CSV_02042,Cables,Paris-05,2023-10-02,405.23700477980793,2.0
CSV_02043,Cables,Paris-05,2023-09-19,1995.8789238019708,7.0
CSV_02044,TV,Paris-05,2023-10-27,3589.4025984943855,9.0
CSV_02048,Cables,London-01,2023-08-05,7783.170533438198,9.0
CSV_02049,Keyboard,London-01,2023-11-26,6504.983985594063,4.0
CSV_02050,Mouse,Berlin-03,2023-10-02,11757.356695036702,9.0
CSV_02051,Mouse,NYC-02,2023-10-12,2083.6298126525317,3.0
CSV_02052,Keyboard,NYC-02,2023-12-27,1928.5429272274632,6.0
CSV_02054,Phone,London-01,2023-08-07,735.849490174023,2.0
CSV_02055,Monitor,NYC-02,2023-12-15,7795.333010278119,7.0
CSV_02056,Mouse,London-01,2023-11-16,8938.163931030122,9.0
CSV_02057,Laptop,Paris-05,2023-10-10,3814.3507361556753,6.0
CSV_02058,Monitor,Tokyo-04,2023-08-09,11600.34791934471,7.0
CSV_02059,Laptop,London-01,2023-08-26,3463.507883018987,5.0
CSV_02060,Laptop,Paris-05,2023-10-07,3693.653832516103,2.0
CSV_02061,Keyboard,Paris-05,2023-11-12,10045.57641597951,6.0
CSV_02062,Cables,Berlin-03,2023-08-29,939.2352244815905,7.0
CSV_02063,Keyboard,Berlin-03,2023-09-18,1515.2696554338368,4.0
CSV_02064,Laptop,Paris-05,2023-11-18,318.0307742645673,1.0
CSV_02065,Phone,Paris-05,2023-11-10,2535.494934414125,3.0
CSV_02066,TV,London-01,2023-09-15,4083.0827268239073,9.0
CSV_02068,Cables,Berlin-03,2023-10-11,13674.791543335728,9.0
CSV_02069,TV,NYC-02,2023-07-18,1092.7911220307458,1.0
CSV_02070,Cables,Paris-05,2023-09-21,6029.192438591448,6.0
CSV_02071,Mouse,London-01,2023-08-27,1834.7917536685195,7.0
CSV_02072,Cables,Paris-05,2023-07-15,729.9295913588721,8.0
CSV_02073,Phone,NYC-02,2023-07-14,13085.111683264124,7.0
CSV_02074,Mouse,London-01,2023-11-29,4990.126792844425,3.0
CSV_02078,TV,Tokyo-04,2023-09-10,13826.539198982267,8.0
CSV_02079,Laptop,Paris-05,2023-11-07,3959.9087905748784,5.0
CSV_02080,Laptop,Paris-05,2023-08-13,12847.035036542587,9.0
CSV_02081,Laptop,London-01,2023-12-10,14825.061943343393,9.0
CSV_02082,Keyboard,NYC-02,2023-11-10,4821.785260663404,4.0
CSV_02084,Phone,Tokyo-04,2023-07-25,1113.262774199327,4.0
CSV_02085,Keyboard,London-01,2023-07-27,8451.253073820366,6.0
CSV_02086,Laptop,NYC-02,2023-08-05,6768.81278864607,6.0
CSV_02087,Monitor,Tokyo-04,2023-10-15,5611.084417546218,4.0
CSV_02088,TV,Tokyo-04,2023-11-21,6270.453953877763,9.0
CSV_02090,Phone,Berlin-03,2023-09-23,867.1772187540109,1.0
CSV_02091,Phone,Berlin-03,2023-07-02,4824.047106754465,4.0
CSV_02092,Phone,NYC-02,2023-08-16,58.5290587648916,3.0
CSV_02093,Monitor,London-01,2023-07-15,8211.032635423237,5.0
CSV_02096,Phone,Tokyo-04,2023-11-17,2676.483394013943,2.0
CSV_02097,Cables,Berlin-03,2023-10-06,8159.999034554944,5.0
CSV_02098,Mouse,Paris-05,2023-08-06,2840.807122884196,2.0
CSV_02099,Mouse,Tokyo-04,2023-09-25,4979.552943359498,7.0
CSV_02100,Mouse,Paris-05,2023-10-25,1750.471345102928,4.0
CSV_02102,Keyboard,NYC-02,2023-08-22,6446.326717542824,4.0
CSV_02103,Mouse,NYC-02,2023-07-05,7495.1011559950875,6.0
CSV_02105,TV,NYC-02,2023-07-03,15542.062807753833,8.0
CSV_02107,Laptop,NYC-02,2023-09-22,1493.17098324776,4.0
CSV_02108,TV,Berlin-03,2023-10-05,3572.2645641850154,2.0
CSV_02109,Mouse,Berlin-03,2023-11-18,5846.517277458205,9.0
CSV_02111,Keyboard,Paris-05,2023-11-26,12206.01165409422,7.0
CSV_02112,Keyboard,Tokyo-04,2023-09-13,7233.637261409318,9.0
CSV_02113,Keyboard,Berlin-03,2023-07-27,564.8303651941086,5.0
CSV_02117,TV,Tokyo-04,2023-07-15,6088.857073235612,7.0
CSV_02118,Keyboard,Berlin-03,2023-08-08,865.3924482027871,6.0
CSV_02119,Phone,Tokyo-04,2023-08-08,3636.7106555842943,4.0
CSV_02120,Phone,Berlin-03,2023-07-13,11008.20706074519,7.0
CSV_02121,Laptop,Tokyo-04,2023-11-23,4255.27562467903,7.0
CSV_02122,Monitor,London-01,2023-12-04,2977.8886651776165,4.0
CSV_02124,Mouse,Paris-05,2023-10-05,1768.1987878419645,2.0
CSV_02125,Mouse,London-01,2023-08-30,1088.8963027581867,7.0
CSV_02126,Monitor,Tokyo-04,2023-07-27,3218.860909328142,3.0
CSV_02127,Phone,London-01,2023-10-10,6157.416388319847,5.0
CSV_02129,Mouse,Tokyo-04,2023-09-22,1285.1832650160254,1.0
CSV_02132,TV,London-01,2023-11-08,4527.923546505053,6.0
CSV_02133,Phone,London-01,2023-12-01,5103.164116208041,7.0
CSV_02134,TV,London-01,2023-12-27,4367.682526889075,8.0
CSV_02135,Laptop,Berlin-03,2023-11-13,9315.666868645403,8.0
CSV_02139,Monitor,Paris-05,2023-09-14,5516.55551333947,5.0
CSV_02140,Mouse,Paris-05,2023-10-30,3737.5157944206794,8.0
CSV_02143,Cables,Tokyo-04,2023-08-29,5578.659236387263,6.0
CSV_02144,Phone,Paris-05,2023-07-13,893.0111254657936,1.0
CSV_02146,Cables,Paris-05,2023-11-17,12382.319970039282,8.0
CSV_02147,Phone,NYC-02,2023-09-05,1624.2128403075048,1.0
CSV_02148,Laptop,Paris-05,2023-08-07,9284.224675259215,9.0
CSV_02149,Mouse,Tokyo-04,2023-10-08,1282.110582226252,3.0
CSV_02150,Keyboard,Paris-05,2023-07-29,8464.39172539811,5.0
CSV_02151,Phone,Tokyo-04,2023-11-26,11804.024271568793,9.0
CSV_02152,Phone,NYC-02,2023-08-22,7605.267533648258,6.0
CSV_02154,Cables,NYC-02,2023-07-09,2159.6728824577112,6.0
CSV_02155,Keyboard,NYC-02,2023-11-25,4650.307567755119,7.0
CSV_02156,Laptop,Paris-05,2023-12-10,3739.896196171563,8.0
CSV_02160,Cables,London-01,2023-09-05,138.26613912490802,4.0
CSV_02162,Laptop,London-01,2023-10-02,1055.3015821616145,2.0
CSV_02163,Mouse,NYC-02,2023-07-10,5835.217297148773,3.0
CSV_02164,TV,Tokyo-04,2023-12-10,2081.2539167572295,3.0
CSV_02166,Cables,Paris-05,2023-10-18,9622.28213647321,7.0
CSV_02167,Mouse,Paris-05,2023-09-13,2556.9061031533506,2.0
CSV_02168,Cables,Berlin-03,2023-11-07,5044.484742554017,8.0
CSV_02169,Mouse,Paris-05,2023-08-01,1246.2600826832083,9.0
CSV_02170,TV,NYC-02,2023-10-18,9036.527026430897,7.0
CSV_02171,Cables,Berlin-03,2023-07-06,3150.1450110312835,2.0
CSV_02172,Mouse,Berlin-03,2023-12-03,15443.049702490243,8.0
CSV_02174,Monitor,Paris-05,2023-12-09,3005.0474805261856,5.0
CSV_02175,Laptop,London-01,2023-08-27,2094.4505849003954,2.0
CSV_02176,Laptop,Paris-05,2023-11-03,11764.113899076787,9.0
CSV_02177,Cables,NYC-02,2023-10-27,2840.100039599892,3.0
CSV_02178,Monitor,London-01,2023-10-07,833.5889276359793,3.0
CSV_02179,Laptop,Paris-05,2023-08-01,1751.471158531569,8.0
CSV_02180,Keyboard,NYC-02,2023-12-24,2645.1934037155497,3.0
CSV_02181,Laptop,Tokyo-04,2023-12-05,2780.682128615077,5.0
CSV_02183,Laptop,NYC-02,2023-09-03,12550.751089891417,9.0
CSV_02184,Phone,Berlin-03,2023-08-29,825.7148070062278,2.0
CSV_02185,Phone,Tokyo-04,2023-10-25,7316.900644340003,4.0
CSV_02186,Phone,London-01,2023-10-03,9355.051262310937,6.0
CSV_02187,TV,London-01,2023-09-11,3435.389772389025,2.0
CSV_02188,Cables,Paris-05,2023-12-19,2670.5685690457813,6.0
CSV_02189,TV,Tokyo-04,2023-12-26,201.05756128348025,6.0
CSV_02190,Mouse,London-01,2023-09-22,337.7492419444163,1.0
CSV_02191,Laptop,London-01,2023-08-17,11446.69109101353,6.0
CSV_02192,TV,London-01,2023-08-26,401.4025862150125,4.0
CSV_02193,Laptop,London-01,2023-11-30,10139.72656805283,8.0
CSV_02194,Phone,London-01,2023-07-17,2194.6429637013484,7.0
CSV_02196,Cables,Paris-05,2023-11-25,1137.7947179861885,2.0
CSV_02197,Mouse,NYC-02,2023-11-17,1690.715638577467,1.0
CSV_02198,Cables,NYC-02,2023-10-18,1399.9668976638109,3.0
CSV_02199,Laptop,London-01,2023-10-24,13334.243461129958,9.0
CSV_02200,Laptop,Tokyo-04,2023-10-07,13580.641972699981,8.0
CSV_02201,Monitor,Berlin-03,2023-07-31,4484.266657208496,3.0
CSV_02202,TV,Paris-05,2023-10-16,5500.372964848471,3.0
CSV_02203,Laptop,Paris-05,2023-08-07,4738.6296935502505,7.0
CSV_02204,Mouse,Berlin-03,2023-08-19,6113.227125810965,6.0
CSV_02206,Laptop,NYC-02,2023-09-24,2888.3815599698028,6.0
CSV_02207,TV,Paris-05,2023-10-13,368.2248385479113,1.0
CSV_02208,Phone,Paris-05,2023-11-02,2042.6946701015816,6.0
CSV_02209,TV,Tokyo-04,2023-07-06,3074.902926047905,2.0
CSV_02210,Laptop,London-01,2023-07-02,12943.687721423381,9.0
CSV_02212,TV,Tokyo-04,2023-10-16,1513.7760373230162,2.0
CSV_02213,Mouse,London-01,2023-07-12,582.5760095285655,4.0
CSV_02214,Mouse,London-01,2023-07-13,2835.124117829,2.0
CSV_02215,Monitor,Paris-05,2023-08-20,617.0397610398552,2.0
CSV_02216,Laptop,Paris-05,2023-08-26,889.2402132113097,2.0
CSV_02217,Laptop,Paris-05,2023-09-10,685.2142525781722,7.0
CSV_02219,Cables,NYC-02,2023-12-19,96.8529961985729,5.0
CSV_02220,Laptop,NYC-02,2023-08-24,6539.031863392689,6.0
CSV_02221,Mouse,Paris-05,2023-12-01,5949.659817954424,3.0
CSV_02222,Mouse,NYC-02,2023-10-08,3652.065177510949,7.0
CSV_02223,Laptop,Paris-05,2023-08-23,1043.0559215835713,1.0
CSV_02224,Mouse,NYC-02,2023-12-25,1882.3830002195955,1.0
CSV_02225,Phone,Berlin-03,2023-07-29,3547.434680688637,2.0
CSV_02226,Keyboard,London-01,2023-08-18,3439.4180442080124,2.0
CSV_02227,Mouse,Berlin-03,2023-08-14,1675.1282635821838,9.0
CSV_02228,Mouse,Berlin-03,2023-11-08,996.6417118731479,4.0
CSV_02229,TV,NYC-02,2023-08-15,1788.0325059075615,3.0
CSV_02230,Mouse,London-01,2023-07-26,1857.1478760287782,4.0
CSV_02231,Monitor,Paris-05,2023-08-09,850.0163628494208,1.0
CSV_02232,Laptop,Paris-05,2023-12-18,1906.844045378135,8.0
CSV_02234,Phone,Paris-05,2023-07-10,707.3556622751435,2.0
CSV_02236,Phone,Tokyo-04,2023-11-04,8985.864197551935,5.0
CSV_02238,Keyboard,London-01,2023-07-25,4202.438062704099,3.0
CSV_02239,Phone,Berlin-03,2023-09-29,879.4001366212149,1.0
CSV_02240,TV,Tokyo-04,2023-08-08,4678.651738656299,6.0
CSV_02241,Mouse,NYC-02,2023-09-14,3052.0349592789785,3.0
CSV_02243,Phone,Paris-05,2023-08-12,2902.0178083754754,4.0
CSV_02244,TV,Berlin-03,2023-12-18,9156.741895838411,7.0
CSV_02246,Phone,Paris-05,2023-09-07,2256.582335540128,8.0
CSV_02247,Phone,Tokyo-04,2023-12-19,15928.412554922308,9.0
CSV_02249,Cables,Paris-05,2023-12-06,264.0701101679733,1.0
CSV_02250,Mouse,Paris-05,2023-08-01,1583.270199557698,5.0
CSV_02253,Laptop,NYC-02,2023-07-11,4532.3201281563515,7.0
CSV_02255,Monitor,NYC-02,2023-08-29,15077.594133472665,9.0
CSV_02257,Phone,Berlin-03,2023-11-09,6764.343412263297,8.0
CSV_02258,Mouse,Berlin-03,2023-12-26,13748.096043054324,8.0
CSV_02259,Mouse,Tokyo-04,2023-10-02,1894.0344910228764,2.0
CSV_02261,Keyboard,NYC-02,2023-10-21,11725.872015403933,6.0
CSV_02263,Laptop,Paris-05,2023-08-25,7429.364020188803,7.0
CSV_02264,Keyboard,Paris-05,2023-07-14,6815.348764725184,8.0
CSV_02266,Phone,Tokyo-04,2023-11-16,6837.368073655173,9.0
CSV_02268,Mouse,Berlin-03,2023-10-29,5681.7330820989555,6.0
CSV_02269,Keyboard,Paris-05,2023-07-28,6816.54776118979,5.0
CSV_02270,TV,Berlin-03,2023-10-24,1649.583702115602,1.0
CSV_02271,TV,Paris-05,2023-07-06,1119.9934917899104,2.0
CSV_02273,Phone,Paris-05,2023-07-09,4982.6222029547935,3.0
CSV_02274,Phone,Berlin-03,2023-11-11,3263.0767772039435,3.0
CSV_02275,Mouse,Tokyo-04,2023-08-20,5921.525964916154,9.0
CSV_02276,Mouse,London-01,2023-07-03,4198.3768973417955,8.0
CSV_02278,Keyboard,Tokyo-04,2023-10-15,485.57804568952577,1.0
CSV_02279,Laptop,Paris-05,2023-08-12,9896.803937804114,6.0
CSV_02280,Laptop,Berlin-03,2023-07-03,2606.6218876042253,7.0
CSV_02281,Mouse,Paris-05,2023-09-03,1888.0038477952996,1.0
CSV_02282,Phone,Tokyo-04,2023-10-12,15869.351886017155,9.0
CSV_02283,Cables,Berlin-03,2023-11-24,13358.021161910805,9.0
CSV_02285,Keyboard,London-01,2023-09-12,5122.905802344796,7.0
CSV_02286,Keyboard,Paris-05,2023-10-10,1374.451858790072,1.0
CSV_02287,Mouse,Berlin-03,2023-08-31,15581.66386067051,8.0
CSV_02288,Cables,Tokyo-04,2023-09-19,1871.9193748772736,2.0
CSV_02289,Laptop,Berlin-03,2023-12-26,8900.466481923238,7.0
CSV_02290,Phone,Paris-05,2023-11-13,1023.7089035506165,5.0
CSV_02291,Cables,Tokyo-04,2023-08-12,4951.112211710054,7.0
CSV_02294,Laptop,London-01,2023-10-26,1793.838017368164,9.0
CSV_02295,TV,Tokyo-04,2023-12-11,2199.8369992104754,6.0
CSV_02296,Cables,London-01,2023-10-27,1094.837485911876,1.0
CSV_02298,TV,Berlin-03,2023-10-15,1673.1910099040442,1.0
CSV_02299,Cables,NYC-02,2023-11-22,3239.366115454004,9.0
CSV_02301,Cables,Paris-05,2023-11-14,369.6717262493685,4.0
CSV_02303,Keyboard,Tokyo-04,2023-09-25,9039.106119831848,9.0
CSV_02304,Phone,Paris-05,2023-12-09,1999.2289651590559,5.0
CSV_02305,Laptop,Tokyo-04,2023-09-09,719.1684255780344,9.0
CSV_02306,Cables,Berlin-03,2023-12-14,3812.9051561892634,6.0
CSV_02307,Monitor,Berlin-03,2023-07-07,2495.5645905411893,3.0
CSV_02308,Cables,NYC-02,2023-12-13,567.9168820720083,3.0
CSV_02311,Mouse,London-01,2023-08-30,8190.541052047409,7.0
CSV_02313,Monitor,Paris-05,2023-11-16,766.9234348955029,4.0
CSV_02314,Phone,NYC-02,2023-07-04,13596.878712255759,9.0
CSV_02315,Cables,London-01,2023-12-23,7370.8674117652745,6.0
CSV_02316,Cables,Tokyo-04,2023-07-06,580.0500940585771,2.0
CSV_02317,TV,Berlin-03,2023-11-10,2300.28175316589,4.0
CSV_02319,Keyboard,NYC-02,2023-07-21,1963.757337533974,3.0
CSV_02320,Mouse,Berlin-03,2023-07-09,7249.710523613624,7.0
CSV_02321,Monitor,NYC-02,2023-09-02,2462.780244981281,3.0
CSV_02322,TV,Berlin-03,2023-09-01,9868.19738027518,9.0
CSV_02323,Mouse,Paris-05,2023-07-11,1094.8558977246007,1.0
CSV_02324,Keyboard,Berlin-03,2023-11-14,16915.378684012398,9.0
CSV_02325,TV,Paris-05,2023-12-21,5891.370542113122,4.0
CSV_02326,Monitor,Berlin-03,2023-12-19,6358.728838356813,9.0
CSV_02327,Laptop,NYC-02,2023-11-11,1772.6128243784897,1.0
CSV_02330,TV,Tokyo-04,2023-10-06,2608.2408057579714,4.0
CSV_02331,Cables,Tokyo-04,2023-07-05,13106.720763165851,7.0
CSV_02332,Cables,Berlin-03,2023-07-27,1836.4684933252938,7.0
CSV_02333,Laptop,Berlin-03,2023-12-09,415.7908145292879,2.0
CSV_02334,Mouse,Paris-05,2023-11-13,3950.277288874174,2.0
CSV_02335,TV,NYC-02,2023-10-25,1526.2083436389335,4.0
CSV_02336,Laptop,Berlin-03,2023-07-24,4360.62199966944,4.0
CSV_02337,Keyboard,NYC-02,2023-10-23,3508.922478911123,9.0
CSV_02338,TV,Berlin-03,2023-09-15,889.298580944323,1.0
CSV_02339,Phone,Berlin-03,2023-12-11,5865.635550431834,3.0
CSV_02340,Phone,Paris-05,2023-10-08,13011.153614946354,9.0
CSV_02341,Mouse,Berlin-03,2023-10-16,3125.1770289616493,7.0
CSV_02342,Mouse,London-01,2023-11-12,4026.2676020898025,5.0
CSV_02344,Phone,Berlin-03,2023-12-09,597.056258008141,3.0
CSV_02345,Keyboard,Paris-05,2023-10-11,3235.8310741234377,6.0
CSV_02346,TV,Paris-05,2023-07-27,13541.21365171994,8.0
CSV_02347,Laptop,NYC-02,2023-10-31,1863.5275636943227,3.0
CSV_02349,Laptop,Berlin-03,2023-08-12,5628.516453057636,4.0
CSV_02350,TV,NYC-02,2023-12-24,9667.306256637028,7.0
CSV_02353,Cables,Paris-05,2023-11-21,8769.485740056083,9.0
CSV_02354,TV,NYC-02,2023-10-06,6041.912130816316,5.0
CSV_02355,Phone,Paris-05,2023-09-25,3158.3670496074296,6.0
CSV_02359,Monitor,Tokyo-04,2023-07-12,3443.118915355431,2.0
CSV_02361,Mouse,London-01,2023-10-06,14165.509340183577,9.0
CSV_02362,Monitor,Paris-05,2023-07-22,6802.118127631914,7.0
CSV_02364,Phone,NYC-02,2023-11-25,5119.7087549269245,4.0
CSV_02366,Laptop,NYC-02,2023-10-27,4502.010395587342,3.0
CSV_02367,Laptop,London-01,2023-10-29,7966.752476741234,7.0
CSV_02368,Cables,London-01,2023-11-04,5338.54824968228,4.0
CSV_02369,Monitor,Berlin-03,2023-10-18,478.0402292828011,3.0
CSV_02370,Monitor,London-01,2023-07-22,5860.765407851964,3.0
CSV_02372,Monitor,London-01,2023-10-25,149.78515521387726,1.0
CSV_02373,Phone,NYC-02,2023-10-23,3731.163374192625,8.0
CSV_02377,Monitor,Berlin-03,2023-11-09,10299.076692643055,7.0
CSV_02378,Monitor,Berlin-03,2023-12-05,164.0296068638952,5.0
CSV_02379,Laptop,NYC-02,2023-11-11,5256.555579869732,4.0
CSV_02380,Cables,Tokyo-04,2023-07-04,3804.8822906828027,5.0
CSV_02381,Mouse,Tokyo-04,2023-08-14,443.86922021636894,1.0
CSV_02383,TV,Paris-05,2023-09-17,3367.5623866681635,4.0
CSV_02386,TV,NYC-02,2023-09-27,8441.085060203606,5.0
CSV_02387,TV,NYC-02,2023-12-27,4068.2122779604533,3.0
CSV_02388,Phone,Berlin-03,2023-11-05,8594.849952238268,6.0
CSV_02389,Cables,Paris-05,2023-09-23,531.0660238111177,3.0
CSV_02391,Monitor,NYC-02,2023-11-08,878.379062750329,1.0
CSV_02392,Laptop,Berlin-03,2023-08-14,2737.158780372683,3.0
CSV_02393,Phone,Tokyo-04,2023-11-08,13322.36660984124,9.0
CSV_02394,Cables,NYC-02,2023-08-14,11723.942059382649,8.0
CSV_02396,TV,Tokyo-04,2023-12-17,3172.0345307989032,5.0
CSV_02397,Mouse,London-01,2023-11-12,4466.505048868972,4.0
CSV_02399,Mouse,Tokyo-04,2023-07-22,2752.1746015477365,3.0
CSV_02400,Monitor,London-01,2023-07-19,2497.7060245104576,2.0
CSV_02402,Laptop,Paris-05,2023-10-18,2142.2774480826474,3.0
CSV_02403,Laptop,NYC-02,2023-07-08,2124.791046138728,2.0
CSV_02404,Mouse,Paris-05,2023-09-01,5228.814218243984,6.0
CSV_02405,Cables,Tokyo-04,2023-07-30,5087.767854633302,5.0
CSV_02406,Cables,NYC-02,2023-07-08,362.3323157356658,7.0
CSV_02407,Mouse,Berlin-03,2023-10-29,7356.915109949552,8.0
CSV_02408,Keyboard,London-01,2023-09-14,954.0801339893851,4.0
CSV_02409,Mouse,Paris-05,2023-10-14,16817.17495906859,9.0
CSV_02410,Mouse,Paris-05,2023-12-04,1499.5417371557414,4.0
CSV_02411,Keyboard,Paris-05,2023-07-01,2144.4391901336626,2.0
CSV_02412,Cables,Berlin-03,2023-12-11,15278.760788720796,8.0
CSV_02413,TV,Tokyo-04,2023-10-18,2072.37826888888,2.0
CSV_02414,TV,Tokyo-04,2023-10-16,3596.330242867316,4.0
CSV_02415,Monitor,London-01,2023-07-31,976.9588081365994,1.0
CSV_02416,Phone,Paris-05,2023-07-30,411.19939954182405,3.0
CSV_02418,Cables,London-01,2023-11-09,3700.602019958197,3.0
CSV_02419,Laptop,NYC-02,2023-07-08,2908.2648222612597,3.0
CSV_02420,Mouse,Berlin-03,2023-12-26,10143.9779828817,7.0
CSV_02421,TV,Tokyo-04,2023-09-04,3394.6394864794047,3.0
CSV_02422,TV,Tokyo-04,2023-12-01,9163.68902839902,5.0
CSV_02423,Monitor,NYC-02,2023-10-11,8065.4073973073855,5.0
CSV_02424,Cables,NYC-02,2023-09-04,12053.550385851126,9.0
CSV_02426,Monitor,NYC-02,2023-09-21,4352.231890368773,3.0
CSV_02427,Phone,Tokyo-04,2023-11-18,811.2617243014474,1.0
CSV_02429,Keyboard,Tokyo-04,2023-08-07,6118.728380197416,4.0
CSV_02430,Cables,London-01,2023-09-19,3633.6526255920007,2.0
CSV_02431,Phone,NYC-02,2023-11-30,2881.7991754728437,4.0
CSV_02432,Laptop,London-01,2023-10-11,2745.601786077591,8.0
CSV_02434,TV,Berlin-03,2023-07-13,1448.4783300326371,5.0
CSV_02435,Cables,NYC-02,2023-10-14,3181.4499383848197,9.0
CSV_02436,TV,London-01,2023-11-14,3103.6405525607997,5.0
CSV_02437,Monitor,NYC-02,2023-11-21,434.38450024474093,5.0
CSV_02438,Mouse,Berlin-03,2023-11-27,3094.547117388255,5.0
CSV_02440,Phone,London-01,2023-10-18,2501.554243514247,6.0
CSV_02441,Keyboard,London-01,2023-07-12,2264.3103239020606,2.0
CSV_02443,Monitor,NYC-02,2023-10-07,7627.701098958874,5.0
CSV_02444,Laptop,NYC-02,2023-07-06,2379.904962031788,3.0
CSV_02445,Cables,Berlin-03,2023-10-29,4861.626971501165,6.0
CSV_02447,TV,NYC-02,2023-12-15,5915.069666117457,5.0
CSV_02448,Cables,Paris-05,2023-10-22,6760.908408005876,7.0
CSV_02450,TV,Paris-05,2023-07-12,2149.135066736901,5.0
CSV_02453,Mouse,Berlin-03,2023-10-11,2719.0225539014264,2.0
CSV_02454,Phone,Paris-05,2023-12-09,7230.729576244053,9.0
CSV_02455,TV,Paris-05,2023-12-15,5801.403986572244,6.0
CSV_02456,Monitor,Paris-05,2023-11-26,4803.795942233777,8.0
CSV_02457,Phone,London-01,2023-10-30,4459.002749416058,4.0
CSV_02458,Mouse,Paris-05,2023-09-24,3720.693009765203,7.0
CSV_02459,Laptop,London-01,2023-07-08,608.3903205793279,9.0
CSV_02461,Laptop,Paris-05,2023-10-31,14819.86518182447,9.0
CSV_02462,Monitor,Tokyo-04,2023-08-11,1240.1408231656087,1.0
CSV_02463,Keyboard,Berlin-03,2023-12-21,5878.957254403887,5.0
CSV_02464,Keyboard,Paris-05,2023-12-17,5723.353120279224,9.0
CSV_02466,TV,NYC-02,2023-09-08,3199.417887541755,3.0
CSV_02467,Keyboard,Paris-05,2023-11-01,11065.128382328974,6.0
CSV_02468,TV,Berlin-03,2023-11-24,471.61930789549626,1.0
CSV_02469,Mouse,Paris-05,2023-08-24,9969.778509376438,8.0
CSV_02470,Cables,Tokyo-04,2023-09-18,318.9303134236382,6.0
CSV_02472,Monitor,Paris-05,2023-12-16,11596.391482872532,7.0
CSV_02474,Phone,Tokyo-04,2023-10-11,2552.8560142432893,7.0
CSV_02477,TV,Paris-05,2023-10-28,1661.3385949486178,1.0
CSV_02478,Keyboard,NYC-02,2023-07-26,477.47672319161074,2.0
CSV_02479,Keyboard,Berlin-03,2023-12-07,5185.785608190192,5.0
CSV_02480,Cables,Paris-05,2023-09-03,4549.06408207736,4.0
CSV_02482,Keyboard,Paris-05,2023-07-10,3009.2793454590765,3.0
CSV_02483,Cables,Berlin-03,2023-12-27,3663.876038251848,2.0
CSV_02484,Mouse,Paris-05,2023-10-04,2827.0582238977286,5.0
CSV_02485,Laptop,Paris-05,2023-12-19,3784.006610040489,6.0
CSV_02486,Monitor,Paris-05,2023-09-15,8949.191153239708,8.0
CSV_02488,Mouse,Tokyo-04,2023-07-28,6464.425207403659,7.0
CSV_02489,Keyboard,Tokyo-04,2023-10-28,5320.285856479924,4.0
CSV_02490,Mouse,London-01,2023-11-10,5429.180879073949,5.0
CSV_02494,Laptop,Tokyo-04,2023-12-02,6215.352375406281,9.0
CSV_02496,Phone,Berlin-03,2023-10-20,6853.53520948792,5.0
CSV_02497,Monitor,Tokyo-04,2023-07-27,390.2526225614821,1.0
CSV_02498,Phone,London-01,2023-12-05,8388.720541473678,7.0
CSV_02500,Mouse,NYC-02,2023-12-05,1638.7458202705516,1.0
CSV_02502,Keyboard,Paris-05,2023-10-13,3279.083505210062,2.0
CSV_02503,Keyboard,Tokyo-04,2023-09-01,4881.25603584087,4.0
CSV_02504,TV,Paris-05,2023-09-03,7970.849457907598,5.0
CSV_02505,Cables,Paris-05,2023-11-21,2133.9477042329777,2.0
CSV_02506,Phone,Paris-05,2023-07-14,4505.468646656809,6.0
CSV_02507,Mouse,Berlin-03,2023-07-12,5892.663745901185,5.0
CSV_02508,TV,Paris-05,2023-12-25,13138.623657675475,8.0
CSV_02509,TV,Tokyo-04,2023-09-09,14993.153714194774,8.0
CSV_02511,TV,London-01,2023-10-17,8019.6032130648,5.0
CSV_02512,TV,NYC-02,2023-11-26,5945.528930828568,3.0
CSV_02513,Phone,NYC-02,2023-09-25,5071.839273124577,4.0
CSV_02514,Cables,Berlin-03,2023-07-12,7997.197018863733,6.0
CSV_02516,TV,London-01,2023-11-28,1433.951055908297,9.0
CSV_02518,Phone,Berlin-03,2023-08-29,6914.183432526265,4.0
CSV_02519,Cables,Tokyo-04,2023-10-29,7142.906986310892,7.0
CSV_02520,TV,Tokyo-04,2023-10-09,5335.01682896137,4.0
CSV_02522,Laptop,Paris-05,2023-09-19,8222.617372600196,5.0
CSV_02526,Cables,Berlin-03,2023-12-13,10740.150361233695,8.0
CSV_02528,TV,Tokyo-04,2023-08-29,2146.637509468822,4.0
CSV_02529,Laptop,London-01,2023-07-27,1949.5050647839664,1.0
CSV_02530,Keyboard,Berlin-03,2023-12-07,1020.0047550254139,3.0
CSV_02531,Phone,Tokyo-04,2023-11-07,9257.016093407952,5.0
CSV_02532,Monitor,Berlin-03,2023-10-07,12836.336889430419,7.0
CSV_02534,Cables,NYC-02,2023-07-30,7366.033930845389,8.0
CSV_02535,Laptop,Tokyo-04,2023-07-20,1210.7874322693506,8.0
CSV_02536,Monitor,Tokyo-04,2023-08-23,193.1754205908585,2.0
CSV_02538,Mouse,Paris-05,2023-11-05,2152.4563609363126,2.0
CSV_02539,TV,Berlin-03,2023-11-08,1067.5736912338934,4.0
CSV_02540,Phone,Berlin-03,2023-09-14,3484.2632514416878,7.0
CSV_02541,Mouse,Berlin-03,2023-09-21,2377.65323308846,3.0
CSV_02542,Monitor,Tokyo-04,2023-12-01,1267.439056684947,7.0
CSV_02543,Keyboard,London-01,2023-10-06,7712.926541809278,8.0
CSV_02544,Monitor,Berlin-03,2023-12-21,3585.5078060136993,3.0
CSV_02545,Cables,NYC-02,2023-11-27,15949.083342685344,8.0
CSV_02547,Cables,Paris-05,2023-12-26,3774.93984785844,8.0
CSV_02548,Keyboard,Berlin-03,2023-12-25,1327.5969126115679,8.0
CSV_02550,Monitor,Tokyo-04,2023-07-31,9193.284218847733,5.0
CSV_02551,Cables,Tokyo-04,2023-07-20,2502.840006862586,6.0
CSV_02553,Phone,NYC-02,2023-07-16,853.5857350768865,1.0
CSV_02555,Laptop,NYC-02,2023-12-05,4669.038308661737,4.0
CSV_02556,Keyboard,NYC-02,2023-07-29,16527.81820364402,9.0
CSV_02558,Monitor,Paris-05,2023-11-06,1096.2638147381697,1.0
CSV_02559,Monitor,Berlin-03,2023-07-29,11593.101161814115,7.0
CSV_02560,TV,Tokyo-04,2023-07-02,449.32509244472897,9.0
CSV_02561,TV,London-01,2023-10-10,3102.8903267252545,4.0
CSV_02563,Cables,NYC-02,2023-07-02,5145.529172949654,5.0
CSV_02564,Keyboard,London-01,2023-11-26,1087.2701811897575,1.0
CSV_02565,Keyboard,Berlin-03,2023-10-24,1988.0120847458645,1.0
CSV_02566,TV,Tokyo-04,2023-07-24,642.6086326355248,1.0
CSV_02567,Cables,Paris-05,2023-11-21,3584.7056446155975,3.0
CSV_02568,Phone,Berlin-03,2023-12-07,981.6837146656453,8.0
CSV_02569,TV,London-01,2023-11-04,9986.440468613197,8.0
CSV_02570,Keyboard,NYC-02,2023-07-13,6459.459089744566,6.0
CSV_02571,Laptop,Tokyo-04,2023-07-18,8702.659775640761,8.0
CSV_02572,Cables,NYC-02,2023-07-19,9843.378616848784,8.0
CSV_02573,Mouse,London-01,2023-09-16,8296.79107426208,5.0
CSV_02574,Cables,Berlin-03,2023-12-26,4678.449782646998,8.0
CSV_02575,Monitor,Tokyo-04,2023-09-08,5460.95008923091,8.0
CSV_02576,Laptop,Paris-05,2023-07-30,7149.83478481733,6.0
CSV_02577,TV,Tokyo-04,2023-11-16,2649.212223951922,4.0
CSV_02578,Phone,Paris-05,2023-11-12,5646.916076665792,3.0
CSV_02579,Phone,Paris-05,2023-09-11,7517.85462852208,4.0
CSV_02580,TV,Paris-05,2023-11-18,1438.6134906944117,1.0
CSV_02581,Keyboard,Berlin-03,2023-07-20,2840.961166914091,2.0
CSV_02583,Laptop,Paris-05,2023-11-30,5887.241183056884,5.0
CSV_02584,Phone,Paris-05,2023-08-08,7686.318712562152,5.0
CSV_02585,TV,NYC-02,2023-12-24,1648.3345816475758,2.0
CSV_02587,Mouse,Paris-05,2023-12-13,7425.292452651305,4.0
CSV_02589,Keyboard,Berlin-03,2023-08-31,4160.678086009884,3.0
CSV_02591,Keyboard,London-01,2023-10-08,316.02324446173816,2.0
CSV_02593,Monitor,NYC-02,2023-11-11,9959.884565924533,5.0
CSV_02594,Laptop,Tokyo-04,2023-11-15,1095.6432503558674,1.0
CSV_02595,Phone,London-01,2023-09-16,2895.396852523033,4.0
CSV_02596,Mouse,Berlin-03,2023-12-05,570.6851529047277,6.0
CSV_02597,Keyboard,Berlin-03,2023-11-28,10832.203452759912,6.0
CSV_02600,Keyboard,NYC-02,2023-12-22,7182.954573098967,7.0
CSV_02601,Monitor,Berlin-03,2023-10-31,10717.641838147187,8.0
CSV_02602,Cables,London-01,2023-11-23,13516.457502580583,8.0
CSV_02603,Phone,Tokyo-04,2023-11-06,8597.261128333954,6.0
CSV_02605,Laptop,Paris-05,2023-07-22,4869.778421341018,7.0
CSV_02607,Monitor,NYC-02,2023-10-06,1678.433078612885,5.0
CSV_02608,Mouse,Berlin-03,2023-09-04,3254.617877021428,2.0
CSV_02609,Keyboard,London-01,2023-07-05,10263.43207485997,7.0
CSV_02611,Laptop,Berlin-03,2023-07-24,942.5797507468258,5.0
CSV_02612,TV,Tokyo-04,2023-09-10,6645.251395975756,7.0
CSV_02613,Mouse,Paris-05,2023-10-24,4065.3477045050745,3.0
CSV_02614,Monitor,Paris-05,2023-09-21,764.0566142280936,3.0
CSV_02616,Mouse,Paris-05,2023-07-03,8669.170799035815,9.0
CSV_02618,Laptop,London-01,2023-12-04,5552.300070912252,7.0
CSV_02619,Laptop,Tokyo-04,2023-10-11,4909.2885517198465,3.0
CSV_02620,Cables,NYC-02,2023-09-26,16090.79079055728,9.0
CSV_02621,Monitor,NYC-02,2023-11-30,5852.081783433579,6.0
CSV_02622,Laptop,NYC-02,2023-08-15,7560.801310081482,7.0
CSV_02623,Cables,NYC-02,2023-08-25,1594.4518127089696,5.0
CSV_02624,Keyboard,Paris-05,2023-07-28,2293.878969328427,9.0
CSV_02625,Keyboard,London-01,2023-11-02,5446.107483200169,8.0
CSV_02626,Mouse,London-01,2023-07-15,7723.441202655944,8.0
CSV_02627,Monitor,London-01,2023-09-02,209.88101116892855,1.0
CSV_02628,Cables,Berlin-03,2023-12-20,4298.708425356763,6.0
CSV_02630,TV,Tokyo-04,2023-07-09,1626.4486513198792,3.0
CSV_02631,Mouse,London-01,2023-07-19,1138.171411931975,2.0
CSV_02632,Mouse,Paris-05,2023-09-15,2233.6339213488113,2.0
CSV_02633,Mouse,NYC-02,2023-09-21,1890.7189633356,1.0
CSV_02634,Monitor,Berlin-03,2023-09-21,8242.502843741942,8.0
CSV_02635,Laptop,Berlin-03,2023-11-27,1145.3236787180308,1.0
CSV_02636,Keyboard,London-01,2023-11-11,1506.3816641475137,5.0
CSV_02638,Phone,Tokyo-04,2023-07-07,6367.032157619455,6.0
CSV_02640,Laptop,Berlin-03,2023-10-10,3877.6719522788226,4.0
CSV_02642,Mouse,Tokyo-04,2023-07-12,16071.116650421729,9.0
CSV_02643,TV,Berlin-03,2023-10-26,9989.62702583599,9.0
CSV_02645,Keyboard,Paris-05,2023-07-04,8088.599346983259,6.0
CSV_02646,TV,Paris-05,2023-12-16,239.86081228477053,1.0
CSV_02647,Laptop,Tokyo-04,2023-07-01,7207.418796137832,7.0
CSV_02648,Keyboard,Tokyo-04,2023-09-27,9767.35323038452,8.0
CSV_02649,TV,Paris-05,2023-08-06,1739.4896127107825,6.0
CSV_02652,Mouse,London-01,2023-09-18,2316.143505214988,6.0
CSV_02654,Laptop,London-01,2023-07-16,1847.8326675368453,1.0
CSV_02655,Phone,Tokyo-04,2023-09-28,17853.126215796645,9.0
CSV_02656,Phone,NYC-02,2023-11-16,1286.7572649767158,9.0
CSV_02657,Monitor,Paris-05,2023-10-20,12066.107287057233,9.0
CSV_02658,Phone,Berlin-03,2023-10-26,1877.3732384740308,8.0
CSV_02659,Monitor,Tokyo-04,2023-09-29,2587.012421432891,2.0
CSV_02660,Phone,Tokyo-04,2023-07-28,7514.904309825413,6.0
CSV_02662,Mouse,Paris-05,2023-10-26,17927.989225181504,9.0
CSV_02664,Monitor,Berlin-03,2023-07-29,1720.0109179932688,1.0
CSV_02665,Monitor,Berlin-03,2023-11-30,5791.812869319703,4.0
CSV_02667,Keyboard,Berlin-03,2023-10-15,13739.631080928546,9.0
CSV_02668,Mouse,NYC-02,2023-07-08,1580.4141822350111,7.0
CSV_02669,Monitor,Paris-05,2023-07-21,3558.1377644838913,4.0
CSV_02670,Monitor,London-01,2023-10-08,9529.462197992503,9.0
CSV_02671,TV,Paris-05,2023-12-13,4730.663507565101,7.0
CSV_02674,Laptop,Tokyo-04,2023-10-26,16181.367765666799,9.0
CSV_02675,Cables,London-01,2023-10-26,4521.829541174654,4.0
CSV_02676,Phone,Paris-05,2023-11-22,2801.033008237483,3.0
CSV_02677,Laptop,London-01,2023-07-29,1324.8491217479268,5.0
CSV_02678,TV,NYC-02,2023-11-03,8390.705166002144,5.0
CSV_02680,Cables,Paris-05,2023-07-20,6201.014861786712,4.0
CSV_02681,Keyboard,NYC-02,2023-07-18,1567.9153598446906,3.0
CSV_02682,TV,NYC-02,2023-11-16,732.706119486657,5.0
CSV_02683,Keyboard,Tokyo-04,2023-11-13,542.7557454020956,3.0
CSV_02684,Laptop,Paris-05,2023-09-24,11736.235654761877,7.0
CSV_02686,Keyboard,NYC-02,2023-12-08,7997.731921832667,6.0
CSV_02687,Laptop,NYC-02,2023-08-05,3729.5266418730184,2.0
CSV_02688,Cables,NYC-02,2023-09-26,9325.23233882853,6.0
CSV_02690,Keyboard,Berlin-03,2023-07-26,4341.492199385968,3.0
CSV_02691,Laptop,London-01,2023-07-13,3110.4053052545114,6.0
CSV_02692,Keyboard,Berlin-03,2023-08-26,6048.310945812344,9.0
CSV_02694,Monitor,Paris-05,2023-12-08,1178.9351582755105,1.0
CSV_02695,Laptop,Tokyo-04,2023-07-29,1422.392351683386,1.0
CSV_02696,TV,NYC-02,2023-12-20,4367.210734318465,3.0
CSV_02697,Mouse,NYC-02,2023-09-15,11150.770159712238,9.0
CSV_02698,Mouse,Paris-05,2023-08-17,741.3148866919812,1.0
CSV_02699,Monitor,NYC-02,2023-11-17,7589.733195634034,5.0
CSV_02700,TV,Paris-05,2023-10-01,398.1860299401551,1.0
CSV_02701,Monitor,Berlin-03,2023-07-26,24.41949076946321,1.0
CSV_02704,Laptop,Berlin-03,2023-08-01,7136.495116473701,5.0
CSV_02706,Phone,NYC-02,2023-07-04,5698.966793637784,5.0
CSV_02707,Mouse,Paris-05,2023-11-02,2519.101341684838,3.0
CSV_02708,Phone,Berlin-03,2023-08-22,1581.5695456824344,6.0
CSV_02709,Mouse,NYC-02,2023-09-10,2704.185596427814,4.0
CSV_02710,TV,London-01,2023-08-20,1233.539133522146,6.0
CSV_02711,Monitor,Berlin-03,2023-10-15,15871.4395664606,9.0
CSV_02713,Laptop,NYC-02,2023-09-19,8846.170894994673,6.0
CSV_02715,Cables,Paris-05,2023-11-29,683.8760850292456,2.0
CSV_02716,Monitor,Tokyo-04,2023-08-31,8150.602640590112,7.0
CSV_02720,Cables,London-01,2023-11-03,6011.896842738879,7.0
CSV_02721,Keyboard,London-01,2023-12-11,672.9362940669992,1.0
CSV_02722,Laptop,Paris-05,2023-10-25,3179.945392377069,2.0
CSV_02723,Phone,NYC-02,2023-08-24,9203.296471718153,7.0
CSV_02724,Mouse,Berlin-03,2023-11-07,1338.06296734766,4.0
CSV_02725,Cables,Paris-05,2023-10-04,8934.537064780783,9.0
CSV_02726,Laptop,NYC-02,2023-08-12,4430.964122202922,6.0
CSV_02731,Phone,NYC-02,2023-10-13,842.6111884347878,3.0
CSV_02733,Keyboard,NYC-02,2023-10-21,174.88734515762687,4.0
CSV_02736,Laptop,Berlin-03,2023-11-13,8516.354841173092,7.0
CSV_02737,Phone,Paris-05,2023-11-05,7366.800766520819,8.0
CSV_02738,TV,NYC-02,2023-07-04,3497.0281799439836,6.0
CSV_02739,Cables,NYC-02,2023-09-05,11579.710039430804,8.0
CSV_02740,Monitor,NYC-02,2023-09-19,1172.2010990122535,2.0
CSV_02741,Monitor,London-01,2023-10-15,2607.657236619409,2.0
CSV_02742,Cables,Tokyo-04,2023-10-14,11332.321957008906,6.0
CSV_02743,TV,London-01,2023-08-01,7878.023073222155,8.0
CSV_02744,Phone,Paris-05,2023-09-17,1736.2780220853485,6.0
CSV_02745,Laptop,London-01,2023-08-29,2729.5829737770514,2.0
CSV_02746,Cables,NYC-02,2023-12-12,8772.48284277029,8.0
CSV_02747,Monitor,Paris-05,2023-08-14,409.76687293515505,9.0
CSV_02748,TV,Tokyo-04,2023-07-25,762.3085420341254,1.0
CSV_02749,Cables,NYC-02,2023-12-27,5423.511802974523,8.0
CSV_02750,Monitor,Berlin-03,2023-12-18,5668.717119659643,3.0
CSV_02755,Keyboard,Tokyo-04,2023-10-27,1867.3972278973015,8.0
CSV_02756,Monitor,Paris-05,2023-08-02,4021.001333794274,7.0
CSV_02757,Cables,Berlin-03,2023-08-16,1870.8032999967656,1.0
CSV_02758,Mouse,NYC-02,2023-09-06,13021.900296471586,9.0
CSV_02759,Mouse,Paris-05,2023-10-07,15598.521344299847,9.0
CSV_02760,Keyboard,Berlin-03,2023-07-23,8832.662430182503,5.0
CSV_02761,Phone,London-01,2023-09-16,3973.816850590214,2.0
CSV_02762,Keyboard,Berlin-03,2023-12-15,2765.294770200091,9.0
CSV_02764,TV,Berlin-03,2023-10-07,2340.7271809135036,3.0
CSV_02765,Laptop,London-01,2023-09-26,371.34023743481976,8.0
CSV_02766,Monitor,NYC-02,2023-12-08,911.6222062237576,2.0
CSV_02767,TV,Tokyo-04,2023-10-03,7735.20925790083,4.0
CSV_02768,Mouse,London-01,2023-08-20,1183.1099478139208,3.0
CSV_02770,Laptop,NYC-02,2023-07-09,3049.0566651703793,5.0
CSV_02771,TV,Tokyo-04,2023-07-23,3232.3864890559903,3.0
CSV_02772,Keyboard,Paris-05,2023-07-04,3124.5892138743047,2.0
CSV_02773,Mouse,NYC-02,2023-11-08,8905.73140642712,9.0
CSV_02774,Phone,NYC-02,2023-08-12,11457.464186053856,9.0
CSV_02775,Keyboard,London-01,2023-08-31,6518.213699229997,7.0
CSV_02777,TV,NYC-02,2023-08-02,4954.739715917967,3.0
CSV_02778,Phone,London-01,2023-11-02,5310.210998972756,8.0
CSV_02779,Laptop,London-01,2023-12-04,5138.101973440073,4.0
CSV_02783,Monitor,London-01,2023-10-08,1912.0736252578693,1.0
CSV_02784,Keyboard,London-01,2023-07-25,411.9681081253791,1.0
CSV_02786,Mouse,NYC-02,2023-12-24,12540.36639387692,7.0
CSV_02788,Mouse,London-01,2023-09-04,9055.904052485326,8.0
CSV_02789,Laptop,Paris-05,2023-09-13,9562.370552177992,5.0
CSV_02790,Phone,Berlin-03,2023-08-27,11392.979580315809,8.0
CSV_02791,TV,NYC-02,2023-09-06,1585.4920209620223,2.0
CSV_02792,TV,London-01,2023-12-12,15870.902954484845,8.0
CSV_02793,Monitor,Paris-05,2023-07-20,1239.59285514583,6.0
CSV_02795,Keyboard,Berlin-03,2023-09-13,1451.955563033864,5.0
CSV_02796,Monitor,Berlin-03,2023-08-04,1481.1908960846972,2.0
CSV_02797,Monitor,Paris-05,2023-10-18,5939.995872974172,5.0
CSV_02798,Cables,NYC-02,2023-10-09,2159.9079429891603,2.0
CSV_02799,Cables,Tokyo-04,2023-12-22,369.5899298928098,7.0
CSV_02800,Mouse,Tokyo-04,2023-10-20,5029.73979556472,5.0
CSV_02801,Laptop,Tokyo-04,2023-12-07,2945.751926255872,9.0
CSV_02802,Phone,Paris-05,2023-09-25,519.7940035949662,3.0
CSV_02805,Mouse,London-01,2023-07-02,2254.5615454548406,9.0
CSV_02806,Phone,NYC-02,2023-12-19,6591.253151453683,6.0
CSV_02808,Phone,NYC-02,2023-07-14,2220.796428966988,2.0
CSV_02810,Monitor,Paris-05,2023-10-07,13776.020211362742,7.0
CSV_02812,Cables,London-01,2023-12-27,797.7541807588984,3.0
CSV_02813,Mouse,Berlin-03,2023-11-05,11033.441605632499,6.0
CSV_02817,Mouse,Tokyo-04,2023-10-08,12611.346828328893,8.0
CSV_02818,Monitor,Berlin-03,2023-07-27,5590.23668610845,3.0
CSV_02821,Mouse,Berlin-03,2023-09-29,3323.0999287212026,3.0
CSV_02822,Phone,NYC-02,2023-07-27,3322.444251640577,6.0
CSV_02823,Phone,Tokyo-04,2023-08-05,6267.06811671626,7.0
CSV_02824,Laptop,Paris-05,2023-08-21,1438.634207349061,3.0
CSV_02825,Laptop,NYC-02,2023-12-23,206.4468877384688,9.0
CSV_02826,TV,Tokyo-04,2023-08-01,2701.355221251363,3.0
CSV_02827,Monitor,Paris-05,2023-10-16,682.4738868984028,6.0
CSV_02829,TV,London-01,2023-08-16,10495.619235566613,6.0
CSV_02830,Mouse,Tokyo-04,2023-12-23,3428.213748256974,2.0
CSV_02833,Cables,Berlin-03,2023-09-18,88.1489765928809,4.0
CSV_02834,Keyboard,Berlin-03,2023-09-17,8899.710736807643,8.0
CSV_02835,Keyboard,Paris-05,2023-08-14,6899.204872818621,6.0
CSV_02836,Laptop,London-01,2023-11-27,2603.3354660343643,9.0
CSV_02838,TV,London-01,2023-10-30,7469.518085075865,4.0
CSV_02839,Cables,Tokyo-04,2023-12-16,2976.828625808865,2.0
CSV_02840,Cables,Tokyo-04,2023-07-03,1228.632218338659,1.0
CSV_02841,TV,Berlin-03,2023-11-20,5045.956283962519,3.0
CSV_02842,Laptop,London-01,2023-07-23,491.47805709941537,4.0
CSV_02845,Phone,NYC-02,2023-10-05,647.738390727118,2.0
CSV_02846,TV,London-01,2023-09-03,14603.05545287644,8.0
CSV_02847,Monitor,Berlin-03,2023-12-19,1389.438729717992,1.0
CSV_02848,Monitor,London-01,2023-12-16,8991.023679829317,8.0
CSV_02849,Laptop,London-01,2023-09-19,2891.4561940491194,8.0
CSV_02851,Laptop,Tokyo-04,2023-11-17,3873.700267264412,3.0
CSV_02852,TV,Berlin-03,2023-07-23,4254.832735269876,6.0
CSV_02854,Mouse,Paris-05,2023-11-02,6732.926652003146,4.0
CSV_02857,Phone,Tokyo-04,2023-10-04,1271.4845550471773,2.0
CSV_02858,Keyboard,London-01,2023-07-20,1674.6365567667835,5.0
CSV_02861,Keyboard,Tokyo-04,2023-12-16,4583.683986443933,4.0
CSV_02862,Monitor,NYC-02,2023-08-01,11905.62636814307,9.0
CSV_02863,Phone,Tokyo-04,2023-10-19,1358.5503575302785,7.0
CSV_02864,Cables,Paris-05,2023-11-15,3669.1909554004087,5.0
CSV_02865,Mouse,Berlin-03,2023-07-12,2688.086823481606,3.0
CSV_02866,Monitor,NYC-02,2023-11-29,7061.902459259956,4.0
CSV_02867,TV,Paris-05,2023-11-28,3077.1083000803046,2.0
CSV_02868,Keyboard,NYC-02,2023-12-17,4407.45618174564,8.0
CSV_02869,Laptop,Tokyo-04,2023-12-08,600.005319689378,1.0
CSV_02872,Monitor,Berlin-03,2023-07-01,6198.136812395995,7.0
CSV_02873,Keyboard,Paris-05,2023-09-22,65.72494102673772,2.0
CSV_02875,Mouse,London-01,2023-10-28,10350.227008966049,9.0
CSV_02876,Phone,Paris-05,2023-12-15,7179.444018497128,8.0
CSV_02878,Mouse,Tokyo-04,2023-08-06,450.75861493045386,4.0
CSV_02879,TV,Tokyo-04,2023-10-30,711.4149638982078,2.0
CSV_02880,Phone,London-01,2023-07-08,1981.585074969504,1.0
CSV_02881,TV,Berlin-03,2023-10-24,3249.7973699879994,5.0
CSV_02882,Monitor,Tokyo-04,2023-09-15,2721.448513821192,4.0
CSV_02883,Monitor,NYC-02,2023-08-24,620.2811155767849,1.0
CSV_02884,Laptop,Tokyo-04,2023-07-09,1306.8969822224158,2.0
CSV_02887,Keyboard,NYC-02,2023-11-27,5393.270259585743,3.0
CSV_02888,Cables,Tokyo-04,2023-11-26,7405.089804995984,4.0
CSV_02889,Keyboard,Paris-05,2023-10-03,2250.850327722224,5.0
CSV_02891,Monitor,Tokyo-04,2023-11-29,13157.58086166147,8.0
CSV_02894,Phone,Tokyo-04,2023-10-01,27.98980615078176,4.0
CSV_02895,Keyboard,Berlin-03,2023-09-10,9726.840882977507,5.0
CSV_02897,Monitor,Berlin-03,2023-09-10,3717.4647304852656,4.0
CSV_02898,Monitor,Paris-05,2023-08-29,2419.8164741154537,2.0
CSV_02899,TV,NYC-02,2023-09-19,3041.4472772032423,6.0
CSV_02900,Cables,Berlin-03,2023-11-28,4167.946548127796,8.0
CSV_02901,Phone,NYC-02,2023-12-25,3501.8241895021993,3.0
CSV_02902,Mouse,NYC-02,2023-09-13,5661.410298933837,8.0
CSV_02903,Cables,London-01,2023-10-22,15451.696654764615,9.0
CSV_02905,Mouse,NYC-02,2023-08-21,933.8675550268564,1.0
CSV_02908,Cables,Tokyo-04,2023-12-19,420.0851603671897,6.0
CSV_02909,Monitor,NYC-02,2023-11-09,773.8520268808691,5.0
CSV_02910,Phone,Tokyo-04,2023-08-30,5419.342357048676,6.0
CSV_02911,Monitor,Tokyo-04,2023-09-02,4098.380355517352,7.0
CSV_02912,TV,Berlin-03,2023-09-23,7654.148562792458,5.0
CSV_02914,Monitor,London-01,2023-10-15,6422.05468360924,4.0
CSV_02915,Mouse,London-01,2023-10-21,333.0846719565051,5.0
CSV_02916,TV,Tokyo-04,2023-07-24,892.6895739607212,1.0
CSV_02917,Monitor,Tokyo-04,2023-08-23,11458.560490805992,8.0
CSV_02919,Laptop,Tokyo-04,2023-10-15,2684.949437856726,4.0
CSV_02920,Laptop,NYC-02,2023-10-18,5042.0184660239765,9.0
CSV_02923,Monitor,London-01,2023-07-30,7467.256266196816,8.0
CSV_02925,Monitor,NYC-02,2023-07-19,5747.800342497713,6.0
CSV_02926,Phone,Tokyo-04,2023-11-10,1403.3692467521437,1.0
CSV_02927,Mouse,Berlin-03,2023-11-27,1526.7788826506908,2.0
CSV_02928,Monitor,NYC-02,2023-11-14,9869.069073887575,8.0
CSV_02929,Mouse,Berlin-03,2023-09-19,4485.612423728492,4.0
CSV_02930,Laptop,Paris-05,2023-08-23,7924.444495071639,4.0
CSV_02931,TV,Paris-05,2023-11-18,5827.4396881116745,6.0
CSV_02932,Cables,London-01,2023-10-02,976.2348047332578,2.0
CSV_02933,TV,Tokyo-04,2023-11-24,6585.148099844306,5.0
CSV_02934,Laptop,Berlin-03,2023-10-30,7279.194318843018,7.0
CSV_02935,Phone,NYC-02,2023-10-16,278.03342950921115,1.0
CSV_02936,Monitor,London-01,2023-11-11,559.4276734851851,3.0
CSV_02937,TV,Berlin-03,2023-09-20,3829.162479230694,8.0
CSV_02939,TV,NYC-02,2023-10-10,3460.260766594136,2.0
CSV_02940,Mouse,Paris-05,2023-12-08,6282.9325076277855,5.0
CSV_02943,Monitor,London-01,2023-08-16,829.786061336818,1.0
CSV_02944,Cables,NYC-02,2023-07-28,15039.543240012936,9.0
CSV_02947,Keyboard,Paris-05,2023-11-29,4404.1277271714625,4.0
CSV_02949,Monitor,Paris-05,2023-10-17,57.48671307109748,6.0
CSV_02951,Cables,Berlin-03,2023-11-15,2751.048514949819,4.0
CSV_02952,Laptop,Berlin-03,2023-09-16,1483.7673002573474,2.0
CSV_02955,Cables,Paris-05,2023-11-12,5600.977971551324,4.0
CSV_02958,Laptop,Tokyo-04,2023-09-20,2699.7943691991095,7.0
CSV_02959,Monitor,NYC-02,2023-09-25,1299.1491899005837,1.0
CSV_02960,Phone,Tokyo-04,2023-07-05,8973.92780940207,6.0
CSV_02961,Phone,London-01,2023-09-30,612.8723912514613,1.0
CSV_02962,Mouse,Paris-05,2023-12-18,11665.756197567227,8.0
CSV_02963,TV,Paris-05,2023-11-23,3949.1708845270077,5.0
CSV_02964,Keyboard,London-01,2023-08-15,1463.923674184838,1.0
CSV_02966,Monitor,NYC-02,2023-08-18,204.51305778473443,1.0
CSV_02967,TV,Tokyo-04,2023-11-27,3134.3140740060207,3.0
CSV_02968,TV,London-01,2023-07-14,9614.258252016005,5.0
CSV_02969,Laptop,London-01,2023-11-30,4589.631278476692,5.0
CSV_02971,Cables,Paris-05,2023-08-08,4871.401653299765,5.0
CSV_02972,Keyboard,Tokyo-04,2023-11-06,1271.8035985807362,1.0
CSV_02973,Monitor,Berlin-03,2023-08-31,7758.840291207043,6.0
CSV_02974,Keyboard,Berlin-03,2023-10-31,3725.1440423206623,4.0
CSV_02976,Mouse,Berlin-03,2023-12-08,1925.0003125126952,2.0
CSV_02977,Monitor,Paris-05,2023-12-27,764.755311357204,2.0
CSV_02978,Laptop,London-01,2023-12-11,831.5565829185632,1.0
CSV_02981,Monitor,Tokyo-04,2023-11-02,9431.352224939481,9.0
CSV_02982,Mouse,London-01,2023-07-13,1938.4016201956924,1.0
CSV_02983,Keyboard,NYC-02,2023-09-12,1755.519910618719,7.0
CSV_02984,Cables,Paris-05,2023-09-22,8712.362075375599,9.0
CSV_02985,Laptop,NYC-02,2023-12-21,7537.895388924303,7.0
CSV_02986,Mouse,Berlin-03,2023-12-06,600.2454421320253,8.0
CSV_02987,TV,Berlin-03,2023-10-15,319.14518342201404,2.0
CSV_02989,Laptop,London-01,2023-07-11,1664.961918959027,1.0
CSV_02990,TV,London-01,2023-09-04,389.70505736989867,1.0
CSV_02991,Mouse,Berlin-03,2023-08-22,16405.943367608816,9.0
CSV_02992,Monitor,Berlin-03,2023-10-04,7.695120498697918,1.0
CSV_02994,Monitor,NYC-02,2023-12-26,7051.541849564165,5.0
CSV_02997,Monitor,NYC-02,2023-09-17,479.11869637443465,3.0
CSV_03002,Mouse,Paris-05,2023-07-26,7881.343671743795,8.0
CSV_03003,TV,Paris-05,2023-11-25,13716.607956662308,9.0
CSV_03005,Monitor,Paris-05,2023-07-28,3924.7648152133606,5.0
CSV_03006,Cables,London-01,2023-08-29,454.7763548548021,3.0
CSV_03007,Phone,London-01,2023-10-21,3285.273262364976,2.0
CSV_03008,Phone,NYC-02,2023-10-19,5441.606332461994,5.0
CSV_03009,Monitor,Paris-05,2023-10-23,1985.422022930814,5.0
CSV_03010,Laptop,Paris-05,2023-07-29,5314.20863247884,7.0
CSV_03011,TV,Tokyo-04,2023-08-24,9779.007772768126,8.0
CSV_03012,Mouse,Tokyo-04,2023-09-07,6937.00881040863,5.0
CSV_03013,TV,NYC-02,2023-08-05,1002.3544467632586,5.0
CSV_03014,TV,Berlin-03,2023-09-12,4095.332564596887,7.0
CSV_03015,Monitor,Berlin-03,2023-12-11,11189.586043594416,8.0
CSV_03017,Monitor,Paris-05,2023-11-07,2833.61852951729,4.0
CSV_03019,Phone,NYC-02,2023-08-23,8294.479312861124,5.0
CSV_03020,Laptop,NYC-02,2023-10-01,8269.18786490164,5.0
CSV_03021,Mouse,London-01,2023-11-11,9423.025047817526,8.0
CSV_03022,Mouse,London-01,2023-10-21,390.83863196313905,4.0
CSV_03023,Keyboard,London-01,2023-08-28,1560.2267150208277,3.0
CSV_03026,Phone,NYC-02,2023-07-15,6347.1418613593005,5.0
CSV_03027,TV,London-01,2023-09-27,12409.885024738733,7.0
CSV_03028,Phone,Tokyo-04,2023-07-28,16376.564516491197,9.0
CSV_03029,Phone,London-01,2023-10-28,8189.463925552538,7.0
CSV_03030,Keyboard,Tokyo-04,2023-12-12,1900.3764792729012,4.0
CSV_03031,Mouse,Berlin-03,2023-11-13,5766.8181571399155,3.0
CSV_03032,Monitor,NYC-02,2023-08-30,5924.5821585819,3.0
CSV_03033,Mouse,Paris-05,2023-07-27,1046.3182229623385,4.0
CSV_03034,Mouse,Berlin-03,2023-08-13,3691.5981725130127,4.0
CSV_03036,Mouse,Berlin-03,2023-12-10,3631.7797933084057,5.0
CSV_03037,Laptop,Tokyo-04,2023-11-21,9468.078115183544,5.0
CSV_03038,Phone,London-01,2023-10-24,3217.5230274985715,8.0
CSV_03039,Laptop,Paris-05,2023-07-10,5901.191173865582,5.0
CSV_03040,Cables,Paris-05,2023-09-08,118.62712330905843,1.0
CSV_03041,Keyboard,Berlin-03,2023-09-23,14968.585638430797,9.0
CSV_03043,TV,NYC-02,2023-07-03,3984.1311424771575,7.0
CSV_03045,Cables,Paris-05,2023-08-23,1963.7989389793495,5.0
CSV_03046,Monitor,Tokyo-04,2023-09-14,8860.733559141663,5.0
CSV_03047,Laptop,London-01,2023-09-23,2523.2792791068478,3.0
CSV_03048,Mouse,Tokyo-04,2023-07-14,8861.719032063229,6.0
CSV_03049,Keyboard,Paris-05,2023-10-20,1840.0660922491084,1.0
CSV_03050,Keyboard,London-01,2023-08-31,3141.7203666896303,3.0
CSV_03051,TV,Berlin-03,2023-07-09,12478.53624296373,7.0
CSV_03052,Keyboard,NYC-02,2023-12-01,11955.261316973254,6.0
CSV_03053,Keyboard,Tokyo-04,2023-07-25,9904.67894062856,8.0
CSV_03054,Cables,Tokyo-04,2023-08-07,11231.957943334526,7.0
CSV_03055,Laptop,NYC-02,2023-10-24,4936.44424565444,6.0
CSV_03056,TV,Berlin-03,2023-11-16,3072.205360173312,3.0
CSV_03057,Keyboard,NYC-02,2023-09-16,3274.055151466524,5.0
CSV_03061,Cables,Tokyo-04,2023-09-20,8734.34932440182,6.0
CSV_03062,Cables,Berlin-03,2023-09-18,3364.3604272435605,9.0
CSV_03063,Keyboard,Tokyo-04,2023-09-12,1120.8675068296634,4.0
CSV_03064,Mouse,London-01,2023-10-24,7488.831227802475,7.0
CSV_03065,Monitor,Paris-05,2023-09-23,8926.44093555404,6.0
CSV_03066,Phone,Tokyo-04,2023-10-12,1929.33240005963,1.0
CSV_03067,Keyboard,London-01,2023-11-12,1776.523874107263,1.0
CSV_03068,Cables,London-01,2023-12-11,5264.108814788327,3.0
CSV_03070,TV,Berlin-03,2023-12-27,1623.3856290409449,8.0
CSV_03071,Keyboard,Paris-05,2023-12-02,5711.186414677686,7.0
CSV_03072,Keyboard,Paris-05,2023-12-12,4932.9558221974585,4.0
CSV_03073,Monitor,Berlin-03,2023-10-29,6441.866604091818,7.0
CSV_03074,Monitor,Tokyo-04,2023-10-06,2790.141336477093,2.0
CSV_03075,Cables,NYC-02,2023-12-14,9303.760248747705,5.0
CSV_03076,TV,Paris-05,2023-12-11,2043.08215928339,4.0
CSV_03077,Cables,NYC-02,2023-09-06,1630.6760612004928,2.0
CSV_03078,Monitor,Berlin-03,2023-10-15,17721.97467732141,9.0
CSV_03079,TV,Paris-05,2023-09-14,2584.0000854133687,5.0
CSV_03080,Monitor,Paris-05,2023-10-05,1171.3224331185888,2.0
CSV_03081,Phone,London-01,2023-11-16,2073.981708151462,6.0
CSV_03082,Phone,NYC-02,2023-08-01,4415.241520845156,6.0
CSV_03083,Cables,Tokyo-04,2023-12-07,2965.856739727644,7.0
CSV_03084,Laptop,Berlin-03,2023-07-03,849.6806046317574,1.0
CSV_03086,Keyboard,Berlin-03,2023-07-22,5363.605301326319,6.0
CSV_03087,Laptop,London-01,2023-07-06,8359.776537772472,7.0
CSV_03088,Monitor,Tokyo-04,2023-08-22,5168.190450107463,4.0
CSV_03089,Cables,Paris-05,2023-12-03,1679.6204920686014,3.0
CSV_03090,TV,Tokyo-04,2023-09-24,9079.01529331792,9.0
CSV_03092,Cables,London-01,2023-10-12,5860.259811081221,3.0
CSV_03093,Keyboard,London-01,2023-11-22,1320.5838094077917,1.0
CSV_03095,Mouse,London-01,2023-12-11,1484.858434768004,9.0
CSV_03096,Keyboard,Berlin-03,2023-09-27,3343.92731586612,2.0
CSV_03098,Keyboard,Tokyo-04,2023-11-18,3237.715659351594,5.0
CSV_03099,Keyboard,Paris-05,2023-12-05,2480.8507590258096,4.0
CSV_03101,Laptop,NYC-02,2023-08-25,7830.343891431673,7.0
CSV_03102,Cables,London-01,2023-12-09,1205.0353608327077,5.0
CSV_03103,Phone,Tokyo-04,2023-10-04,2853.7600215568095,2.0
CSV_03104,Mouse,Paris-05,2023-08-29,1600.7551249847947,2.0
CSV_03105,Phone,Paris-05,2023-07-01,3564.3957407237203,4.0
CSV_03106,Laptop,NYC-02,2023-08-21,1965.4452810506168,1.0
CSV_03107,TV,Tokyo-04,2023-09-21,1211.1555649433058,1.0
CSV_03108,Keyboard,NYC-02,2023-11-13,5904.178830784264,3.0
CSV_03109,Laptop,NYC-02,2023-09-12,9405.86406493093,7.0
CSV_03110,Laptop,Paris-05,2023-08-11,1612.7191508850565,4.0
CSV_03111,Laptop,London-01,2023-12-09,547.7512788649461,7.0
CSV_03112,TV,NYC-02,2023-10-03,1127.2811606729447,4.0
CSV_03114,Monitor,London-01,2023-07-26,5728.3009144522985,3.0
CSV_03115,Laptop,Tokyo-04,2023-08-11,3848.1840950065366,2.0
CSV_03117,Mouse,Berlin-03,2023-10-02,11173.534121327571,6.0
CSV_03118,Laptop,Paris-05,2023-12-14,5506.1916010229015,8.0
CSV_03119,Phone,Berlin-03,2023-11-13,4757.152664446595,3.0
CSV_03120,Phone,Berlin-03,2023-08-15,11300.018168060207,7.0
CSV_03121,Laptop,Berlin-03,2023-12-10,13470.229491983111,9.0
CSV_03122,Mouse,Berlin-03,2023-11-13,4713.602989377721,3.0
CSV_03123,TV,NYC-02,2023-09-22,5124.351374398114,4.0
CSV_03124,Mouse,London-01,2023-09-08,702.3874001294321,1.0
CSV_03125,Cables,Tokyo-04,2023-08-14,25.51304070114827,1.0
CSV_03126,Phone,Berlin-03,2023-11-22,3940.116486676661,7.0
CSV_03127,Cables,Paris-05,2023-08-18,10147.608091965601,8.0
CSV_03128,TV,Berlin-03,2023-10-17,15426.88432608527,9.0
CSV_03129,TV,Tokyo-04,2023-11-01,2986.392539596666,2.0
CSV_03130,Monitor,Paris-05,2023-09-26,1796.1355834569986,2.0
CSV_03131,Laptop,Berlin-03,2023-10-24,2937.4158871094146,2.0
CSV_03132,Laptop,Paris-05,2023-11-04,5576.865300910097,7.0
CSV_03136,Laptop,Tokyo-04,2023-11-29,4375.618398906368,5.0
CSV_03137,Cables,Berlin-03,2023-10-24,547.0734485068319,1.0
CSV_03138,Monitor,Tokyo-04,2023-09-18,2886.9717436923024,6.0
CSV_03139,TV,London-01,2023-07-26,2804.150804207116,7.0
CSV_03140,Keyboard,Tokyo-04,2023-12-21,1013.3799663988244,1.0
CSV_03141,Keyboard,Paris-05,2023-11-04,3648.177169735566,8.0
CSV_03142,Cables,Paris-05,2023-12-02,1974.3802786271563,9.0
CSV_03143,Monitor,Paris-05,2023-10-04,9089.760396328478,7.0
CSV_03144,Cables,Berlin-03,2023-11-17,1324.556847145784,2.0
CSV_03145,Mouse,Tokyo-04,2023-10-19,46.55923039088316,3.0
CSV_03149,Cables,Tokyo-04,2023-11-24,2663.1092957508035,9.0
CSV_03150,Keyboard,London-01,2023-11-10,1562.366769677974,1.0
CSV_03151,Keyboard,NYC-02,2023-11-28,637.9832715257569,3.0
CSV_03152,Laptop,London-01,2023-07-23,610.3279553448175,3.0
CSV_03153,Mouse,NYC-02,2023-07-24,1576.6091623473612,1.0
CSV_03154,Cables,Paris-05,2023-11-03,1572.7673209834588,6.0
CSV_03155,Phone,Paris-05,2023-09-02,601.3732888734236,7.0
CSV_03156,TV,London-01,2023-08-06,1690.342886330193,1.0
CSV_03157,Keyboard,Tokyo-04,2023-10-19,1183.382820491298,7.0
CSV_03160,Phone,Berlin-03,2023-07-28,1588.6756222966874,2.0
CSV_03162,Monitor,Berlin-03,2023-09-29,3607.834098922095,7.0
CSV_03166,Phone,London-01,2023-10-27,12662.354979425725,7.0
CSV_03167,Mouse,Tokyo-04,2023-07-31,11394.78491655612,7.0
CSV_03168,Keyboard,Paris-05,2023-08-16,2720.0663508319553,8.0
CSV_03169,TV,London-01,2023-11-26,11913.30205354127,9.0
CSV_03170,TV,London-01,2023-09-16,984.8072916149349,4.0
CSV_03171,Keyboard,London-01,2023-11-13,15611.973192384381,9.0
CSV_03172,TV,London-01,2023-10-09,2255.983805280355,3.0
CSV_03174,TV,London-01,2023-09-16,3569.0628351293867,5.0
CSV_03175,Mouse,London-01,2023-10-01,6875.422738414947,4.0
CSV_03176,Mouse,London-01,2023-09-30,826.2670290102019,1.0
CSV_03177,Cables,NYC-02,2023-07-01,8720.178601442058,6.0
CSV_03179,Phone,Berlin-03,2023-09-07,2101.058998519102,2.0
CSV_03180,Laptop,London-01,2023-11-23,1811.1806881094444,1.0
CSV_03182,Mouse,NYC-02,2023-09-11,11071.14287140811,6.0
CSV_03183,Phone,NYC-02,2023-12-23,1574.7036195024186,9.0
CSV_03184,Phone,NYC-02,2023-07-30,7703.537788546628,5.0
CSV_03185,TV,London-01,2023-11-08,2761.6135985883875,4.0
CSV_03186,Phone,Tokyo-04,2023-11-29,4059.153825775944,7.0
CSV_03188,Laptop,Tokyo-04,2023-07-13,5803.590355908609,3.0
CSV_03189,Monitor,Berlin-03,2023-11-03,2642.689649097332,2.0
CSV_03190,TV,Tokyo-04,2023-10-13,6688.074140154051,9.0
CSV_03191,Monitor,London-01,2023-09-01,3495.455887605409,2.0
CSV_03192,Monitor,NYC-02,2023-09-04,3958.5707004638825,5.0
CSV_03193,Laptop,NYC-02,2023-11-27,7785.005281237933,8.0
CSV_03194,Monitor,Paris-05,2023-11-24,5609.7393558345675,5.0
CSV_03197,Mouse,NYC-02,2023-07-22,9573.404002248726,8.0
CSV_03198,TV,London-01,2023-12-14,8670.769361031307,7.0
CSV_03199,Monitor,London-01,2023-09-26,3862.4683596703753,3.0
CSV_03202,Cables,NYC-02,2023-11-28,4414.774533726011,8.0
CSV_03203,Keyboard,Paris-05,2023-11-08,3523.855386223967,2.0
CSV_03204,Monitor,NYC-02,2023-07-08,13045.565606712229,7.0
CSV_03205,Cables,NYC-02,2023-11-09,6906.193556646075,5.0
CSV_03206,Laptop,London-01,2023-11-16,1486.514898530956,5.0
CSV_03207,Mouse,London-01,2023-08-26,3950.7606959626496,4.0
CSV_03208,Monitor,Paris-05,2023-10-31,2055.0779174354057,4.0
CSV_03210,Phone,Paris-05,2023-07-06,1384.1349704802824,2.0
CSV_03213,Cables,Paris-05,2023-10-23,2019.3547731085648,2.0
CSV_03214,Phone,London-01,2023-12-23,3003.6203937505343,4.0
CSV_03215,Phone,NYC-02,2023-10-19,2131.8025804804793,4.0
CSV_03216,Laptop,Paris-05,2023-12-02,13891.329676764539,7.0
CSV_03217,Phone,London-01,2023-08-14,6856.368752035847,4.0
CSV_03218,Keyboard,Tokyo-04,2023-07-07,4842.141350577989,8.0
CSV_03219,Cables,Berlin-03,2023-11-22,6992.821874750191,9.0
CSV_03220,Phone,Tokyo-04,2023-07-24,8822.557391289582,7.0
CSV_03221,Cables,Berlin-03,2023-07-19,1916.9162615459104,7.0
CSV_03222,Phone,Paris-05,2023-11-06,10810.545018054008,6.0
CSV_03223,Cables,Paris-05,2023-09-05,7226.788836351786,4.0
CSV_03224,Monitor,Paris-05,2023-08-25,1329.4052676006174,5.0
CSV_03225,Keyboard,Paris-05,2023-09-24,742.0097893449977,3.0
CSV_03226,TV,London-01,2023-08-25,192.1120338171287,3.0
CSV_03227,Laptop,NYC-02,2023-08-02,1011.0182084884892,1.0
CSV_03228,Keyboard,Berlin-03,2023-11-06,3014.9437022843936,2.0
CSV_03229,TV,NYC-02,2023-10-02,3069.9986840417387,6.0
CSV_03230,Mouse,NYC-02,2023-09-07,14860.13171346849,9.0
CSV_03231,Laptop,Tokyo-04,2023-08-05,2029.750650874748,6.0
CSV_03232,Laptop,Berlin-03,2023-10-25,2179.5108161565327,2.0
CSV_03233,Cables,Berlin-03,2023-08-23,421.71368492898523,5.0
CSV_03234,TV,London-01,2023-10-26,1922.601361035372,1.0
CSV_03235,Mouse,London-01,2023-10-17,1028.0631301203668,1.0
CSV_03236,Mouse,Tokyo-04,2023-11-24,9176.914801957282,5.0
CSV_03238,Keyboard,Berlin-03,2023-11-24,1790.2630277581231,3.0
CSV_03239,Keyboard,London-01,2023-08-16,460.68609972105327,4.0
CSV_03240,TV,Tokyo-04,2023-12-10,1259.7558497972088,6.0
CSV_03241,Phone,Berlin-03,2023-10-13,758.2802792258977,2.0
CSV_03242,Phone,London-01,2023-07-05,14756.164170559876,9.0
CSV_03243,Phone,Paris-05,2023-11-03,848.8085538156927,1.0
CSV_03244,Keyboard,Paris-05,2023-07-11,1153.5687690778586,2.0
CSV_03245,Mouse,Paris-05,2023-08-12,5470.184121901457,6.0
CSV_03246,Keyboard,London-01,2023-11-22,15038.16347125397,9.0
CSV_03247,Cables,NYC-02,2023-12-08,162.35941644472632,3.0
CSV_03248,Laptop,Paris-05,2023-12-15,7010.641608009854,6.0
CSV_03249,Cables,London-01,2023-11-30,1610.9278004927396,1.0
CSV_03251,Phone,Berlin-03,2023-10-02,396.05449994785886,3.0
CSV_03252,Phone,Berlin-03,2023-08-30,15066.177265344339,8.0
CSV_03253,Phone,NYC-02,2023-10-26,5195.178647552471,5.0
CSV_03254,Mouse,Tokyo-04,2023-07-23,780.0100911007912,1.0
CSV_03256,TV,Paris-05,2023-09-27,2604.2293911484135,6.0
CSV_03258,Phone,Tokyo-04,2023-09-27,2561.5287347626563,4.0
CSV_03259,TV,Tokyo-04,2023-08-17,4042.2939614951983,4.0
CSV_03260,Laptop,NYC-02,2023-09-15,6269.249859350699,4.0
CSV_03262,TV,Berlin-03,2023-12-19,1987.9327924018887,9.0
CSV_03263,Keyboard,Tokyo-04,2023-12-09,8214.174396304625,7.0
CSV_03264,TV,Paris-05,2023-09-07,2512.561461988466,2.0
CSV_03265,TV,Berlin-03,2023-10-01,12414.980488225783,8.0
CSV_03266,Laptop,NYC-02,2023-08-19,692.0642660870876,1.0
CSV_03267,Keyboard,Berlin-03,2023-11-28,10962.10451771403,6.0
CSV_03268,Phone,Paris-05,2023-12-17,3948.80975596034,2.0
CSV_03269,Cables,Paris-05,2023-09-15,7402.833470822384,4.0
CSV_03270,Mouse,NYC-02,2023-12-13,3777.268249125543,5.0
CSV_03271,Phone,Tokyo-04,2023-11-01,1391.8060118959056,2.0
CSV_03273,Cables,Berlin-03,2023-09-04,3174.5865713279095,3.0
CSV_03274,Mouse,Tokyo-04,2023-11-21,8241.959352726666,9.0
CSV_03275,TV,Paris-05,2023-10-13,555.1164393010758,1.0
CSV_03276,TV,Paris-05,2023-08-23,1716.5582312666427,3.0
CSV_03277,TV,London-01,2023-08-11,9290.511844973233,5.0
CSV_03278,Monitor,Berlin-03,2023-07-11,4069.496189673239,5.0
CSV_03279,Monitor,NYC-02,2023-11-09,3776.798246411982,6.0
CSV_03283,Laptop,London-01,2023-07-13,4110.279430487264,5.0
CSV_03284,Cables,Berlin-03,2023-11-16,4149.642598429533,3.0
CSV_03285,TV,London-01,2023-11-18,2035.9494168853553,2.0
CSV_03286,Keyboard,London-01,2023-07-19,1526.325702007058,8.0
CSV_03287,TV,Tokyo-04,2023-07-31,15584.511145434943,9.0
CSV_03289,Mouse,Tokyo-04,2023-09-01,5480.591700394226,7.0
CSV_03290,Monitor,Berlin-03,2023-12-18,11068.9395247037,8.0
CSV_03296,Cables,Tokyo-04,2023-08-14,6383.040156287234,4.0
CSV_03297,TV,Paris-05,2023-07-11,7372.721054692691,4.0
CSV_03298,Keyboard,NYC-02,2023-10-27,13635.10873810063,7.0
CSV_03299,Monitor,Paris-05,2023-12-25,5512.156702407641,3.0
CSV_03300,TV,London-01,2023-09-21,6438.238605536653,8.0
CSV_03301,Phone,Paris-05,2023-07-03,149.41638619250557,3.0
CSV_03302,Laptop,London-01,2023-08-18,3411.3932951881475,5.0
CSV_03305,Phone,Berlin-03,2023-12-06,4780.78217116285,3.0
CSV_03306,Phone,NYC-02,2023-10-12,6030.595407660181,8.0
CSV_03307,Laptop,London-01,2023-10-27,5505.049722808537,8.0
CSV_03308,Cables,Tokyo-04,2023-12-04,1394.2903926402669,2.0
CSV_03311,Cables,NYC-02,2023-10-24,13869.346141828642,9.0
CSV_03312,Keyboard,London-01,2023-07-09,3477.4126399903953,9.0
CSV_03313,Monitor,London-01,2023-11-10,6217.891792728482,4.0
CSV_03315,TV,London-01,2023-12-12,1422.664135147765,1.0
CSV_03317,Laptop,Berlin-03,2023-10-28,8453.853063709874,7.0
CSV_03318,TV,NYC-02,2023-11-17,547.3961004774214,4.0
CSV_03319,Monitor,Paris-05,2023-12-01,55.977564973884114,1.0
CSV_03320,Cables,Berlin-03,2023-10-28,4144.4230206518105,5.0
CSV_03321,Keyboard,Berlin-03,2023-07-15,2750.859085606944,4.0
CSV_03322,Monitor,London-01,2023-12-16,6054.950979666007,4.0
CSV_03323,Phone,London-01,2023-11-28,9050.68226734269,8.0
CSV_03324,Laptop,Paris-05,2023-08-20,1271.9841122538946,1.0
CSV_03326,Mouse,Paris-05,2023-10-16,1115.500336901083,1.0
CSV_03328,Phone,Berlin-03,2023-09-30,1990.2417792561175,1.0
CSV_03329,Laptop,Paris-05,2023-09-27,10384.181755140728,8.0
CSV_03330,Cables,Berlin-03,2023-12-24,15761.788082151143,8.0
CSV_03332,Laptop,Paris-05,2023-09-05,2217.965164484687,5.0
CSV_03333,TV,Tokyo-04,2023-10-30,12617.018211195167,7.0
CSV_03334,Cables,Tokyo-04,2023-09-24,5633.913411127624,4.0
CSV_03336,Keyboard,London-01,2023-08-09,9499.22137990119,8.0
CSV_03337,Monitor,Tokyo-04,2023-12-01,2275.0549704163145,2.0
CSV_03338,Laptop,Tokyo-04,2023-11-07,2244.6440032619967,2.0
CSV_03339,Phone,Berlin-03,2023-09-19,7825.696881105852,5.0
CSV_03340,Phone,Tokyo-04,2023-07-14,3724.4686896632575,2.0
CSV_03341,Laptop,NYC-02,2023-09-06,1467.8810052859758,2.0
CSV_03343,TV,London-01,2023-09-19,552.7372864630274,2.0
CSV_03344,Keyboard,NYC-02,2023-12-08,2221.1754337092016,3.0
CSV_03345,Laptop,Tokyo-04,2023-12-08,11841.097398642625,9.0
CSV_03346,Phone,Berlin-03,2023-12-15,11474.647494732402,6.0
CSV_03347,TV,London-01,2023-09-05,5904.733307812883,7.0
CSV_03348,Monitor,London-01,2023-12-12,426.136107299453,3.0
CSV_03350,Laptop,Paris-05,2023-10-01,987.299375535554,1.0
CSV_03351,Monitor,NYC-02,2023-11-06,12204.883707282168,8.0
CSV_03352,Phone,NYC-02,2023-09-27,3161.7691988381075,3.0
CSV_03353,Laptop,NYC-02,2023-09-16,3148.099137347218,2.0
CSV_03354,TV,Paris-05,2023-10-07,381.5249578151856,1.0
CSV_03355,Mouse,Paris-05,2023-11-03,692.2281539837254,4.0
CSV_03356,Keyboard,Berlin-03,2023-11-01,5665.087349847913,3.0
CSV_03358,Monitor,London-01,2023-10-28,4885.518353169873,3.0
CSV_03359,Cables,Paris-05,2023-09-19,5966.565596942988,3.0
CSV_03362,Cables,Tokyo-04,2023-08-15,1925.445083997481,7.0
CSV_03364,Monitor,Berlin-03,2023-09-27,1475.1306712301518,1.0
CSV_03365,Cables,Paris-05,2023-10-28,1668.721363413304,1.0
CSV_03366,Cables,London-01,2023-07-25,2483.848332249725,3.0
CSV_03368,Laptop,Berlin-03,2023-08-09,1858.9498104551521,7.0
CSV_03370,Cables,London-01,2023-08-07,1848.7351466711816,5.0
CSV_03371,Mouse,Berlin-03,2023-11-02,4021.7846600352045,3.0
CSV_03372,Laptop,London-01,2023-10-09,14652.284613331967,8.0
CSV_03373,TV,Berlin-03,2023-07-21,3178.544108497127,5.0
CSV_03374,Mouse,Tokyo-04,2023-07-24,15233.886850320703,8.0
CSV_03375,Mouse,Tokyo-04,2023-10-12,2692.6792448725237,4.0
CSV_03377,Mouse,Tokyo-04,2023-10-02,12014.622458847638,8.0
CSV_03378,Cables,NYC-02,2023-09-07,1157.0982806529373,3.0
CSV_03379,Mouse,Tokyo-04,2023-07-08,1072.8093719370997,5.0
CSV_03380,Keyboard,Berlin-03,2023-10-26,3885.9012504427296,4.0
CSV_03381,Monitor,Berlin-03,2023-12-26,2041.334119856314,3.0
CSV_03382,Keyboard,Tokyo-04,2023-10-22,8332.621147879436,6.0
CSV_03383,Keyboard,NYC-02,2023-11-10,7044.46828856065,7.0
CSV_03385,Laptop,Paris-05,2023-07-11,9267.50446678858,5.0
CSV_03386,Monitor,Berlin-03,2023-07-10,6738.414632834478,5.0
CSV_03387,Cables,NYC-02,2023-07-21,9336.946208499972,5.0
CSV_03388,TV,Berlin-03,2023-08-02,1108.0627643132375,1.0
CSV_03389,Laptop,Berlin-03,2023-11-20,7339.043751154458,7.0
CSV_03390,Laptop,NYC-02,2023-11-03,2104.5742580538727,5.0
CSV_03391,Cables,London-01,2023-11-21,1191.9442545007075,5.0
CSV_03392,Keyboard,Paris-05,2023-11-05,9245.238023556663,7.0
CSV_03394,Phone,London-01,2023-09-24,9394.166997802053,5.0
CSV_03395,Laptop,Berlin-03,2023-12-14,3820.946991329928,4.0
CSV_03397,Mouse,London-01,2023-11-03,639.4153634126985,1.0
CSV_03398,TV,Berlin-03,2023-10-04,1522.748426925078,3.0
CSV_03399,Laptop,Tokyo-04,2023-11-28,3918.9301460089223,3.0
CSV_03400,Cables,NYC-02,2023-07-18,8057.598338040618,5.0
CSV_03401,Cables,Tokyo-04,2023-12-14,1637.7334761272275,1.0
CSV_03402,Cables,Tokyo-04,2023-08-29,3457.9918401233936,4.0
CSV_03403,Cables,NYC-02,2023-12-20,1837.8080629314893,3.0
CSV_03404,TV,Tokyo-04,2023-11-16,3642.405940695616,8.0
CSV_03405,Laptop,NYC-02,2023-10-21,2790.36827884844,7.0
CSV_03407,Keyboard,Paris-05,2023-11-20,3357.2475982301303,2.0
CSV_03408,Keyboard,NYC-02,2023-10-24,1657.1457876061263,3.0
CSV_03409,Mouse,London-01,2023-08-29,6006.285520189139,4.0
CSV_03410,Keyboard,Paris-05,2023-10-22,8157.878579665859,8.0
CSV_03411,Monitor,London-01,2023-07-16,6052.21486473336,9.0
CSV_03415,Cables,Berlin-03,2023-07-13,12610.143059987815,8.0
CSV_03417,Mouse,Berlin-03,2023-10-10,1232.8845330455372,1.0
CSV_03418,Cables,Berlin-03,2023-12-14,5994.962419366284,6.0
CSV_03419,Cables,London-01,2023-07-09,14557.741909473292,8.0
CSV_03420,Mouse,Tokyo-04,2023-10-10,3224.894224220299,6.0
CSV_03421,Mouse,NYC-02,2023-08-31,13273.063084390487,8.0
CSV_03422,Laptop,Tokyo-04,2023-11-30,1998.5712920811648,1.0
CSV_03424,Laptop,NYC-02,2023-10-01,1033.0403418678115,1.0
CSV_03425,Mouse,Paris-05,2023-11-15,10244.12143559544,6.0
CSV_03426,Monitor,NYC-02,2023-11-25,3760.546904683946,5.0
CSV_03427,Laptop,Berlin-03,2023-11-16,3603.8217534775113,3.0
CSV_03429,Keyboard,Paris-05,2023-09-03,2026.4586909279105,7.0
CSV_03430,Keyboard,London-01,2023-07-29,4160.318962374175,4.0
CSV_03431,Phone,Berlin-03,2023-10-29,5572.6595377538015,3.0
CSV_03432,Laptop,Berlin-03,2023-09-06,4813.827942186237,7.0
CSV_03433,Mouse,Berlin-03,2023-12-03,8977.98012999253,7.0
CSV_03435,TV,Tokyo-04,2023-11-05,10624.03123863842,7.0
CSV_03436,Laptop,NYC-02,2023-07-07,8059.913616861334,9.0
CSV_03437,Laptop,NYC-02,2023-11-20,4741.425123928993,7.0
CSV_03439,TV,NYC-02,2023-07-30,2816.312612509396,4.0
CSV_03440,Cables,Tokyo-04,2023-07-04,4495.937841334435,4.0
CSV_03442,Keyboard,Berlin-03,2023-12-24,3742.095153055064,6.0
CSV_03443,TV,London-01,2023-09-05,5354.668307914799,3.0
CSV_03444,Phone,NYC-02,2023-10-08,1444.772458578023,1.0
CSV_03448,Phone,London-01,2023-08-01,846.4212855755762,3.0
CSV_03449,Cables,London-01,2023-07-20,5814.845011124224,5.0
CSV_03450,Phone,Berlin-03,2023-11-07,12503.414950372438,9.0
CSV_03453,Phone,Paris-05,2023-08-24,6028.864956303306,7.0
CSV_03454,Keyboard,Berlin-03,2023-07-09,2805.408572898291,4.0
CSV_03455,Monitor,Tokyo-04,2023-08-13,1268.63431948501,9.0
CSV_03457,Monitor,London-01,2023-07-25,7914.963904788234,7.0
CSV_03458,Keyboard,Paris-05,2023-10-26,555.640913622115,2.0
CSV_03459,Cables,NYC-02,2023-07-20,13559.41334914241,9.0
CSV_03460,Cables,London-01,2023-08-10,12360.16737321705,8.0
CSV_03461,Cables,Berlin-03,2023-11-28,1865.1857355969205,1.0
CSV_03462,Laptop,London-01,2023-09-29,15354.307442476189,8.0
CSV_03463,Keyboard,Berlin-03,2023-09-18,6172.2152855674785,7.0
CSV_03464,TV,Berlin-03,2023-10-08,574.8491512723564,3.0
CSV_03465,Mouse,London-01,2023-12-17,1992.5113238711306,3.0
CSV_03466,Keyboard,Paris-05,2023-11-14,52.7778658435991,4.0
CSV_03468,Laptop,London-01,2023-08-10,3872.3032826340977,4.0
CSV_03469,Cables,Paris-05,2023-11-28,13376.056406698915,7.0
CSV_03470,Monitor,Paris-05,2023-12-19,6118.636744637638,6.0
CSV_03471,Mouse,NYC-02,2023-08-05,7020.210941531548,4.0
CSV_03472,Phone,NYC-02,2023-07-20,3201.0977271713073,4.0
CSV_03474,Mouse,Paris-05,2023-09-22,7508.776837958178,9.0
CSV_03475,Monitor,Paris-05,2023-10-04,6212.646989848752,4.0
CSV_03476,Phone,Berlin-03,2023-11-24,1480.6709616889727,3.0
CSV_03477,Monitor,Paris-05,2023-09-03,4974.837637180502,9.0
CSV_03480,Mouse,Paris-05,2023-10-23,6267.933823896894,8.0
CSV_03481,Monitor,Tokyo-04,2023-12-23,7758.890905482665,6.0
CSV_03482,TV,London-01,2023-07-11,961.5377600941432,1.0
CSV_03483,Mouse,Paris-05,2023-09-14,8076.343888590325,5.0
CSV_03484,Phone,NYC-02,2023-11-09,5386.999718863957,3.0
CSV_03485,Keyboard,Paris-05,2023-09-08,3442.487742747725,2.0
CSV_03486,Cables,NYC-02,2023-07-15,13186.125647197387,7.0
CSV_03488,Monitor,Paris-05,2023-10-13,5142.471521209802,3.0
CSV_03489,Cables,Paris-05,2023-08-10,1083.5945471742962,1.0
CSV_03491,TV,Paris-05,2023-08-20,3246.521986267878,2.0
CSV_03493,Monitor,Berlin-03,2023-09-07,3470.152594564048,8.0
CSV_03494,Monitor,Berlin-03,2023-10-10,4724.348743976166,3.0
CSV_03495,Laptop,London-01,2023-11-22,915.7790438130673,2.0
CSV_03496,Monitor,Tokyo-04,2023-12-15,2727.5239235826134,2.0
CSV_03497,Cables,Tokyo-04,2023-11-07,2005.0040621991739,7.0
CSV_03498,Monitor,London-01,2023-11-16,5890.273922291616,5.0
CSV_03499,Mouse,Berlin-03,2023-10-02,11722.710006440037,7.0
CSV_03500,Keyboard,Paris-05,2023-11-01,1611.9129788925284,1.0
CSV_03501,Phone,Paris-05,2023-11-29,1500.1995813884644,9.0
CSV_03502,TV,Berlin-03,2023-12-15,3798.2810398062825,2.0
CSV_03503,Mouse,Berlin-03,2023-08-27,11416.561418399346,7.0
CSV_03504,Phone,London-01,2023-10-03,4595.696245349143,9.0
CSV_03505,Mouse,Paris-05,2023-10-27,3290.6455124699664,5.0
CSV_03506,Cables,Tokyo-04,2023-12-20,740.8715833014941,5.0
CSV_03507,Laptop,NYC-02,2023-11-13,3138.923923869579,3.0
CSV_03508,Laptop,Tokyo-04,2023-09-23,2778.6981101585297,6.0
CSV_03509,TV,Paris-05,2023-07-16,2294.5111637231375,3.0
CSV_03510,Mouse,London-01,2023-07-05,12016.325271805563,9.0
CSV_03511,TV,Paris-05,2023-11-17,10191.203667496236,9.0
CSV_03512,Keyboard,Tokyo-04,2023-10-18,13227.442040337748,7.0
CSV_03514,Keyboard,Berlin-03,2023-10-12,8405.155728009053,6.0
CSV_03515,Monitor,NYC-02,2023-12-06,14967.798739833235,9.0
CSV_03516,Cables,London-01,2023-10-10,852.122627777743,1.0
CSV_03517,Cables,Paris-05,2023-12-10,267.6075330417409,1.0
CSV_03518,Cables,Paris-05,2023-09-19,9607.807091263236,5.0
CSV_03519,Keyboard,Berlin-03,2023-07-05,6790.658778939416,6.0
CSV_03520,Phone,Tokyo-04,2023-09-17,3760.532023913308,3.0
CSV_03521,Cables,Berlin-03,2023-12-15,1252.2205905706062,1.0
CSV_03523,TV,Paris-05,2023-07-16,16078.91826083535,9.0
CSV_03524,Keyboard,NYC-02,2023-10-06,867.6896056552592,4.0
CSV_03525,Cables,Paris-05,2023-07-21,15039.764945220042,8.0
CSV_03526,TV,London-01,2023-07-26,4362.344737532884,3.0
CSV_03528,TV,NYC-02,2023-11-29,3023.4682986970583,3.0
CSV_03529,Laptop,Tokyo-04,2023-07-02,4987.590158770698,5.0
CSV_03530,Mouse,London-01,2023-10-18,2145.602389964317,7.0
CSV_03531,Mouse,Berlin-03,2023-08-01,13493.578077963508,8.0
CSV_03532,Monitor,Paris-05,2023-08-25,14741.224269620572,9.0
CSV_03533,Monitor,Paris-05,2023-07-14,5393.265458665823,3.0
CSV_03534,Keyboard,Paris-05,2023-11-21,4918.098284099386,5.0
CSV_03535,Monitor,Berlin-03,2023-10-21,999.9549455287888,8.0
CSV_03536,Mouse,Berlin-03,2023-12-17,6415.399729168388,7.0
CSV_03537,Mouse,London-01,2023-07-01,3292.436469607173,2.0
CSV_03538,Mouse,London-01,2023-12-16,1440.0346954492436,1.0
CSV_03539,Cables,Tokyo-04,2023-09-04,2601.8248901142433,6.0
CSV_03540,Phone,Tokyo-04,2023-11-27,7.015421743725256,4.0
CSV_03542,TV,NYC-02,2023-11-01,3300.715809013894,7.0
CSV_03543,Cables,Paris-05,2023-10-04,2625.953322848746,4.0
CSV_03544,Monitor,NYC-02,2023-07-18,827.410086905282,3.0
CSV_03545,Laptop,NYC-02,2023-07-06,4759.0225898731205,3.0
CSV_03546,Mouse,Tokyo-04,2023-09-01,1156.6195151168872,2.0
CSV_03548,Keyboard,Paris-05,2023-09-12,410.9014953735473,4.0
CSV_03549,Monitor,Paris-05,2023-12-25,186.6848187621185,1.0
CSV_03550,Monitor,Berlin-03,2023-09-06,9033.86742991285,8.0
CSV_03551,Keyboard,Tokyo-04,2023-10-17,2704.696656532932,6.0
CSV_03552,Phone,NYC-02,2023-12-25,1641.5245132184778,1.0
CSV_03554,Monitor,Berlin-03,2023-08-15,3078.6711222232816,8.0
CSV_03555,TV,Berlin-03,2023-09-15,3363.7330009220072,6.0
CSV_03556,TV,Tokyo-04,2023-12-01,7794.847308711263,9.0
CSV_03558,Phone,London-01,2023-08-22,2839.5221660276206,2.0
CSV_03560,Laptop,London-01,2023-08-03,2759.162280955716,3.0
CSV_03561,TV,NYC-02,2023-08-18,1929.8449814261696,1.0
CSV_03562,Phone,London-01,2023-09-05,8785.650859546295,6.0
CSV_03563,Phone,NYC-02,2023-11-14,5766.353218843638,4.0
CSV_03564,Cables,Berlin-03,2023-07-09,7415.953599678931,4.0
CSV_03565,Monitor,London-01,2023-08-14,685.0362878502972,3.0
CSV_03567,Mouse,London-01,2023-07-10,1895.925582206798,1.0
CSV_03569,Phone,NYC-02,2023-12-07,12816.223202107558,7.0
CSV_03571,TV,NYC-02,2023-08-20,86.54777348048492,3.0
CSV_03572,Monitor,Paris-05,2023-10-04,66.0584350178533,6.0
CSV_03573,Monitor,London-01,2023-11-08,17380.158053904863,9.0
CSV_03574,Laptop,Paris-05,2023-09-14,3979.850926062781,6.0
CSV_03575,Monitor,Berlin-03,2023-08-14,4294.4086047349865,3.0
CSV_03576,Cables,NYC-02,2023-12-17,5927.705611181827,8.0
CSV_03579,Keyboard,Tokyo-04,2023-07-25,1385.0847728104009,1.0
CSV_03580,Cables,London-01,2023-08-31,2874.2369847545306,4.0
CSV_03583,Laptop,Paris-05,2023-12-20,9961.531581856932,6.0
CSV_03584,TV,Paris-05,2023-12-12,15909.611958435178,8.0
CSV_03585,Cables,Berlin-03,2023-08-11,261.61262271534724,2.0
CSV_03586,Cables,Paris-05,2023-11-17,4822.235533350887,3.0
CSV_03587,Laptop,Berlin-03,2023-11-25,1689.1092695000643,3.0
CSV_03588,Mouse,NYC-02,2023-09-11,4641.7901237717115,3.0
CSV_03589,Laptop,London-01,2023-07-03,4781.577849677294,6.0
CSV_03590,Laptop,Paris-05,2023-11-19,593.3220737328238,8.0
CSV_03591,Phone,Paris-05,2023-09-30,2381.7467384097627,4.0
CSV_03593,Laptop,London-01,2023-07-07,7013.622438420689,4.0
CSV_03594,Phone,Berlin-03,2023-07-23,6811.868264358522,4.0
CSV_03595,Laptop,Tokyo-04,2023-12-27,7558.1196757389025,4.0
CSV_03596,Mouse,London-01,2023-08-17,12518.954827571637,7.0
CSV_03597,Phone,London-01,2023-07-11,5811.20381965622,5.0
CSV_03598,Laptop,NYC-02,2023-08-10,1313.6268833482904,2.0
CSV_03599,Mouse,NYC-02,2023-09-23,145.4832636395853,3.0
CSV_03600,Phone,Tokyo-04,2023-12-06,1685.287548690814,3.0
CSV_03602,Mouse,Tokyo-04,2023-12-10,3514.516183263936,2.0
CSV_03603,Phone,Paris-05,2023-09-10,5417.104505673163,9.0
CSV_03606,Mouse,Berlin-03,2023-10-21,17930.10280174041,9.0
CSV_03608,Laptop,London-01,2023-11-20,6996.585742658543,5.0
CSV_03610,Keyboard,NYC-02,2023-07-29,1720.5896790713837,1.0
CSV_03611,Phone,Paris-05,2023-07-12,10894.122350145197,6.0
CSV_03612,Mouse,Tokyo-04,2023-10-20,812.0343702641276,3.0
CSV_03613,TV,Berlin-03,2023-12-04,1353.369276403821,7.0
CSV_03616,Mouse,Tokyo-04,2023-11-27,139.55772491650407,1.0
CSV_03619,Monitor,Tokyo-04,2023-07-02,4215.083232114607,3.0
CSV_03620,Monitor,Berlin-03,2023-12-08,2450.8948357145646,8.0
CSV_03622,Keyboard,Paris-05,2023-08-18,4871.445575731133,3.0
CSV_03623,Laptop,London-01,2023-11-16,15181.185473434276,8.0
CSV_03625,Monitor,London-01,2023-10-06,549.2719881156248,3.0
CSV_03626,Mouse,NYC-02,2023-07-07,10067.5533042409,9.0
CSV_03628,Monitor,Berlin-03,2023-08-06,681.7273740459682,7.0
CSV_03630,Cables,Berlin-03,2023-12-21,12691.058028959425,8.0
CSV_03631,Mouse,Tokyo-04,2023-07-18,835.0176925883243,1.0
CSV_03633,Mouse,Paris-05,2023-07-05,5762.034672673319,4.0
CSV_03634,Keyboard,Tokyo-04,2023-11-02,2443.0028388290816,5.0
CSV_03635,Mouse,Berlin-03,2023-08-02,2221.5057119863877,8.0
CSV_03636,Mouse,Tokyo-04,2023-11-15,2390.6320051707316,2.0
CSV_03638,Laptop,NYC-02,2023-07-23,858.6141412593108,1.0
CSV_03640,Keyboard,Paris-05,2023-09-08,1.4941248788483106,3.0
CSV_03641,Monitor,London-01,2023-11-05,573.2379876995105,4.0
CSV_03643,TV,NYC-02,2023-10-19,11327.470851222812,7.0
CSV_03645,Cables,London-01,2023-07-29,1433.0731969113908,5.0
CSV_03646,Monitor,NYC-02,2023-11-27,904.5902350661636,2.0
CSV_03647,Laptop,Tokyo-04,2023-10-17,1829.6269505645628,1.0
CSV_03648,Phone,Berlin-03,2023-12-27,9566.442821487164,5.0
CSV_03650,Mouse,NYC-02,2023-10-19,1714.5050470540325,1.0
CSV_03651,Phone,Paris-05,2023-11-19,14156.933187794006,8.0
CSV_03652,Mouse,Paris-05,2023-10-26,7453.748179520681,6.0
CSV_03653,Mouse,NYC-02,2023-07-28,1910.8011975749712,2.0
CSV_03655,TV,NYC-02,2023-08-07,2801.931772754954,2.0
CSV_03656,Monitor,London-01,2023-08-30,814.196297927705,1.0
CSV_03657,Laptop,Berlin-03,2023-12-02,821.5339485821736,3.0
CSV_03659,TV,London-01,2023-11-05,11532.504951508983,7.0
CSV_03660,Keyboard,Tokyo-04,2023-12-01,1493.1617097243222,7.0
CSV_03661,Laptop,Berlin-03,2023-07-23,876.8534213742959,5.0
CSV_03662,TV,NYC-02,2023-12-01,12210.308014751283,9.0
CSV_03663,Phone,Paris-05,2023-11-21,538.7257559074218,2.0
CSV_03664,Monitor,NYC-02,2023-08-21,4539.174640559017,3.0
CSV_03665,Laptop,London-01,2023-12-07,327.0019774241948,3.0
CSV_03666,Monitor,Tokyo-04,2023-12-02,1014.965445058689,2.0
CSV_03667,Keyboard,NYC-02,2023-12-14,13249.132921244674,8.0
CSV_03668,Laptop,NYC-02,2023-07-01,8949.15176080302,9.0
CSV_03669,Keyboard,Paris-05,2023-10-15,5968.712807435583,3.0
CSV_03670,TV,London-01,2023-07-25,6962.38444416797,5.0
CSV_03671,Keyboard,Paris-05,2023-08-04,2923.979250557594,2.0
CSV_03674,Monitor,NYC-02,2023-07-13,4514.043358551209,7.0
CSV_03675,Monitor,NYC-02,2023-07-19,4011.497201826689,7.0
CSV_03676,Cables,Paris-05,2023-09-10,6885.7398476029175,4.0
CSV_03677,TV,NYC-02,2023-08-05,12321.889501190473,9.0
CSV_03679,Laptop,Paris-05,2023-10-22,8771.366232534088,5.0
CSV_03680,Mouse,Tokyo-04,2023-11-10,805.8103144380264,9.0
CSV_03682,Laptop,London-01,2023-09-10,3470.0896362388767,8.0
CSV_03683,Cables,NYC-02,2023-12-22,7176.935498488883,4.0
CSV_03686,Phone,Berlin-03,2023-09-16,8169.274312774654,7.0
CSV_03687,TV,Berlin-03,2023-07-01,4460.592478564608,3.0
CSV_03690,Cables,Tokyo-04,2023-12-02,349.828334738321,2.0
CSV_03691,Mouse,London-01,2023-07-06,2860.3933954107206,3.0
CSV_03692,Phone,Berlin-03,2023-12-01,1637.6757510642842,6.0
CSV_03694,Monitor,NYC-02,2023-07-11,1854.0497888776424,1.0
CSV_03695,Phone,Tokyo-04,2023-12-23,5749.680211019853,6.0
CSV_03697,Keyboard,NYC-02,2023-10-10,7263.369211315156,5.0
CSV_03698,Laptop,Berlin-03,2023-11-13,10267.53004118396,7.0
CSV_03699,Monitor,Berlin-03,2023-10-29,6479.216418089731,5.0
CSV_03702,Mouse,Tokyo-04,2023-07-11,5179.381462595236,6.0
CSV_03703,Keyboard,Paris-05,2023-10-21,1789.9258433411342,5.0
CSV_03707,Phone,Berlin-03,2023-11-02,14970.330195391469,8.0
CSV_03708,TV,Paris-05,2023-10-16,2640.263719527725,2.0
CSV_03709,Mouse,London-01,2023-09-16,519.6214363122926,4.0
CSV_03710,Laptop,Berlin-03,2023-09-06,11161.39963689647,9.0
CSV_03711,TV,London-01,2023-09-20,2365.3303332723026,3.0
CSV_03712,Mouse,Berlin-03,2023-07-04,786.5020320230061,8.0
CSV_03713,Keyboard,Tokyo-04,2023-11-27,7009.64121579985,6.0
CSV_03714,Cables,Tokyo-04,2023-07-14,4950.824245901014,7.0
CSV_03715,Phone,Paris-05,2023-12-26,5667.116706758868,7.0
CSV_03716,Mouse,London-01,2023-07-20,11207.796983372904,6.0
CSV_03717,Laptop,Berlin-03,2023-08-11,1570.9512313888968,3.0
CSV_03719,TV,London-01,2023-10-06,1991.150036048211,1.0
CSV_03720,Keyboard,Berlin-03,2023-08-10,11114.400368769855,6.0
CSV_03722,Mouse,Tokyo-04,2023-11-15,8684.26595353848,5.0
CSV_03723,Laptop,Tokyo-04,2023-12-25,1308.0050994686048,2.0
CSV_03724,Phone,London-01,2023-12-11,587.3749530884619,3.0
CSV_03726,Phone,London-01,2023-10-18,3718.460731111245,8.0
CSV_03727,Phone,Paris-05,2023-08-16,4329.065037857014,4.0
CSV_03728,TV,NYC-02,2023-09-02,5823.46431157551,5.0
CSV_03730,Laptop,London-01,2023-11-24,3793.055386348584,4.0
CSV_03731,TV,London-01,2023-11-01,7542.416931627162,4.0
CSV_03732,Monitor,Berlin-03,2023-12-22,260.64316193848845,8.0
CSV_03734,Phone,NYC-02,2023-10-14,7601.533417663448,9.0
CSV_03735,Phone,Tokyo-04,2023-10-08,6167.525588333832,5.0
CSV_03736,Mouse,Berlin-03,2023-11-29,1144.8692634438885,1.0
CSV_03737,Keyboard,NYC-02,2023-09-06,912.934727081582,4.0
CSV_03739,Monitor,London-01,2023-12-04,1725.8362408967805,2.0
CSV_03741,Monitor,London-01,2023-07-06,2594.8183180648903,6.0
CSV_03742,Phone,London-01,2023-10-13,6436.514007688256,7.0
CSV_03743,Monitor,Tokyo-04,2023-08-12,1512.0095703788552,2.0
CSV_03744,Cables,Tokyo-04,2023-11-10,5682.60892125404,4.0
CSV_03745,Keyboard,Tokyo-04,2023-07-07,716.554767250557,1.0
CSV_03747,Mouse,Berlin-03,2023-10-28,1773.0864768604868,3.0
CSV_03749,Cables,London-01,2023-08-26,3657.955417305761,6.0
CSV_03751,Cables,NYC-02,2023-11-03,11105.923055041027,8.0
CSV_03752,TV,Tokyo-04,2023-08-12,4608.977393851819,6.0
CSV_03753,Cables,Berlin-03,2023-11-06,16265.197726096598,9.0
CSV_03755,Keyboard,NYC-02,2023-11-14,9418.070898177913,5.0
CSV_03757,Monitor,Berlin-03,2023-08-17,4476.770124706927,3.0
CSV_03758,Laptop,NYC-02,2023-10-11,1821.029874867665,6.0
CSV_03759,Cables,NYC-02,2023-09-29,1683.3452146524633,1.0
CSV_03760,Laptop,Paris-05,2023-10-28,1556.6909175003461,8.0
CSV_03761,Monitor,Berlin-03,2023-08-30,1492.5940645975452,2.0
CSV_03762,Mouse,Berlin-03,2023-12-02,9596.332683809924,5.0
CSV_03767,Monitor,NYC-02,2023-11-09,2216.651839125013,6.0
CSV_03769,Laptop,Berlin-03,2023-10-24,143.27020754583737,7.0
CSV_03770,Cables,NYC-02,2023-09-17,7125.566355757637,7.0
CSV_03771,Phone,Paris-05,2023-12-15,15794.683046180038,8.0
CSV_03773,Mouse,NYC-02,2023-10-27,6802.901249682085,8.0
CSV_03774,Mouse,Tokyo-04,2023-12-08,12170.052918403499,9.0
CSV_03775,Monitor,Berlin-03,2023-11-10,5334.873958395439,3.0
CSV_03776,Cables,Paris-05,2023-11-14,925.3059933937908,1.0
CSV_03778,Phone,NYC-02,2023-09-19,7084.142382716671,5.0
CSV_03780,Keyboard,Tokyo-04,2023-12-21,14480.178451953976,8.0
CSV_03781,Cables,London-01,2023-12-23,3219.9984871349816,2.0
CSV_03782,Monitor,Tokyo-04,2023-08-06,2443.1946757805345,2.0
CSV_03783,Cables,London-01,2023-08-11,1824.8677763633573,1.0
CSV_03785,Phone,London-01,2023-07-20,5783.535339666456,3.0
CSV_03786,TV,Berlin-03,2023-09-12,416.3317045840729,2.0
CSV_03787,Laptop,Berlin-03,2023-11-18,5847.874787145979,6.0
CSV_03788,Laptop,Berlin-03,2023-11-28,1115.0370503925851,7.0
CSV_03789,Phone,Tokyo-04,2023-07-27,4458.454109494446,6.0
CSV_03790,Keyboard,Berlin-03,2023-08-24,3324.330431251636,3.0
CSV_03791,Cables,London-01,2023-08-22,458.1649885898096,8.0
CSV_03792,Keyboard,NYC-02,2023-07-08,612.1125690677068,1.0
CSV_03794,Mouse,NYC-02,2023-12-07,1976.3057402983382,5.0
CSV_03797,TV,Paris-05,2023-08-25,1033.4142013510157,1.0
CSV_03798,Monitor,Tokyo-04,2023-08-30,405.62340513431445,9.0
CSV_03799,Mouse,Tokyo-04,2023-07-09,1858.147248085042,4.0
CSV_03801,TV,NYC-02,2023-12-27,16892.566308335463,9.0
CSV_03802,Monitor,Tokyo-04,2023-08-12,3586.6679100088263,6.0
CSV_03803,Laptop,Paris-05,2023-07-09,6549.797103945995,7.0
CSV_03805,Cables,Tokyo-04,2023-09-22,367.0938956977352,2.0
CSV_03806,Laptop,London-01,2023-09-22,3908.046267175148,9.0
CSV_03807,TV,Paris-05,2023-11-12,7935.538120367133,7.0
CSV_03808,Mouse,NYC-02,2023-09-05,6004.641212138911,4.0
CSV_03809,Monitor,Tokyo-04,2023-12-26,2315.2806623348524,4.0
CSV_03811,Cables,Tokyo-04,2023-11-25,390.4804449898211,5.0
CSV_03814,Cables,Tokyo-04,2023-09-30,1745.888460645307,2.0
CSV_03815,TV,NYC-02,2023-10-15,6984.977018150825,9.0
CSV_03816,Cables,London-01,2023-12-18,9532.655849995379,7.0
CSV_03817,TV,Tokyo-04,2023-12-08,1793.002228022312,5.0
CSV_03818,Phone,NYC-02,2023-07-22,531.0152442610747,4.0
CSV_03820,Phone,Tokyo-04,2023-10-11,1372.6949822371735,7.0
CSV_03822,Phone,Berlin-03,2023-07-09,12637.199653915557,9.0
CSV_03825,Keyboard,NYC-02,2023-08-20,1034.9480631211052,1.0
CSV_03826,Cables,Paris-05,2023-12-13,2860.169337909954,2.0
CSV_03828,Cables,London-01,2023-09-23,7214.208557319118,4.0
CSV_03829,TV,NYC-02,2023-10-30,3994.922975735866,2.0
CSV_03830,Monitor,Paris-05,2023-12-13,3711.050849277824,2.0
CSV_03832,TV,Tokyo-04,2023-08-28,1260.6774673991417,3.0
CSV_03833,Cables,Paris-05,2023-12-23,2667.687778656642,4.0
CSV_03834,Cables,Paris-05,2023-12-10,9699.191835623684,5.0
CSV_03835,Cables,Berlin-03,2023-11-18,1574.011470569175,1.0
CSV_03837,Mouse,Berlin-03,2023-09-07,433.8402795056754,5.0
CSV_03838,Cables,Berlin-03,2023-08-23,469.86308672713017,2.0
CSV_03840,Mouse,Berlin-03,2023-10-21,13067.47898939258,8.0
CSV_03841,Mouse,Tokyo-04,2023-12-11,6750.57043266065,9.0
CSV_03842,Monitor,Paris-05,2023-10-06,7295.980847800785,7.0
CSV_03843,Cables,NYC-02,2023-11-21,994.1060929149668,1.0
CSV_03845,Laptop,NYC-02,2023-11-13,11394.378990737136,6.0
CSV_03846,Cables,Berlin-03,2023-08-31,1201.9808174989628,1.0
CSV_03847,TV,NYC-02,2023-10-29,7267.297095431715,5.0
CSV_03848,Phone,Berlin-03,2023-10-30,15915.997253257161,8.0
CSV_03849,Keyboard,Tokyo-04,2023-09-30,10316.57967131332,9.0
CSV_03851,Laptop,Paris-05,2023-10-12,1277.848625133854,7.0
CSV_03852,Monitor,Tokyo-04,2023-09-20,782.7739921359741,1.0
CSV_03854,Monitor,London-01,2023-11-07,3427.3520347686376,6.0
CSV_03855,Phone,Paris-05,2023-08-27,7791.248846571798,5.0
CSV_03858,Phone,London-01,2023-10-11,4986.401206070783,3.0
CSV_03859,Phone,NYC-02,2023-12-12,4644.752430790462,3.0
CSV_03860,Mouse,Berlin-03,2023-08-11,4490.802851901982,5.0
CSV_03861,Monitor,Tokyo-04,2023-07-30,6112.589880599039,7.0
CSV_03864,Keyboard,Berlin-03,2023-10-14,5835.38222375799,8.0
CSV_03865,Phone,Paris-05,2023-07-17,9280.352341374306,5.0
CSV_03866,Monitor,Berlin-03,2023-09-17,5593.32813797641,9.0
CSV_03867,Mouse,NYC-02,2023-08-05,611.4087141388586,1.0
CSV_03868,Mouse,Tokyo-04,2023-11-20,3602.005605322469,9.0
CSV_03871,Phone,Tokyo-04,2023-07-02,1963.6890308552809,2.0
CSV_03872,Cables,Tokyo-04,2023-09-15,8518.736223794891,5.0
CSV_03873,Cables,Paris-05,2023-07-26,2393.2610415008335,3.0
CSV_03874,Monitor,Paris-05,2023-07-09,4533.003314631349,4.0
CSV_03875,Monitor,Tokyo-04,2023-08-02,1239.1406561802587,3.0
CSV_03876,Monitor,London-01,2023-08-19,12398.310156115493,7.0
CSV_03877,Laptop,NYC-02,2023-08-21,11448.179440903903,9.0
CSV_03880,Cables,Paris-05,2023-07-22,106.81388903159171,9.0
CSV_03881,Cables,Paris-05,2023-09-03,1019.2435449119924,4.0
CSV_03882,Laptop,Berlin-03,2023-11-22,1679.740240092039,1.0
CSV_03884,Laptop,Berlin-03,2023-08-25,4805.945497752815,6.0
CSV_03885,Cables,Berlin-03,2023-07-04,3884.7447255396,2.0
CSV_03886,Laptop,NYC-02,2023-07-09,8543.549225743165,5.0
CSV_03887,Keyboard,NYC-02,2023-07-27,769.3493417131303,7.0
CSV_03888,TV,Berlin-03,2023-09-09,1422.1999368253296,2.0
CSV_03889,TV,Berlin-03,2023-11-09,2862.3557971507976,9.0
CSV_03890,Keyboard,Paris-05,2023-09-01,6875.14946636616,4.0
CSV_03891,Laptop,Berlin-03,2023-11-12,7960.882090607267,7.0
CSV_03893,Phone,NYC-02,2023-09-20,10976.051881609268,9.0
CSV_03894,Cables,Paris-05,2023-12-25,8105.450970598924,6.0
CSV_03895,Phone,Berlin-03,2023-07-06,191.41161933240187,6.0
CSV_03896,Phone,London-01,2023-09-16,4903.153716338791,3.0
CSV_03897,Cables,Paris-05,2023-10-24,9250.48305302462,7.0
CSV_03898,Keyboard,Paris-05,2023-09-03,13859.144192808802,7.0
CSV_03899,Mouse,Tokyo-04,2023-09-23,99.47793448852453,1.0
CSV_03900,Monitor,Berlin-03,2023-12-07,579.0856842617,1.0
CSV_03901,Cables,London-01,2023-09-07,16657.120351643855,9.0
CSV_03902,Monitor,London-01,2023-11-27,8236.34003090422,5.0
CSV_03903,Cables,Tokyo-04,2023-11-25,416.1197814657745,1.0
CSV_03904,TV,Berlin-03,2023-07-24,1895.0137977194383,1.0
CSV_03906,Cables,London-01,2023-08-25,5094.617380721358,3.0
CSV_03908,Keyboard,London-01,2023-07-16,3584.0866039259317,6.0
CSV_03909,Cables,Paris-05,2023-09-23,7553.30666906927,5.0
CSV_03910,Laptop,NYC-02,2023-10-12,1485.7851560426911,4.0
CSV_03911,Laptop,Paris-05,2023-11-23,112.26228241591639,6.0
CSV_03913,Monitor,Paris-05,2023-08-02,1915.8486710918187,7.0
CSV_03915,Mouse,Berlin-03,2023-07-24,7714.439948166799,8.0
CSV_03916,Cables,NYC-02,2023-09-13,17457.978605833654,9.0
CSV_03917,TV,NYC-02,2023-08-29,757.6113442849111,7.0
CSV_03921,Cables,Paris-05,2023-12-04,3428.0466524900658,9.0
CSV_03925,TV,Berlin-03,2023-07-31,7438.656730860629,4.0
CSV_03929,Laptop,Paris-05,2023-08-25,348.03337123049914,1.0
CSV_03931,TV,Berlin-03,2023-12-04,8354.23647571879,8.0
CSV_03932,Keyboard,Tokyo-04,2023-10-31,804.0906787059942,3.0
CSV_03934,Phone,London-01,2023-11-20,212.10991373923093,6.0
CSV_03935,Keyboard,Berlin-03,2023-12-10,2338.639120457905,3.0
CSV_03936,TV,London-01,2023-11-05,4743.692849223851,3.0
CSV_03937,Keyboard,Berlin-03,2023-12-11,7735.06898996862,8.0
CSV_03938,Phone,Berlin-03,2023-09-05,12938.451948286445,9.0
CSV_03939,Cables,NYC-02,2023-07-23,13224.856628660487,8.0
CSV_03940,Cables,Paris-05,2023-11-02,320.05812117209075,6.0
CSV_03941,TV,NYC-02,2023-11-06,13794.08903577024,8.0
CSV_03942,Phone,NYC-02,2023-12-04,2766.2769597671377,2.0
CSV_03943,Laptop,Berlin-03,2023-07-19,3496.4115363717992,2.0
CSV_03944,Laptop,Berlin-03,2023-08-19,4518.237165085757,3.0
CSV_03945,Keyboard,NYC-02,2023-12-21,11659.665959142712,8.0
CSV_03946,TV,Tokyo-04,2023-08-22,6068.677177265676,6.0
CSV_03948,TV,Berlin-03,2023-10-17,920.2889177639847,3.0
CSV_03950,Mouse,NYC-02,2023-10-20,3371.8460624507993,6.0
CSV_03951,Laptop,Paris-05,2023-11-09,2154.8902785227256,2.0
CSV_03952,TV,Paris-05,2023-09-27,8138.528691699748,9.0
CSV_03953,Keyboard,Berlin-03,2023-10-30,7534.648667987065,6.0
CSV_03954,Phone,Tokyo-04,2023-11-06,211.68322876160232,1.0
CSV_03955,Cables,Paris-05,2023-09-01,9760.718391827417,5.0
CSV_03956,Cables,Paris-05,2023-08-15,2676.9335110246893,5.0
CSV_03957,Cables,London-01,2023-09-13,10.663760528300998,1.0
CSV_03958,Cables,Berlin-03,2023-10-10,8127.403959023966,8.0
CSV_03960,Monitor,London-01,2023-07-15,8269.770145474231,6.0
CSV_03962,Laptop,Berlin-03,2023-07-27,4198.280231408833,3.0
CSV_03965,TV,Berlin-03,2023-10-07,3743.0897209799923,3.0
CSV_03966,Cables,Berlin-03,2023-09-02,5434.219611991397,6.0
CSV_03967,Laptop,Berlin-03,2023-11-30,4105.570964623347,3.0
CSV_03968,TV,London-01,2023-12-21,2075.867774984921,5.0
CSV_03970,Mouse,Berlin-03,2023-10-09,904.3670761696438,3.0
CSV_03971,Keyboard,Paris-05,2023-12-01,5237.3744492854985,4.0
CSV_03972,Cables,London-01,2023-11-17,2651.705362863373,5.0
CSV_03973,Phone,Tokyo-04,2023-11-04,7650.536004979823,4.0
CSV_03974,Cables,Berlin-03,2023-12-01,331.85330178326797,7.0
CSV_03976,Phone,Paris-05,2023-10-13,5428.610978372412,7.0
CSV_03977,TV,Paris-05,2023-10-30,532.4592773410504,6.0
CSV_03978,Cables,London-01,2023-10-15,11302.189867238927,6.0
CSV_03979,Cables,Berlin-03,2023-10-14,2761.540719128916,4.0
CSV_03980,TV,Paris-05,2023-08-09,12604.607033001623,7.0
CSV_03982,Keyboard,London-01,2023-11-24,13585.589338514397,9.0
CSV_03983,Cables,London-01,2023-10-11,356.1406110530815,3.0
CSV_03984,TV,Paris-05,2023-12-20,5323.0885737405415,4.0
CSV_03986,TV,NYC-02,2023-07-19,10481.685828753503,6.0
CSV_03987,Keyboard,NYC-02,2023-08-31,12450.371732319976,7.0
CSV_03989,Monitor,Berlin-03,2023-07-25,4040.886877310744,4.0
CSV_03990,Phone,Tokyo-04,2023-10-18,3714.0220882520302,4.0
CSV_03991,TV,Berlin-03,2023-07-28,114.99917042737913,1.0
CSV_03992,Keyboard,Berlin-03,2023-07-09,9979.570927242079,6.0
CSV_03993,Cables,Paris-05,2023-09-08,1300.084243395032,2.0
CSV_03994,Laptop,Paris-05,2023-10-28,9049.734735635628,6.0
CSV_03995,Phone,NYC-02,2023-08-09,413.7828615039976,1.0
CSV_03996,Keyboard,Paris-05,2023-07-29,11983.768101647041,8.0
CSV_03997,Keyboard,London-01,2023-10-11,2747.7405573073756,5.0
CSV_03998,Phone,NYC-02,2023-08-28,1642.3843952517109,1.0
CSV_04000,Keyboard,Paris-05,2023-11-13,15973.849693337015,8.0
CSV_04001,Mouse,Tokyo-04,2023-07-23,1420.5302104478765,2.0
CSV_04003,Laptop,Berlin-03,2023-08-08,3874.7529351859775,2.0
CSV_04004,Phone,Paris-05,2023-11-21,16516.616089328156,9.0
CSV_04005,TV,Tokyo-04,2023-08-30,71.65126270858093,1.0
CSV_04006,Cables,NYC-02,2023-08-08,11986.649719643015,6.0
CSV_04007,Monitor,Berlin-03,2023-07-19,2912.981711500983,9.0
CSV_04009,TV,London-01,2023-10-21,2432.1812176970743,2.0
CSV_04013,Cables,London-01,2023-08-28,315.91478124255275,5.0
CSV_04014,Cables,Tokyo-04,2023-09-23,1394.9427017312362,6.0
CSV_04016,Monitor,London-01,2023-07-08,8858.042163085041,8.0
CSV_04018,Laptop,Tokyo-04,2023-07-08,16847.047519938955,9.0
CSV_04019,Phone,Tokyo-04,2023-12-01,11317.700566032287,9.0
CSV_04020,TV,Paris-05,2023-08-23,3506.3601334739533,4.0
CSV_04021,Mouse,NYC-02,2023-10-14,2129.2675322484215,2.0
CSV_04022,Phone,Berlin-03,2023-11-10,5133.624093803734,6.0
CSV_04024,Monitor,Berlin-03,2023-09-05,5941.3305158331605,8.0
CSV_04025,Monitor,NYC-02,2023-10-18,8567.29034121603,6.0
CSV_04026,TV,London-01,2023-10-15,7161.327068046999,7.0
CSV_04027,TV,NYC-02,2023-08-03,14640.683654826364,9.0
CSV_04028,Cables,NYC-02,2023-12-08,2165.548367780855,8.0
CSV_04030,Laptop,Tokyo-04,2023-08-17,8528.79007458906,6.0
CSV_04031,TV,Berlin-03,2023-07-09,17866.154106584276,9.0
CSV_04034,Monitor,London-01,2023-07-25,4322.078987942107,4.0
CSV_04035,Monitor,Tokyo-04,2023-11-17,7368.486078637323,5.0
CSV_04038,Keyboard,London-01,2023-12-14,5031.5372085909885,5.0
CSV_04039,Phone,London-01,2023-11-04,1308.7863349253396,4.0
CSV_04040,TV,Tokyo-04,2023-07-21,4702.749559927023,4.0
CSV_04041,Phone,NYC-02,2023-08-13,419.8059632009473,1.0
CSV_04043,TV,NYC-02,2023-07-26,7.132518945998753,4.0
CSV_04044,TV,Paris-05,2023-08-31,4457.081758070837,4.0
CSV_04045,Phone,Berlin-03,2023-07-14,1180.1562264544455,2.0
CSV_04046,Cables,Berlin-03,2023-07-05,14261.350020847329,8.0
CSV_04047,Laptop,Paris-05,2023-07-13,2879.1601084402228,4.0
CSV_04048,Monitor,Paris-05,2023-10-12,1119.5539159260964,5.0
CSV_04049,Monitor,Berlin-03,2023-11-13,3413.573455432932,2.0
CSV_04050,Phone,London-01,2023-10-18,491.2555617866469,1.0
CSV_04053,TV,London-01,2023-10-25,2027.989560631787,3.0
CSV_04054,Keyboard,Tokyo-04,2023-10-03,5964.872239343857,8.0
CSV_04055,Cables,London-01,2023-07-11,8593.998992206656,5.0
CSV_04056,Laptop,Berlin-03,2023-09-13,10835.017302402048,6.0
CSV_04058,Cables,Paris-05,2023-10-08,352.0824834138497,1.0
CSV_04059,TV,Berlin-03,2023-10-29,14410.760580072498,9.0
CSV_04060,TV,Berlin-03,2023-12-17,5015.803802104553,9.0
CSV_04061,Cables,London-01,2023-07-03,4879.156907392218,5.0
CSV_04062,TV,Tokyo-04,2023-09-18,4222.464557320169,6.0
CSV_04063,TV,Berlin-03,2023-12-12,3906.074476043652,2.0
CSV_04064,Phone,Berlin-03,2023-12-12,936.7962399233264,2.0
CSV_04066,Monitor,Tokyo-04,2023-11-10,3450.1216935493667,6.0
CSV_04067,Mouse,London-01,2023-11-21,477.3033737632031,4.0
CSV_04070,Monitor,Paris-05,2023-08-29,1726.615340872808,3.0
CSV_04071,Mouse,Tokyo-04,2023-11-18,5051.284381702113,3.0
CSV_04074,Cables,London-01,2023-08-24,11502.361775051635,6.0
CSV_04076,Monitor,Paris-05,2023-10-03,670.0695469090458,3.0
CSV_04078,Cables,Paris-05,2023-07-27,1316.5961749168405,1.0
CSV_04080,TV,Paris-05,2023-11-24,4734.365887429277,7.0
CSV_04081,Cables,NYC-02,2023-10-04,5779.361845814954,8.0
CSV_04082,Mouse,Paris-05,2023-10-01,4102.510617319219,4.0
CSV_04083,Mouse,Paris-05,2023-08-29,3582.8314707353975,9.0
CSV_04084,Laptop,Paris-05,2023-09-01,6627.576195974291,7.0
CSV_04085,Monitor,NYC-02,2023-08-02,1241.8558739225548,7.0
CSV_04086,TV,NYC-02,2023-11-06,3702.3308976992707,6.0
CSV_04087,TV,Paris-05,2023-09-23,2517.5007433925975,4.0
CSV_04088,Laptop,Paris-05,2023-12-16,3056.004371030944,8.0
CSV_04089,Monitor,Berlin-03,2023-12-08,4461.557887455082,7.0
CSV_04092,Laptop,Tokyo-04,2023-12-04,11570.91869774058,6.0
CSV_04093,Cables,NYC-02,2023-07-26,3508.810333599119,3.0
CSV_04094,Laptop,Paris-05,2023-12-05,10904.85521289656,9.0
CSV_04095,Mouse,London-01,2023-08-02,11347.870910143218,8.0
CSV_04096,Laptop,London-01,2023-12-02,937.7820644805173,4.0
CSV_04097,Laptop,Berlin-03,2023-09-21,355.21024235607047,4.0
CSV_04098,Cables,Tokyo-04,2023-07-19,3511.0060600957504,4.0
CSV_04099,Laptop,London-01,2023-11-28,13577.24911239517,9.0
CSV_04100,Cables,Tokyo-04,2023-11-04,705.5022536525582,2.0
CSV_04101,Keyboard,NYC-02,2023-10-09,8781.89984544084,8.0
CSV_04102,Phone,NYC-02,2023-11-27,1592.5110283366453,2.0
CSV_04103,TV,Berlin-03,2023-08-17,1854.0519962046096,2.0
CSV_04104,Monitor,Tokyo-04,2023-09-26,2672.461332674011,5.0
CSV_04105,Monitor,Tokyo-04,2023-11-11,9715.072462851187,5.0
CSV_04106,TV,Tokyo-04,2023-09-22,1835.6749120844247,1.0
CSV_04107,Cables,Paris-05,2023-11-15,1090.6182337152127,3.0
CSV_04108,Mouse,Berlin-03,2023-07-05,4314.793853987916,4.0
CSV_04109,Mouse,Paris-05,2023-07-11,5024.883961681835,5.0
CSV_04111,Monitor,NYC-02,2023-10-25,2213.5296559234853,2.0
CSV_04112,Monitor,London-01,2023-08-18,458.2378555577538,5.0
CSV_04113,Laptop,NYC-02,2023-11-07,1627.9438017854513,3.0
CSV_04114,Keyboard,Berlin-03,2023-07-27,6506.705303437149,9.0
CSV_04115,Keyboard,Paris-05,2023-09-17,4787.652674572298,9.0
CSV_04116,Mouse,Paris-05,2023-09-12,5736.792471193958,3.0
CSV_04118,TV,Tokyo-04,2023-08-14,230.77669829466026,3.0
CSV_04119,Phone,London-01,2023-07-18,2852.721731021352,8.0
CSV_04120,Phone,Berlin-03,2023-09-07,9491.217041987084,9.0
CSV_04121,Phone,Paris-05,2023-09-07,2414.159538355303,6.0
CSV_04122,Keyboard,Tokyo-04,2023-11-27,7999.5396699378125,5.0
CSV_04123,Mouse,Berlin-03,2023-09-16,1058.4903086811096,2.0
CSV_04125,Phone,NYC-02,2023-10-21,2316.2749478747637,3.0
CSV_04126,Laptop,Berlin-03,2023-07-26,2217.6652926868815,2.0
CSV_04127,Laptop,Tokyo-04,2023-11-21,10390.568661342808,7.0
CSV_04128,Cables,NYC-02,2023-10-01,235.97266277357096,3.0
CSV_04130,Mouse,Berlin-03,2023-08-22,4401.349235418354,4.0
CSV_04131,Monitor,NYC-02,2023-08-04,10059.016321401014,7.0
CSV_04132,Laptop,NYC-02,2023-08-08,10701.502094909392,9.0
CSV_04133,Cables,London-01,2023-10-12,493.6242044903395,6.0
CSV_04134,Mouse,Paris-05,2023-12-04,2363.96827570644,8.0
CSV_04135,Phone,London-01,2023-07-22,1663.5545848308436,5.0
CSV_04136,Phone,London-01,2023-07-30,4592.358275814932,4.0
CSV_04137,Laptop,Tokyo-04,2023-11-09,1530.304243182216,2.0
CSV_04139,Laptop,London-01,2023-09-07,10212.184644400073,9.0
CSV_04140,Laptop,Paris-05,2023-12-07,20.420433834596164,3.0
CSV_04142,Keyboard,Paris-05,2023-10-12,4202.4942430278315,8.0
CSV_04144,Keyboard,Paris-05,2023-10-25,9940.502274240444,8.0
CSV_04145,Mouse,London-01,2023-12-13,3593.0627592033,2.0
CSV_04146,Phone,London-01,2023-08-11,6467.361703700541,6.0
CSV_04147,Mouse,Tokyo-04,2023-09-20,1466.390946081572,8.0
CSV_04148,Monitor,Berlin-03,2023-09-24,1845.731043768018,4.0
CSV_04149,Cables,Paris-05,2023-08-28,1064.9962658828763,1.0
CSV_04151,Keyboard,Tokyo-04,2023-08-23,915.3752115425712,1.0
CSV_04152,Mouse,London-01,2023-12-03,2554.06920476522,4.0
CSV_04154,Mouse,Tokyo-04,2023-07-11,9562.806009391265,6.0
CSV_04155,Phone,NYC-02,2023-10-22,4729.221694715424,5.0
CSV_04156,Monitor,Berlin-03,2023-09-21,7031.004741914832,6.0
CSV_04157,TV,London-01,2023-11-09,5101.479367088396,5.0
CSV_04158,Keyboard,Berlin-03,2023-11-26,3006.818850966172,5.0
CSV_04159,Mouse,Paris-05,2023-11-04,446.09441357669584,8.0
CSV_04162,Phone,London-01,2023-09-28,5380.551256932045,8.0
CSV_04164,Monitor,Tokyo-04,2023-08-04,11670.616236991158,6.0
CSV_04165,Laptop,Paris-05,2023-10-07,23.89120808831501,2.0
CSV_04166,Keyboard,NYC-02,2023-10-27,11016.947629610522,6.0
CSV_04167,Cables,London-01,2023-09-05,3450.8030378623916,2.0
CSV_04168,Mouse,Paris-05,2023-08-03,6926.892650732383,4.0
CSV_04169,Laptop,Berlin-03,2023-11-07,14745.379817778568,9.0
CSV_04170,Laptop,London-01,2023-10-19,207.1427652932836,1.0
CSV_04171,Laptop,NYC-02,2023-07-29,5780.943950452289,4.0
CSV_04173,Mouse,Berlin-03,2023-10-04,2166.162170173271,4.0
CSV_04174,Cables,NYC-02,2023-11-22,3218.450172641038,4.0
CSV_04175,Mouse,Paris-05,2023-11-02,1053.3739710541763,2.0
CSV_04176,Phone,Paris-05,2023-10-21,258.18871914365195,2.0
CSV_04178,Phone,NYC-02,2023-08-18,11314.808484090627,8.0
CSV_04180,Laptop,NYC-02,2023-11-27,433.41512242717135,1.0
CSV_04185,Cables,NYC-02,2023-12-03,3613.739175687426,2.0
CSV_04186,Keyboard,Tokyo-04,2023-12-07,8213.913466809645,9.0
CSV_04187,Monitor,London-01,2023-09-17,5199.556780379869,5.0
CSV_04188,TV,Berlin-03,2023-08-29,1683.438591232862,2.0
CSV_04190,Monitor,Berlin-03,2023-08-27,11008.217973025345,8.0
CSV_04192,Mouse,London-01,2023-12-15,4511.643966619473,4.0
CSV_04193,TV,Berlin-03,2023-09-18,11936.831511661752,6.0
CSV_04195,Cables,London-01,2023-12-24,1841.299054160532,1.0
CSV_04196,Monitor,Berlin-03,2023-11-25,12563.99640772484,7.0
CSV_04197,Mouse,Berlin-03,2023-11-01,13723.543271414052,8.0
CSV_04198,Monitor,London-01,2023-08-21,5675.402793423363,6.0
CSV_04199,Cables,London-01,2023-11-22,3120.8201993558287,2.0
CSV_04201,Mouse,Tokyo-04,2023-07-28,4187.989421843267,9.0
CSV_04202,TV,NYC-02,2023-10-01,9634.178127643743,7.0
CSV_04203,Monitor,Paris-05,2023-10-28,2982.7448039803603,4.0
CSV_04205,Phone,Paris-05,2023-11-25,2862.0861198836255,4.0
CSV_04206,Laptop,Paris-05,2023-07-11,2.6389675690724625,7.0
CSV_04207,Mouse,London-01,2023-12-20,9349.538151662866,6.0
CSV_04208,TV,NYC-02,2023-09-11,337.60749916223006,1.0
CSV_04209,Mouse,Berlin-03,2023-12-26,8831.83846143104,7.0
CSV_04210,Mouse,London-01,2023-10-16,8958.783090542836,7.0
CSV_04211,Keyboard,London-01,2023-09-16,15106.444223199771,9.0
CSV_04212,Keyboard,Berlin-03,2023-10-24,2158.4123074525814,3.0
CSV_04215,Cables,Tokyo-04,2023-09-02,6421.596228241833,9.0
CSV_04216,Mouse,Berlin-03,2023-11-06,1069.0911288095049,1.0
CSV_04217,TV,Berlin-03,2023-07-26,8312.298298521826,5.0
CSV_04218,Keyboard,Tokyo-04,2023-09-29,1934.144900452703,1.0
CSV_04219,Monitor,London-01,2023-12-08,3366.1465762500984,9.0
CSV_04221,Mouse,Paris-05,2023-08-24,10587.865382951455,6.0
CSV_04222,Keyboard,London-01,2023-07-23,3109.167361174719,6.0
CSV_04223,Phone,London-01,2023-08-12,5212.474417458287,3.0
CSV_04224,Cables,London-01,2023-10-09,12309.025910891758,7.0
CSV_04225,Cables,Berlin-03,2023-12-05,5470.727707531054,3.0
CSV_04227,Cables,Paris-05,2023-07-30,1017.8140754079512,3.0
CSV_04228,Monitor,London-01,2023-12-26,2958.4763345042907,9.0
CSV_04229,Keyboard,Tokyo-04,2023-09-19,5938.7641931943135,3.0
CSV_04230,Laptop,Paris-05,2023-07-05,3866.044083084811,4.0
CSV_04231,Laptop,Berlin-03,2023-08-16,709.0547824717069,1.0
CSV_04232,Phone,Tokyo-04,2023-08-12,2275.267067196724,2.0
CSV_04233,Keyboard,NYC-02,2023-07-06,12842.255438596676,8.0
CSV_04234,TV,Berlin-03,2023-12-17,5109.746214004407,9.0
CSV_04235,Cables,Berlin-03,2023-09-28,5199.476671750017,4.0
CSV_04237,Monitor,Paris-05,2023-10-06,12409.952836720913,7.0
CSV_04238,Keyboard,Paris-05,2023-07-24,3384.580465781378,4.0
CSV_04239,Keyboard,NYC-02,2023-07-05,9437.473739926485,6.0
CSV_04241,Mouse,NYC-02,2023-10-18,6673.399012453294,5.0
CSV_04242,Keyboard,Tokyo-04,2023-11-10,5803.641884700355,9.0
CSV_04245,Cables,Paris-05,2023-09-08,579.0504263983746,5.0
CSV_04246,TV,Tokyo-04,2023-08-29,8256.03438982883,6.0
CSV_04247,TV,NYC-02,2023-09-16,8863.465955380925,5.0
CSV_04248,Keyboard,London-01,2023-10-21,1024.485811512037,6.0
CSV_04249,Keyboard,Paris-05,2023-11-22,6664.086674004031,6.0
CSV_04250,Monitor,NYC-02,2023-10-27,665.3189434730384,8.0
CSV_04251,Phone,Berlin-03,2023-07-01,1721.2031507198376,1.0
CSV_04253,Monitor,Paris-05,2023-09-30,3761.910187469087,9.0
CSV_04254,TV,Tokyo-04,2023-07-12,3505.9846119616323,6.0
CSV_04255,TV,NYC-02,2023-08-15,1650.826878833756,7.0
CSV_04256,Cables,Tokyo-04,2023-12-12,4664.692253645917,7.0
CSV_04257,Monitor,Berlin-03,2023-09-14,1415.98969635574,5.0
CSV_04258,Cables,London-01,2023-08-14,9567.774022610784,5.0
CSV_04259,Phone,Paris-05,2023-12-14,2798.94822445987,3.0
CSV_04260,Phone,Paris-05,2023-09-18,7858.541998401979,6.0
CSV_04261,Keyboard,NYC-02,2023-09-21,1659.4628413629944,1.0
CSV_04262,Monitor,London-01,2023-07-25,4464.627459377057,6.0
CSV_04263,Laptop,London-01,2023-09-13,11942.616704336706,7.0
CSV_04266,Laptop,Tokyo-04,2023-09-20,4344.703508386985,8.0
CSV_04268,Phone,London-01,2023-09-15,3651.9653482560416,2.0
CSV_04269,Cables,London-01,2023-10-20,1842.2099971263783,1.0
CSV_04271,TV,NYC-02,2023-08-14,4104.157229157525,8.0
CSV_04272,Phone,Tokyo-04,2023-10-06,2469.455833460109,4.0
CSV_04273,Keyboard,Tokyo-04,2023-08-12,2769.0407886840885,5.0
CSV_04274,Phone,Berlin-03,2023-08-07,3345.6471714778945,2.0
CSV_04275,Mouse,NYC-02,2023-07-02,3095.327532937753,3.0
CSV_04277,Keyboard,NYC-02,2023-10-11,12082.33507127768,8.0
CSV_04278,Phone,NYC-02,2023-07-27,3459.198317163068,5.0
CSV_04279,Phone,Tokyo-04,2023-09-03,1347.9606984320037,1.0
CSV_04280,Mouse,Berlin-03,2023-12-24,1345.1036754471697,3.0
CSV_04281,Keyboard,NYC-02,2023-09-16,1113.7023361327683,8.0
CSV_04283,TV,Berlin-03,2023-12-14,5833.582329803294,3.0
CSV_04285,Phone,Berlin-03,2023-11-07,2022.6980003400615,8.0
CSV_04286,Keyboard,Berlin-03,2023-12-04,604.1568847171146,5.0
CSV_04287,Laptop,NYC-02,2023-10-17,11163.503703808225,7.0
CSV_04288,TV,NYC-02,2023-07-07,161.41056853706357,1.0
CSV_04290,TV,Paris-05,2023-10-13,1762.3394284467245,1.0
CSV_04292,Phone,Paris-05,2023-07-24,2349.4231089582177,9.0
CSV_04293,Mouse,London-01,2023-08-17,1877.0274218435504,2.0
CSV_04295,Laptop,NYC-02,2023-12-01,650.4711991039683,2.0
CSV_04296,TV,NYC-02,2023-11-06,6444.086733683672,5.0
CSV_04297,Laptop,Tokyo-04,2023-10-13,1530.269835281067,3.0
CSV_04298,TV,NYC-02,2023-11-02,4215.1609679903795,3.0
CSV_04299,Mouse,Paris-05,2023-10-27,15034.75394040232,8.0
CSV_04301,Monitor,Tokyo-04,2023-11-23,1457.5881254369765,1.0
CSV_04302,Monitor,London-01,2023-08-14,8240.262020902892,7.0
CSV_04303,Laptop,Paris-05,2023-08-25,2605.7133469155324,3.0
CSV_04305,Phone,Paris-05,2023-10-21,395.32889625614246,5.0
CSV_04306,Monitor,Berlin-03,2023-09-29,6211.687406658709,9.0
CSV_04308,Mouse,Berlin-03,2023-07-05,9519.265923662311,8.0
CSV_04310,TV,Tokyo-04,2023-07-28,7737.964010126308,7.0
CSV_04311,Phone,NYC-02,2023-10-07,3814.164298096864,2.0
CSV_04312,Keyboard,Tokyo-04,2023-08-21,150.5473772728842,2.0
CSV_04313,Monitor,Berlin-03,2023-12-04,10842.932568450851,7.0
CSV_04314,Monitor,Berlin-03,2023-11-17,8396.070080095285,6.0
CSV_04316,Keyboard,Berlin-03,2023-12-12,5440.766308465345,5.0
CSV_04317,TV,London-01,2023-10-20,103.41094081965457,2.0
CSV_04318,Cables,Paris-05,2023-11-02,10110.034921564162,6.0
CSV_04319,Laptop,London-01,2023-11-07,2629.3837179548873,3.0
CSV_04321,Mouse,Tokyo-04,2023-10-29,10638.199393079878,9.0
CSV_04322,Laptop,NYC-02,2023-12-25,926.5086855846836,2.0
CSV_04323,Phone,Tokyo-04,2023-10-03,3749.421729029152,5.0
CSV_04325,Monitor,Tokyo-04,2023-07-30,1127.7946952569946,1.0
CSV_04326,Laptop,Paris-05,2023-08-20,11052.948949275287,6.0
CSV_04327,Monitor,Paris-05,2023-11-13,464.95738055523753,2.0
CSV_04328,Phone,Tokyo-04,2023-07-27,1489.314070832766,2.0
CSV_04329,Laptop,Paris-05,2023-08-11,3625.249009935813,3.0
CSV_04330,Monitor,London-01,2023-08-09,1851.9740881353227,4.0
CSV_04331,Phone,London-01,2023-07-26,17317.585612928822,9.0
CSV_04332,Keyboard,Tokyo-04,2023-07-24,6269.255882975956,8.0
CSV_04333,Keyboard,Tokyo-04,2023-09-26,5439.46153490224,3.0
CSV_04334,Monitor,NYC-02,2023-07-13,4684.836715799668,5.0
CSV_04335,Monitor,Paris-05,2023-08-23,16359.127130665473,9.0
CSV_04337,TV,Paris-05,2023-08-06,3652.7642205518746,2.0
CSV_04338,Monitor,Tokyo-04,2023-11-16,1665.9072356761003,2.0
CSV_04339,TV,Tokyo-04,2023-08-08,4692.463669469376,5.0
CSV_04340,TV,Paris-05,2023-10-12,11310.401999860334,6.0
CSV_04342,Mouse,Tokyo-04,2023-11-24,6167.1299784182065,5.0
CSV_04343,Laptop,Tokyo-04,2023-08-22,2657.9552148485545,3.0
CSV_04345,Keyboard,Tokyo-04,2023-07-27,9620.255080640532,8.0
CSV_04346,Keyboard,London-01,2023-08-03,17963.055293155532,9.0
CSV_04347,Keyboard,Paris-05,2023-12-10,2728.0027089243567,6.0
CSV_04348,Laptop,NYC-02,2023-10-21,3946.548967214642,6.0
CSV_04350,Monitor,Berlin-03,2023-11-11,583.9625105001048,2.0
CSV_04351,Keyboard,London-01,2023-08-27,9007.25275942795,6.0
CSV_04353,Laptop,Tokyo-04,2023-07-30,2691.631883502069,3.0
CSV_04354,Monitor,NYC-02,2023-08-08,8834.895596705039,5.0
CSV_04355,Phone,Tokyo-04,2023-12-27,1330.6698427758388,1.0
CSV_04356,Phone,NYC-02,2023-09-22,858.916935737926,1.0
CSV_04357,Phone,London-01,2023-12-07,1605.4815457585473,7.0
CSV_04358,Cables,London-01,2023-09-07,7843.762114665497,4.0
CSV_04359,Laptop,Paris-05,2023-09-21,2885.5945314891637,7.0
CSV_04361,Cables,Berlin-03,2023-07-11,305.38668078623186,2.0
CSV_04364,Keyboard,Tokyo-04,2023-10-25,407.6092053355478,4.0
CSV_04365,Laptop,Tokyo-04,2023-07-31,3566.2139098399357,2.0
CSV_04366,Laptop,Paris-05,2023-12-02,443.3941864085008,1.0
CSV_04367,Laptop,Berlin-03,2023-11-07,740.5061251034917,1.0
CSV_04368,Laptop,London-01,2023-10-19,8185.048403732389,7.0
CSV_04369,Keyboard,Paris-05,2023-08-07,4910.031983623762,5.0
CSV_04370,Monitor,NYC-02,2023-07-20,4967.499840934693,4.0
CSV_04371,Laptop,Tokyo-04,2023-08-01,370.263373070241,3.0
CSV_04374,Mouse,NYC-02,2023-08-07,2072.2157170437326,2.0
CSV_04377,Keyboard,NYC-02,2023-10-09,1701.6305771337752,1.0
CSV_04378,Laptop,Tokyo-04,2023-07-27,885.9482419113145,3.0
CSV_04379,Cables,NYC-02,2023-11-07,3337.8532992864757,7.0
CSV_04382,Cables,NYC-02,2023-10-06,22.5091100551586,5.0
CSV_04384,Monitor,NYC-02,2023-07-19,2828.3294495507757,6.0
CSV_04386,Cables,Paris-05,2023-11-19,4014.8791504098135,6.0
CSV_04387,Keyboard,Berlin-03,2023-09-25,1660.5726510911577,3.0
CSV_04388,Monitor,Berlin-03,2023-09-17,472.385725426739,1.0
CSV_04389,Monitor,London-01,2023-09-18,4069.5597675358913,3.0
CSV_04390,Cables,London-01,2023-08-25,5834.463237686095,6.0
CSV_04391,Keyboard,NYC-02,2023-07-22,3213.7652598408185,2.0
CSV_04392,Cables,NYC-02,2023-11-01,1708.771780620667,1.0
CSV_04393,TV,Tokyo-04,2023-08-08,6629.3370791896195,8.0
CSV_04394,Cables,Paris-05,2023-07-19,1888.451108413606,3.0
CSV_04396,Mouse,Berlin-03,2023-08-14,6169.624248893855,9.0
CSV_04397,Cables,Berlin-03,2023-08-11,6721.505055424643,6.0
CSV_04398,TV,Tokyo-04,2023-09-04,3330.8820077034334,2.0
CSV_04399,Cables,Tokyo-04,2023-07-09,15942.617319090668,8.0
CSV_04400,Keyboard,Paris-05,2023-08-15,2774.906964215182,9.0
CSV_04401,Phone,Paris-05,2023-08-20,1302.8182837982326,3.0
CSV_04403,Mouse,Berlin-03,2023-09-11,11184.066380076096,6.0
CSV_04404,Laptop,Berlin-03,2023-09-15,442.2020863494743,1.0
CSV_04406,Mouse,Berlin-03,2023-11-29,1832.541935481592,1.0
CSV_04407,Phone,Tokyo-04,2023-08-02,3937.249892219557,2.0
CSV_04409,Cables,London-01,2023-08-16,4678.711714948939,3.0
CSV_04410,Laptop,Paris-05,2023-09-06,1047.8551577459164,1.0
CSV_04413,Cables,London-01,2023-12-06,4837.444916328548,4.0
CSV_04414,TV,Berlin-03,2023-09-24,631.6207948553458,2.0
CSV_04416,TV,NYC-02,2023-08-09,3259.7143010939335,2.0
CSV_04417,Phone,London-01,2023-10-11,2878.7803416686907,9.0
CSV_04418,Monitor,Tokyo-04,2023-08-17,979.619676213716,8.0
CSV_04420,Monitor,London-01,2023-09-15,1315.1888009297709,5.0
CSV_04421,TV,Berlin-03,2023-08-10,1204.5143518451341,3.0
CSV_04422,Keyboard,Paris-05,2023-07-08,10247.04740259305,7.0
CSV_04424,Mouse,NYC-02,2023-07-05,4745.44696886599,8.0
CSV_04426,Monitor,London-01,2023-10-31,2581.8949431254205,4.0
CSV_04427,Phone,Tokyo-04,2023-10-26,8920.51042749897,8.0
CSV_04428,TV,NYC-02,2023-12-10,1974.135211603424,6.0
CSV_04430,Keyboard,NYC-02,2023-12-26,6435.382452748685,4.0
CSV_04431,Cables,Tokyo-04,2023-11-01,1393.3616126335573,4.0
CSV_04432,Mouse,NYC-02,2023-09-03,1517.9142374690464,5.0
CSV_04433,Cables,Paris-05,2023-07-07,1637.3014378774428,1.0
CSV_04434,Mouse,London-01,2023-08-14,2398.9509006626954,2.0
CSV_04435,Monitor,NYC-02,2023-12-05,934.5179929169462,4.0
CSV_04436,Monitor,Berlin-03,2023-10-18,4782.6885504475395,8.0
CSV_04437,Monitor,London-01,2023-10-14,3167.9655553521825,3.0
CSV_04438,Keyboard,Paris-05,2023-08-22,1674.825396198647,1.0
CSV_04439,Laptop,Tokyo-04,2023-11-13,486.0478020335042,1.0
CSV_04441,Monitor,London-01,2023-10-14,1137.7064814192522,5.0
CSV_04444,TV,Berlin-03,2023-08-31,11719.471569633166,6.0
CSV_04445,Monitor,London-01,2023-11-19,9981.967562932521,7.0
CSV_04446,Cables,Paris-05,2023-09-01,5994.7325132188735,3.0
CSV_04447,Cables,London-01,2023-08-20,3254.6004845227194,2.0
CSV_04448,Mouse,London-01,2023-07-01,10439.70059173151,7.0
CSV_04449,Cables,Berlin-03,2023-07-04,649.7798949395656,5.0
CSV_04450,Mouse,Paris-05,2023-11-15,6916.516094609716,5.0
CSV_04451,TV,NYC-02,2023-09-13,348.6402539092935,2.0
CSV_04452,Phone,NYC-02,2023-08-23,1780.6886218337913,8.0
CSV_04453,Phone,London-01,2023-07-29,955.9987944502961,5.0
CSV_04454,Cables,Berlin-03,2023-07-05,1149.9594178138952,1.0
CSV_04455,Keyboard,NYC-02,2023-07-02,822.5788510209268,3.0
CSV_04456,Laptop,Paris-05,2023-09-09,7410.216646188333,8.0
CSV_04457,Phone,London-01,2023-09-28,5249.021509912953,8.0
CSV_04458,Mouse,Tokyo-04,2023-08-27,4606.991407764864,3.0
CSV_04460,Keyboard,Tokyo-04,2023-07-19,5353.931389589825,6.0
CSV_04461,Phone,London-01,2023-12-09,6916.899330738937,5.0
CSV_04462,Cables,Tokyo-04,2023-10-05,2010.4598627281136,2.0
CSV_04464,Cables,London-01,2023-12-14,901.274404552972,1.0
CSV_04466,Phone,Berlin-03,2023-11-08,1320.0588084744345,3.0
CSV_04467,Monitor,Berlin-03,2023-09-03,3073.219932218967,5.0
CSV_04469,Mouse,Tokyo-04,2023-08-18,1361.6090386192723,2.0
CSV_04470,Keyboard,Tokyo-04,2023-12-27,3426.70475423734,2.0
CSV_04471,TV,Berlin-03,2023-08-18,1291.1634434899113,1.0
CSV_04472,Cables,Paris-05,2023-11-09,2404.337746771642,8.0
CSV_04475,Mouse,Berlin-03,2023-12-15,816.1277902265792,1.0
CSV_04476,Keyboard,Tokyo-04,2023-09-02,3464.899029641686,2.0
CSV_04477,Monitor,Paris-05,2023-12-16,15968.225224715625,8.0
CSV_04478,Mouse,NYC-02,2023-12-27,11056.751752034455,8.0
CSV_04480,Cables,Berlin-03,2023-09-14,6424.522724239665,7.0
CSV_04481,Mouse,Paris-05,2023-12-12,4413.405954220594,9.0
CSV_04482,Mouse,Berlin-03,2023-11-15,516.5641717572998,1.0
CSV_04484,Monitor,Tokyo-04,2023-12-11,1127.1540677842445,1.0
CSV_04485,TV,London-01,2023-12-05,11568.122601800927,8.0
CSV_04486,Cables,Berlin-03,2023-10-16,1710.2620219992282,1.0
CSV_04487,Phone,Tokyo-04,2023-07-20,3069.391979982765,8.0
CSV_04488,Monitor,Berlin-03,2023-10-14,1795.9337452747277,4.0
CSV_04489,Laptop,London-01,2023-10-11,4850.121222358059,9.0
CSV_04490,Mouse,Tokyo-04,2023-08-17,17952.267126044808,9.0
CSV_04492,Phone,Tokyo-04,2023-11-18,1895.6507710295275,1.0
CSV_04495,Laptop,NYC-02,2023-10-26,2.2156721502742016,3.0
CSV_04496,Phone,Paris-05,2023-08-10,1397.5162869581131,4.0
CSV_04497,Keyboard,NYC-02,2023-09-25,11276.022056117785,6.0
CSV_04498,Cables,Berlin-03,2023-07-02,13441.551904370213,7.0
CSV_04499,Keyboard,London-01,2023-09-02,7202.07770393069,5.0
CSV_04500,TV,Tokyo-04,2023-10-30,5518.964283515532,9.0
CSV_04501,Monitor,NYC-02,2023-07-05,5878.899914431631,3.0
CSV_04502,Mouse,London-01,2023-12-27,3331.337288376478,2.0
CSV_04503,Laptop,Tokyo-04,2023-08-04,1041.1510655162656,2.0
CSV_04504,Cables,Berlin-03,2023-10-20,7099.880854030576,5.0
CSV_04505,Cables,NYC-02,2023-08-30,17264.81827789483,9.0
CSV_04506,Mouse,Berlin-03,2023-12-25,942.0945126116152,1.0
CSV_04507,Keyboard,NYC-02,2023-11-19,8718.856713273706,6.0
CSV_04508,Phone,Tokyo-04,2023-09-19,927.9880729266275,3.0
CSV_04510,Mouse,NYC-02,2023-09-24,4188.227143953152,5.0
CSV_04512,Phone,Tokyo-04,2023-09-28,2313.05467035525,3.0
CSV_04514,TV,NYC-02,2023-12-20,3640.3842782597726,8.0
CSV_04515,Cables,London-01,2023-12-15,2586.265606065831,4.0
CSV_04517,Mouse,NYC-02,2023-07-23,111.90321928822902,1.0
CSV_04518,Mouse,Paris-05,2023-09-03,1596.0774215561996,1.0
CSV_04519,Monitor,NYC-02,2023-12-08,4078.1259827920794,5.0
CSV_04521,Cables,London-01,2023-10-23,6870.93286925719,7.0
CSV_04522,TV,Tokyo-04,2023-09-01,9086.281407026685,8.0
CSV_04524,TV,NYC-02,2023-08-20,2650.920663277268,2.0
CSV_04525,Cables,Tokyo-04,2023-12-10,3888.390763114739,3.0
CSV_04526,TV,Paris-05,2023-11-22,7957.775984326576,7.0
CSV_04527,Monitor,Tokyo-04,2023-10-24,979.8986066885614,3.0
CSV_04528,Keyboard,NYC-02,2023-08-30,8271.480286723294,6.0
CSV_04529,Mouse,NYC-02,2023-12-03,4531.0443967171195,7.0
CSV_04531,Mouse,Tokyo-04,2023-08-14,14088.149703473775,9.0
CSV_04533,Laptop,London-01,2023-07-22,1709.2606537464485,2.0
CSV_04534,Keyboard,Paris-05,2023-08-16,8075.090276298244,9.0
CSV_04536,Laptop,NYC-02,2023-11-15,2748.255325330747,5.0
CSV_04537,Keyboard,London-01,2023-11-17,194.44378888099527,4.0
CSV_04538,Keyboard,Tokyo-04,2023-10-31,4173.613399355778,7.0
CSV_04539,Laptop,Paris-05,2023-08-17,5764.120362540292,3.0
CSV_04540,Cables,Paris-05,2023-08-09,7928.543935784883,6.0
CSV_04541,Mouse,Paris-05,2023-09-21,7904.491413377062,5.0
CSV_04542,TV,Berlin-03,2023-07-03,10865.101035123478,7.0
CSV_04544,Monitor,London-01,2023-12-19,4265.988015792673,3.0
CSV_04545,Keyboard,Paris-05,2023-10-21,3202.272764463847,5.0
CSV_04546,Keyboard,Tokyo-04,2023-11-02,1099.4508264054843,2.0
CSV_04547,Laptop,London-01,2023-07-20,2831.1069236186668,9.0
CSV_04548,Keyboard,Tokyo-04,2023-12-09,1504.9907174134837,1.0
CSV_04550,Laptop,Tokyo-04,2023-12-15,4379.101634909113,3.0
CSV_04551,Cables,Tokyo-04,2023-07-18,13510.318030150289,7.0
CSV_04552,Cables,London-01,2023-11-30,1298.288457891756,5.0
CSV_04555,Phone,Berlin-03,2023-07-22,7300.075667509145,7.0
CSV_04556,Phone,NYC-02,2023-07-20,4807.346873099972,7.0
CSV_04557,Mouse,Berlin-03,2023-07-19,9030.577009319712,9.0
CSV_04558,Phone,London-01,2023-10-03,2509.407933808822,2.0
CSV_04559,Monitor,Berlin-03,2023-07-20,148.68506463752863,1.0
CSV_04560,Phone,Berlin-03,2023-12-15,3448.8292070229754,7.0
CSV_04561,Keyboard,Berlin-03,2023-11-11,236.37424952847775,1.0
CSV_04562,Cables,Berlin-03,2023-07-15,6839.857351004356,5.0
CSV_04563,Mouse,Paris-05,2023-10-17,509.728202919046,1.0
CSV_04564,Monitor,NYC-02,2023-07-22,16976.87369227335,9.0
CSV_04565,Monitor,Tokyo-04,2023-12-12,5059.160367349528,6.0
CSV_04566,Keyboard,NYC-02,2023-09-15,5709.948753598654,5.0
CSV_04567,Keyboard,Tokyo-04,2023-11-28,2341.0640362499994,2.0
CSV_04568,Keyboard,London-01,2023-07-03,2511.4513213543487,8.0
CSV_04569,TV,Berlin-03,2023-09-03,3400.858197170786,9.0
CSV_04570,Laptop,Berlin-03,2023-11-07,6005.3794125541035,6.0
CSV_04571,Monitor,Berlin-03,2023-10-25,419.4657051557913,2.0
CSV_04572,Mouse,London-01,2023-09-02,5596.772978019468,8.0
CSV_04574,Mouse,Berlin-03,2023-10-26,3338.3567563512715,3.0
CSV_04575,TV,Berlin-03,2023-12-16,7140.707258890123,6.0
CSV_04576,Phone,Berlin-03,2023-09-24,12627.065743923064,8.0
CSV_04577,Monitor,NYC-02,2023-08-18,11875.041198500958,6.0
CSV_04578,Cables,London-01,2023-08-07,5137.934352426873,3.0
CSV_04579,Phone,Paris-05,2023-10-09,744.835947823986,2.0
CSV_04580,Laptop,Paris-05,2023-08-09,8946.916884725093,7.0
CSV_04581,Cables,Berlin-03,2023-11-25,9858.028334532839,9.0
CSV_04582,Phone,Tokyo-04,2023-09-24,544.2033289579144,2.0
CSV_04583,Keyboard,Berlin-03,2023-11-28,7080.690443845424,4.0
CSV_04584,Monitor,Tokyo-04,2023-09-07,4433.790249757252,3.0
CSV_04585,Cables,Tokyo-04,2023-07-22,3378.4295003705784,2.0
CSV_04587,Cables,London-01,2023-12-09,3797.994972215114,2.0
CSV_04588,Phone,Tokyo-04,2023-11-10,17033.90922445064,9.0
CSV_04589,Mouse,Tokyo-04,2023-07-09,145.69409929881726,1.0
CSV_04590,Monitor,Tokyo-04,2023-11-22,633.3159208517316,1.0
CSV_04593,TV,Berlin-03,2023-11-01,528.3835431371426,1.0
CSV_04594,TV,Tokyo-04,2023-08-14,3140.966274543148,2.0
CSV_04595,Mouse,Tokyo-04,2023-07-30,3691.3202614193665,3.0
CSV_04596,Phone,Berlin-03,2023-11-06,5522.15730324937,4.0
CSV_04597,Mouse,Berlin-03,2023-12-15,4406.252962233695,5.0
CSV_04598,Cables,Paris-05,2023-11-20,2866.6248950723098,2.0
CSV_04601,Phone,London-01,2023-11-27,11066.56504498755,8.0
CSV_04602,Phone,NYC-02,2023-11-30,708.346890178279,1.0
CSV_04603,Cables,Berlin-03,2023-09-24,7642.162085879099,4.0
CSV_04604,Phone,London-01,2023-09-17,325.60776175632293,1.0
CSV_04605,Phone,NYC-02,2023-10-02,1531.2633557134322,1.0
CSV_04606,Cables,Tokyo-04,2023-10-10,4121.818653442876,7.0
CSV_04608,Cables,Berlin-03,2023-09-30,6093.20534807572,6.0
CSV_04610,Monitor,London-01,2023-10-18,9649.50035863286,5.0
CSV_04611,Phone,NYC-02,2023-08-14,2305.9149237840065,6.0
CSV_04612,Mouse,London-01,2023-10-21,1467.0959814544108,3.0
CSV_04613,Monitor,Paris-05,2023-12-13,2896.1176460264924,4.0
CSV_04614,Mouse,NYC-02,2023-11-09,859.9976543701109,1.0
CSV_04615,Monitor,Tokyo-04,2023-08-06,3500.2907883656826,2.0
CSV_04616,Keyboard,Paris-05,2023-12-09,11344.724999485863,6.0
CSV_04617,Cables,Berlin-03,2023-08-05,2876.4884381060997,2.0
CSV_04618,Keyboard,Berlin-03,2023-08-07,2245.771035622165,7.0
CSV_04619,Monitor,Berlin-03,2023-09-30,6201.355380508507,6.0
CSV_04620,Laptop,NYC-02,2023-07-31,239.8023231787248,1.0
CSV_04622,Cables,London-01,2023-10-29,8034.179402764337,9.0
CSV_04623,Laptop,NYC-02,2023-10-20,76.96260898084755,8.0
CSV_04625,Phone,Tokyo-04,2023-07-30,5554.418464798212,6.0
CSV_04626,Mouse,Berlin-03,2023-07-14,7215.243910905187,6.0
CSV_04627,Keyboard,NYC-02,2023-10-17,2464.1438370487713,3.0
CSV_04628,Phone,NYC-02,2023-11-23,3506.7299821635534,3.0
CSV_04629,Monitor,Paris-05,2023-11-04,4093.5781858437513,7.0
CSV_04630,Monitor,Berlin-03,2023-10-16,1138.20490217627,2.0
CSV_04631,TV,NYC-02,2023-09-03,3727.6411847208065,4.0
CSV_04634,Cables,Tokyo-04,2023-10-10,6477.458787351783,8.0
CSV_04635,Mouse,London-01,2023-08-10,7283.295223469637,9.0
CSV_04639,Keyboard,London-01,2023-10-29,5866.581130292265,3.0
CSV_04640,TV,NYC-02,2023-08-23,3161.2378619025367,8.0
CSV_04641,Monitor,Berlin-03,2023-08-28,823.2649182754839,9.0
CSV_04642,Phone,NYC-02,2023-07-25,40.030333669320726,1.0
CSV_04646,Phone,NYC-02,2023-11-25,10302.052843352474,6.0
CSV_04648,Phone,Berlin-03,2023-08-28,3635.127463781154,2.0
CSV_04649,TV,Berlin-03,2023-12-09,2652.9297945499648,9.0
CSV_04650,Mouse,NYC-02,2023-12-16,5954.8543840119755,3.0
CSV_04653,Monitor,Tokyo-04,2023-10-26,879.789704256518,1.0
CSV_04656,Keyboard,London-01,2023-07-16,10725.587454224515,6.0
CSV_04658,Mouse,London-01,2023-12-24,1696.869235575356,1.0
CSV_04659,Phone,Berlin-03,2023-11-06,2409.800739226961,3.0
CSV_04660,Keyboard,Paris-05,2023-09-19,662.8273048382757,3.0
CSV_04661,Cables,Paris-05,2023-08-07,3458.95464892989,8.0
CSV_04662,Monitor,Paris-05,2023-09-26,4548.868530146849,8.0
CSV_04664,Cables,Tokyo-04,2023-09-06,15955.774255574375,8.0
CSV_04666,Cables,Tokyo-04,2023-09-25,177.7981775370365,1.0
CSV_04667,Cables,Paris-05,2023-11-13,4160.395042089026,4.0
CSV_04668,Phone,Tokyo-04,2023-07-20,14806.79051474757,8.0
CSV_04671,Phone,Tokyo-04,2023-08-15,632.0133128811007,5.0
CSV_04672,Keyboard,Paris-05,2023-09-29,9200.655975651205,8.0
CSV_04674,Cables,Berlin-03,2023-09-28,3911.956521232744,5.0
CSV_04676,Laptop,NYC-02,2023-10-31,8490.140884521625,5.0
CSV_04677,Monitor,Paris-05,2023-12-08,15073.352385803084,8.0
CSV_04679,Laptop,Berlin-03,2023-10-19,4602.228858597601,3.0
CSV_04680,Cables,Berlin-03,2023-11-14,12312.10266661737,9.0
CSV_04681,Mouse,NYC-02,2023-10-01,1818.064992320591,9.0
CSV_04682,TV,NYC-02,2023-09-02,4848.681097173641,6.0
CSV_04683,Phone,Tokyo-04,2023-10-09,786.2164431110932,6.0
CSV_04686,Cables,Tokyo-04,2023-12-08,6039.90640025214,6.0
CSV_04687,Laptop,London-01,2023-11-19,5022.314894305457,4.0
CSV_04688,Mouse,Tokyo-04,2023-07-02,867.349595574142,3.0
CSV_04689,Phone,Berlin-03,2023-12-21,11135.965834212,6.0
CSV_04692,Laptop,Tokyo-04,2023-09-29,4989.298239456322,5.0
CSV_04693,Monitor,Tokyo-04,2023-11-06,5212.73574729159,3.0
CSV_04694,TV,London-01,2023-11-20,4341.793526924536,4.0
CSV_04695,Phone,Paris-05,2023-09-16,2207.9855302617334,2.0
CSV_04696,Cables,London-01,2023-12-09,1972.1114946837392,2.0
CSV_04697,TV,London-01,2023-12-18,9215.20217305536,5.0
CSV_04698,TV,Berlin-03,2023-10-20,119.62672169802772,5.0
CSV_04701,Cables,Berlin-03,2023-11-28,7120.045522446502,8.0
CSV_04702,TV,NYC-02,2023-07-20,8881.78349844765,7.0
CSV_04703,Cables,Paris-05,2023-09-23,512.1806290206032,8.0
CSV_04706,Keyboard,Paris-05,2023-07-27,2901.796209261753,2.0
CSV_04707,Keyboard,London-01,2023-07-26,13677.06210038429,7.0
CSV_04709,Keyboard,Berlin-03,2023-11-10,755.6403861619015,1.0
CSV_04710,Phone,London-01,2023-08-07,1506.0942326205395,1.0
CSV_04711,TV,Tokyo-04,2023-09-24,4904.181070186052,5.0
CSV_04712,Phone,London-01,2023-08-04,9790.004788802666,8.0
CSV_04714,Phone,London-01,2023-12-20,619.3194742814495,5.0
CSV_04715,Laptop,Tokyo-04,2023-11-30,9925.179925514993,5.0
CSV_04716,Laptop,Paris-05,2023-12-07,1031.970370856503,2.0
CSV_04718,Laptop,Tokyo-04,2023-10-14,3446.2135594336287,2.0
CSV_04719,Monitor,NYC-02,2023-10-18,804.272337619971,2.0
CSV_04720,Monitor,Berlin-03,2023-10-17,15165.330127980458,8.0
CSV_04721,Monitor,Paris-05,2023-10-18,3678.491038028129,2.0
CSV_04722,Mouse,Paris-05,2023-08-12,2617.857338969812,2.0
CSV_04723,TV,Tokyo-04,2023-07-21,3725.459253138123,2.0
CSV_04724,TV,Berlin-03,2023-11-25,4432.8521158268195,5.0
CSV_04725,Laptop,Paris-05,2023-12-13,7155.0891916424225,6.0
CSV_04729,Monitor,London-01,2023-12-09,2108.3075432948594,3.0
CSV_04731,TV,Berlin-03,2023-07-22,3173.778868069856,2.0
CSV_04732,Laptop,Tokyo-04,2023-11-26,1097.8424047534377,3.0
CSV_04734,Mouse,NYC-02,2023-12-07,2204.231164482208,2.0
CSV_04735,TV,Paris-05,2023-08-29,113.31949333651325,1.0
CSV_04736,Cables,Paris-05,2023-10-24,5233.716798723147,6.0
CSV_04737,Laptop,Berlin-03,2023-09-24,2799.434040524805,2.0
CSV_04738,Keyboard,London-01,2023-07-10,8447.967845866948,8.0
CSV_04739,Cables,Berlin-03,2023-07-31,7715.850617077542,6.0
CSV_04741,Cables,Berlin-03,2023-11-22,7281.94034060892,5.0
CSV_04742,Mouse,Tokyo-04,2023-08-22,4386.439195834083,3.0
CSV_04743,Monitor,Paris-05,2023-08-24,4015.8188996898725,8.0
CSV_04744,Mouse,Paris-05,2023-07-05,3902.066848371389,3.0
CSV_04745,TV,Tokyo-04,2023-12-03,2147.5261543371275,2.0
CSV_04747,Phone,Berlin-03,2023-08-31,6629.1455609721015,5.0
CSV_04749,Cables,London-01,2023-09-06,645.0014391077042,5.0
CSV_04751,TV,NYC-02,2023-08-01,1248.3003702070191,3.0
CSV_04752,Monitor,London-01,2023-07-06,3990.4701590220534,9.0
CSV_04753,Mouse,NYC-02,2023-07-13,2626.0096054311707,4.0
CSV_04754,Phone,Tokyo-04,2023-10-19,2619.769399964843,7.0
CSV_04757,Cables,Berlin-03,2023-12-01,3680.8971553804995,3.0
CSV_04758,TV,Paris-05,2023-08-03,275.94359234351253,3.0
CSV_04761,Laptop,Tokyo-04,2023-09-16,16409.04708629011,9.0
CSV_04764,Monitor,Paris-05,2023-09-14,7492.20872733315,5.0
CSV_04765,Laptop,NYC-02,2023-11-14,8259.157376090541,6.0
CSV_04766,Mouse,Paris-05,2023-07-22,386.6698317415522,1.0
CSV_04767,Keyboard,London-01,2023-11-14,1824.6924178934992,4.0
CSV_04768,Laptop,NYC-02,2023-09-02,9537.264273260396,6.0
CSV_04769,Cables,London-01,2023-08-17,598.4093441878865,3.0
CSV_04770,Laptop,Berlin-03,2023-12-05,204.48990980510894,6.0
CSV_04771,Laptop,Berlin-03,2023-11-08,9486.356729028852,6.0
CSV_04772,Keyboard,London-01,2023-07-08,1577.7356961537394,1.0
CSV_04773,Cables,Berlin-03,2023-07-11,428.37194706943615,2.0
CSV_04774,Mouse,Paris-05,2023-09-23,1791.3516224588466,9.0
CSV_04776,Keyboard,Tokyo-04,2023-08-10,1188.03633459192,1.0
CSV_04779,Keyboard,NYC-02,2023-10-22,6594.047799127098,5.0
CSV_04780,Monitor,Paris-05,2023-11-09,6836.29959150853,9.0
CSV_04781,Phone,Paris-05,2023-08-06,5206.876339681496,9.0
CSV_04783,Keyboard,NYC-02,2023-11-06,1406.5048179667197,3.0
CSV_04784,TV,London-01,2023-08-17,2771.5135280171107,2.0
CSV_04785,TV,Tokyo-04,2023-09-12,2472.0830613032554,2.0
CSV_04787,Cables,Berlin-03,2023-07-03,3552.3091465210373,7.0
CSV_04788,Laptop,Paris-05,2023-09-16,15874.413723032336,9.0
CSV_04789,TV,Tokyo-04,2023-07-09,3855.405032435461,5.0
CSV_04791,Phone,Tokyo-04,2023-08-11,1825.389993390031,1.0
CSV_04793,Monitor,London-01,2023-11-01,7178.986332673387,7.0
CSV_04794,Laptop,Paris-05,2023-09-24,88.47581328808155,8.0
CSV_04796,Monitor,Paris-05,2023-11-19,11773.9293897153,7.0
CSV_04797,Mouse,London-01,2023-10-02,11826.522709111625,6.0
CSV_04798,TV,NYC-02,2023-08-10,1700.0204017211063,8.0
CSV_04799,Laptop,Tokyo-04,2023-11-29,5368.465656053839,9.0
CSV_04800,Monitor,Paris-05,2023-08-02,4887.134012202729,5.0
CSV_04802,Keyboard,Paris-05,2023-12-10,16251.983609252256,9.0
CSV_04803,Mouse,Tokyo-04,2023-07-13,9879.03590564995,9.0
CSV_04808,TV,London-01,2023-12-03,9084.30257096791,7.0
CSV_04809,Mouse,Berlin-03,2023-10-30,588.7222388463967,1.0
CSV_04810,Keyboard,Tokyo-04,2023-10-01,3820.901804948611,7.0
CSV_04812,Keyboard,Paris-05,2023-10-05,7892.503934649118,7.0
CSV_04813,Mouse,London-01,2023-12-23,9659.372018535683,5.0
CSV_04814,Cables,London-01,2023-08-21,10659.948955538212,7.0
CSV_04815,Monitor,Paris-05,2023-07-19,2219.2749982197884,3.0
CSV_04816,Monitor,Tokyo-04,2023-09-01,3728.013959007678,2.0
CSV_04817,Phone,NYC-02,2023-09-26,5836.718392125161,3.0
CSV_04818,TV,London-01,2023-10-15,11104.94639497653,8.0
CSV_04819,TV,Tokyo-04,2023-10-23,8236.95253915519,7.0
CSV_04820,Monitor,NYC-02,2023-11-30,4744.823213121686,6.0
CSV_04821,Laptop,Tokyo-04,2023-11-14,1942.9640755681048,2.0
CSV_04822,TV,Paris-05,2023-07-28,5374.988416585838,7.0
CSV_04823,Phone,Paris-05,2023-12-20,11747.994641576168,6.0
CSV_04825,Keyboard,NYC-02,2023-08-26,7291.103068769849,6.0
CSV_04826,Mouse,Berlin-03,2023-08-23,6090.719748590096,9.0
CSV_04827,Monitor,NYC-02,2023-09-21,2805.5508604522406,7.0
CSV_04828,Phone,NYC-02,2023-08-03,11284.564103598903,6.0
CSV_04829,Laptop,London-01,2023-11-08,3513.3218595085145,4.0
CSV_04830,Mouse,Tokyo-04,2023-12-08,1604.418866356151,3.0
CSV_04831,Phone,NYC-02,2023-12-10,6570.781634335961,6.0
CSV_04833,Laptop,NYC-02,2023-08-16,486.36876121217495,1.0
CSV_04834,Mouse,NYC-02,2023-12-03,3651.006226596387,3.0
CSV_04835,Cables,London-01,2023-08-27,4099.226714037416,4.0
CSV_04836,Keyboard,Paris-05,2023-09-14,840.2876349892105,3.0
CSV_04837,Cables,London-01,2023-09-14,658.4663735626257,1.0
CSV_04838,Cables,Tokyo-04,2023-11-13,2495.8936547338794,6.0
CSV_04839,Cables,Paris-05,2023-10-19,2091.9795573717042,4.0
CSV_04840,Cables,London-01,2023-08-10,885.8711274804106,2.0
CSV_04841,Monitor,Paris-05,2023-10-12,872.0166659903668,5.0
CSV_04842,Monitor,Tokyo-04,2023-12-04,3416.5943685583825,2.0
CSV_04844,Phone,London-01,2023-08-24,1018.7556829501204,7.0
CSV_04845,TV,Berlin-03,2023-11-30,1537.072896739066,8.0
CSV_04847,TV,London-01,2023-09-28,6543.59808716238,9.0
CSV_04848,Cables,NYC-02,2023-11-08,9202.827907587267,6.0
CSV_04849,TV,NYC-02,2023-11-30,8533.53521677948,5.0
CSV_04850,Keyboard,Berlin-03,2023-09-28,352.8243141309788,1.0
CSV_04851,Mouse,Berlin-03,2023-07-01,8935.185061465956,7.0
CSV_04852,Mouse,NYC-02,2023-10-09,1002.0354721836898,2.0
CSV_04853,TV,Paris-05,2023-08-15,3853.775865836966,3.0
CSV_04854,TV,Tokyo-04,2023-09-29,4191.820435676793,4.0
CSV_04855,Cables,NYC-02,2023-08-18,2180.757039711731,2.0
CSV_04856,Phone,Tokyo-04,2023-12-26,8067.3021650342125,7.0
CSV_04857,Cables,Berlin-03,2023-11-04,1205.73475393425,2.0
CSV_04859,Laptop,Tokyo-04,2023-07-16,1949.8447529691816,4.0
CSV_04860,Phone,Tokyo-04,2023-12-01,7352.69445916416,4.0
CSV_04861,Mouse,Berlin-03,2023-11-24,230.78658348036663,3.0
CSV_04863,Mouse,London-01,2023-12-18,3422.836091936132,6.0
CSV_04864,Monitor,London-01,2023-12-04,9555.855998622092,7.0
CSV_04865,Mouse,Paris-05,2023-08-12,2902.392896407648,8.0
CSV_04866,Monitor,Paris-05,2023-07-19,4924.811342298775,4.0
CSV_04867,Monitor,Tokyo-04,2023-09-13,10846.78783826772,8.0
CSV_04869,Mouse,Paris-05,2023-08-13,4481.710106218262,5.0
CSV_04870,Laptop,Tokyo-04,2023-10-20,4248.432109337034,4.0
CSV_04871,Keyboard,NYC-02,2023-10-10,2984.5995894536054,5.0
CSV_04872,TV,London-01,2023-09-29,4654.342672791221,5.0
CSV_04873,Laptop,Berlin-03,2023-11-01,110.14435268541058,9.0
CSV_04874,TV,NYC-02,2023-12-02,1549.3458275454739,7.0
CSV_04875,Laptop,Paris-05,2023-12-25,7948.1260597447235,4.0
CSV_04876,Laptop,Tokyo-04,2023-07-25,14277.184098229556,9.0
CSV_04877,Monitor,Paris-05,2023-09-05,952.1000012096296,1.0
CSV_04879,Keyboard,NYC-02,2023-12-16,984.222818935785,6.0
CSV_04880,Laptop,Paris-05,2023-12-18,5090.894841285111,5.0
CSV_04881,Monitor,Tokyo-04,2023-08-07,9377.688591970793,7.0
CSV_04883,Phone,Berlin-03,2023-11-29,3561.667583753647,5.0
CSV_04885,Monitor,NYC-02,2023-08-02,798.0045093475627,5.0
CSV_04888,Keyboard,Berlin-03,2023-10-24,2587.228610374692,3.0
CSV_04889,Keyboard,Tokyo-04,2023-11-22,14454.09963056143,9.0
CSV_04890,Phone,London-01,2023-10-12,1504.940752098944,4.0
CSV_04891,TV,Paris-05,2023-08-02,7937.24956037271,4.0
CSV_04892,TV,Tokyo-04,2023-07-27,9008.075439731192,5.0
CSV_04893,Laptop,Paris-05,2023-10-08,127.47110699274685,2.0
CSV_04895,TV,Berlin-03,2023-10-07,7272.425218381878,7.0
CSV_04896,Mouse,Tokyo-04,2023-09-28,3490.068746898807,4.0
CSV_04898,Cables,London-01,2023-09-26,2362.9965615742776,5.0
CSV_04899,Mouse,Tokyo-04,2023-10-15,8553.099351730652,6.0
CSV_04900,Monitor,London-01,2023-09-24,2364.218770553316,8.0
CSV_04901,Cables,Tokyo-04,2023-08-20,939.2652136453668,1.0
CSV_04902,Monitor,London-01,2023-07-14,3427.944962623077,5.0
CSV_04904,Mouse,NYC-02,2023-07-11,1978.7204160721828,9.0
CSV_04905,Monitor,NYC-02,2023-07-30,5676.100964121524,7.0
CSV_04907,Cables,Tokyo-04,2023-12-11,5597.8179404706425,4.0
CSV_04908,Cables,Paris-05,2023-11-15,1008.2630872584355,5.0
CSV_04909,Monitor,Berlin-03,2023-10-19,9226.839120386716,6.0
CSV_04910,Cables,Berlin-03,2023-09-05,10957.606570418562,6.0
CSV_04912,Phone,NYC-02,2023-09-19,11523.74701284284,9.0
CSV_04913,Monitor,Tokyo-04,2023-07-28,3026.961714350713,2.0
CSV_04914,Monitor,London-01,2023-10-18,3900.4017674976444,5.0
CSV_04915,Laptop,Tokyo-04,2023-09-08,697.1038633130925,2.0
CSV_04916,Monitor,NYC-02,2023-08-21,457.0933294019417,2.0
CSV_04917,Laptop,NYC-02,2023-10-11,6867.881240942942,5.0
CSV_04918,Monitor,Berlin-03,2023-07-23,4046.515728697368,3.0
CSV_04919,Phone,London-01,2023-09-21,4246.108588882343,5.0
CSV_04920,Laptop,NYC-02,2023-08-10,7191.612820162643,8.0
CSV_04923,Monitor,London-01,2023-11-12,4664.978295964022,3.0
CSV_04924,Keyboard,London-01,2023-08-04,7829.020761679808,4.0
CSV_04925,Phone,London-01,2023-09-02,13887.835453065329,7.0
CSV_04926,Cables,London-01,2023-09-02,6907.925040405011,4.0
CSV_04927,Monitor,Tokyo-04,2023-07-05,13313.501972333459,9.0
CSV_04929,TV,London-01,2023-12-20,6473.539441259576,8.0
CSV_04930,Keyboard,Berlin-03,2023-11-05,8436.257346396796,9.0
CSV_04931,Laptop,NYC-02,2023-09-12,1064.5791513603326,3.0
CSV_04932,Laptop,Paris-05,2023-11-04,1721.0678000167568,1.0
CSV_04935,Laptop,Tokyo-04,2023-07-12,11374.586475982785,9.0
CSV_04936,Phone,London-01,2023-09-12,2653.1530405343383,2.0
CSV_04937,Laptop,Berlin-03,2023-07-17,1381.7603611974098,1.0
CSV_04938,Keyboard,Berlin-03,2023-10-29,10680.863471620833,9.0
CSV_04939,TV,Paris-05,2023-08-20,5579.266949610028,8.0
CSV_04940,Keyboard,London-01,2023-10-27,1303.6574250478457,1.0
CSV_04942,Monitor,Tokyo-04,2023-08-10,2597.063872482413,3.0
CSV_04943,Monitor,Tokyo-04,2023-07-02,277.5891474099849,2.0
CSV_04944,Mouse,London-01,2023-07-18,5569.746825566199,8.0
CSV_04945,Phone,NYC-02,2023-11-16,1865.25693465806,5.0
CSV_04946,Mouse,NYC-02,2023-08-26,1465.1268981874507,1.0
CSV_04947,Monitor,Tokyo-04,2023-12-15,4357.245956860519,8.0
CSV_04948,TV,Tokyo-04,2023-10-03,2293.2592792826376,2.0
CSV_04949,Cables,Paris-05,2023-09-25,796.47571007688,1.0
CSV_04950,Keyboard,NYC-02,2023-12-15,10888.030363301546,6.0
CSV_04951,Cables,Tokyo-04,2023-10-27,7267.164147696632,8.0
CSV_04952,Cables,London-01,2023-12-26,4946.653280402964,5.0
CSV_04953,Laptop,London-01,2023-07-05,4999.595484612615,6.0
CSV_04954,TV,NYC-02,2023-07-28,4986.069135363059,6.0
CSV_04956,Keyboard,London-01,2023-08-12,377.7175718041449,9.0
CSV_04957,Laptop,NYC-02,2023-07-03,3619.391657117516,3.0
CSV_04958,Keyboard,Paris-05,2023-09-12,5905.2150989203255,4.0
CSV_04960,Laptop,London-01,2023-10-16,3589.6295110730553,4.0
CSV_04961,Laptop,Berlin-03,2023-08-29,9990.678176367433,9.0
CSV_04962,Mouse,Berlin-03,2023-08-23,9012.937028366272,6.0
CSV_04963,Mouse,NYC-02,2023-10-19,8149.762970650472,9.0
CSV_04964,Phone,NYC-02,2023-07-19,384.4256172009536,4.0
CSV_04965,Mouse,London-01,2023-07-27,11260.86460536579,6.0
CSV_04966,Keyboard,London-01,2023-12-21,816.6587140894504,2.0
CSV_04967,Keyboard,Tokyo-04,2023-09-16,692.7132379069303,1.0
CSV_04969,Keyboard,NYC-02,2023-09-09,4483.487147149299,3.0
CSV_04971,Keyboard,Berlin-03,2023-10-05,4711.61311652622,6.0
CSV_04972,Keyboard,Tokyo-04,2023-07-31,3626.7604324252034,2.0
CSV_04973,Monitor,Berlin-03,2023-09-29,3784.0718739934055,8.0
CSV_04974,Phone,Paris-05,2023-11-19,1084.9987458884884,1.0
CSV_04976,Phone,Paris-05,2023-07-07,1403.099579344269,1.0
CSV_04977,Mouse,Berlin-03,2023-07-19,10859.380832683226,8.0
CSV_04979,Laptop,London-01,2023-12-04,1831.9011396159756,1.0
CSV_04980,Cables,Paris-05,2023-07-15,17294.789073866927,9.0
CSV_04981,Phone,NYC-02,2023-09-17,3600.694520865486,4.0
CSV_04982,Phone,Berlin-03,2023-07-14,5584.35215602103,3.0
CSV_04983,TV,London-01,2023-07-12,1407.7631460411822,9.0
CSV_04984,Laptop,Berlin-03,2023-12-10,844.1581290251589,3.0
CSV_04985,Mouse,NYC-02,2023-09-05,9157.761334627101,5.0
CSV_04986,Laptop,Paris-05,2023-10-03,8312.289521922317,9.0
CSV_04989,TV,London-01,2023-09-18,11765.528842299367,8.0
CSV_04991,Keyboard,Tokyo-04,2023-11-14,9494.541572928743,9.0
CSV_04993,Cables,Tokyo-04,2023-08-29,457.89524739543856,3.0
CSV_04994,Phone,Berlin-03,2023-07-22,1299.28415027634,1.0
CSV_04995,Mouse,NYC-02,2023-07-05,4796.5292429094825,8.0
CSV_04997,Cables,Berlin-03,2023-09-26,7425.314329791434,6.0
CSV_04998,Laptop,Berlin-03,2023-11-26,10883.30748395936,6.0
CSV_04999,Cables,Paris-05,2023-09-21,13810.499500926497,9.0
